timestamp,open,high,low,close,volume
1760095200,0.00032141141049394983,0.0003415733718917931,0.00020754352367154493,0.00031171181260090063,236999554.73890173
1760095500,0.00031171181260090063,0.0005144628737931574,0.00029092021674125126,0.0004971355223237193,124546100.03697847
1760095800,0.0004971355223237193,0.001378125762935698,0.0004928248974276487,0.0005378309257308571,638046807.2358875
1760096100,0.0005378309257308571,0.0006657499653075698,0.00041436391164950415,0.0005311859109965271,397293080.5785451
1760096400,0.0005311859109965271,0.0005632127890027161,0.00026231242729772444,0.00038685523239726747,289640669.1533073
1760096700,0.00038685523239726747,0.00040520899202093496,0.00013092731336320472,0.00021467979982031318,503571434.61236286
1760097000,0.00021467979982031318,0.00024416953896270717,0.0001564666813460454,0.00018433145059937634,252384833.37433752
1760097300,0.00018433145059937634,0.00020373473766869494,0.00011779587766877454,0.00012785716673429883,343523918.02586436
1760097600,0.00012785716673429883,0.00017451981666310556,0.00012154332461725709,0.00013177720127607203,194802291.2945248
1760097900,0.00013177720127607203,0.0001884370612486642,0.0001296653431757519,0.00018228367535760926,214352298.05907375
1760098200,0.00018228367535760926,0.00020333284728230893,0.00017956926097867089,0.00020133142184827234,76381355.46977724
1760098500,0.00020133142184827234,0.00020133142184827234,0.00009591056593617502,0.00010197935908838959,273818509.6623131
1760098800,0.00010197935908838959,0.00010254775191576056,0.00006633169599401235,0.0000845464113665353,313474307.09192485
1760099100,0.0000845464113665353,0.0000845464113665353,0.00007027708549425811,0.000073496067734327,81399186.74962166
1760099400,0.000073496067734327,0.00008558778374899723,0.0000724737032356717,0.00008507246591507069,49822581.26280419
1760099700,0.00008507246591507069,0.00009530249582488782,0.00008507246591507069,0.00008591336295079178,93046548.42048267
1760100000,0.00008591336295079178,0.00008695583231014775,0.00006210667135997055,0.00006724008614309457,91484667.93579672
1760100300,0.00006724008614309457,0.00007737818511654405,0.00006651626080127487,0.0000720454353437795,72190906.67008966
1760100600,0.0000720454353437795,0.0000807379588110011,0.00007159860437568268,0.00007462163554005715,48014127.502816625
1760100900,0.00007462163554005715,0.00007463722404692272,0.00006694343293977377,0.00007020976667070315,35063701.19667573
1760101200,0.00007020976667070315,0.00007020976667070315,0.00006611418602698938,0.00006736561708020135,28273288.78884592
1760101500,0.00006736561708020135,0.00006896730506911822,0.00006736561708020135,0.00006896730506911822,3579422.4259346267
1760101800,0.00006896730506911822,0.00007051933088250532,0.00006896730506911822,0.00007045657030563355,4100934.49242844
1760102100,0.00007045657030563355,0.00007144437316837817,0.00005337761726472187,0.00005337761726472187,66128087.27938
1760102400,0.00005337761726472187,0.00005458506324999584,0.00004836911932458469,0.000051975600491759795,72500644.18882112
1760102700,0.000051975600491759795,0.000054074578562804034,0.00004749881811256263,0.00005335222453606021,61394414.9015054
1760103000,0.00005335222453606021,0.00006644907769250513,0.00005314450728082677,0.00006448952550824357,83010064.30932352
1760103300,0.00006448952550824357,0.00006448952550824357,0.00005348543268722057,0.00005348543268722057,62371736.14197498
1760103600,0.00005348543268722057,0.000055341523816778186,0.000052851357183188435,0.000055341523816778186,16459934.737267762
1760103900,0.000055341523816778186,0.00005807807178003924,0.000055341523816778186,0.00005807807178003924,6411819.199756825
1760104200,0.00005807807178003924,0.00005823837693826423,0.00005777970966893766,0.00005823837693826423,887484.8302943993
1760104500,0.00005823837693826423,0.00005823837693826423,0.000056480648106144064,0.000056480648106144064,4419762.2495827675
1760104800,0.000056480648106144064,0.000056480648106144064,0.00005348841848355504,0.00005348841848355504,12340692.657323651
1760105100,0.00005348841848355504,0.00005542693697573408,0.00004745007039078179,0.00004745007039078179,37202871.42138956
1760105400,0.00004745007039078179,0.000047555420811962704,0.00004703772185083785,0.00004703772185083785,4075607.0341030406
1760105700,0.00004703772185083785,0.00005477479336431464,0.00004703772185083785,0.00005477479336431464,33865400.02129768
1760106000,0.00005477479336431464,0.00007794372301978137,0.00005477479336431464,0.0000704776094140016,135065431.1808298
1760106300,0.0000704776094140016,0.00008519388203349943,0.0000704776094140016,0.0000845747187945841,49172625.59755627
1760106600,0.0000845747187945841,0.00008507479260553027,0.000061001007519381176,0.000061001007519381176,70463410.69217794
1760106900,0.000061001007519381176,0.00006541273007098373,0.00006071856466677228,0.00006541273007098373,15303308.341414465
1760107200,0.00006541273007098373,0.00006592995213912088,0.00006452920017172482,0.00006463519903434945,6163715.047357187
1760107500,0.00006463519903434945,0.00006463519903434945,0.00005826954577323334,0.00006463472614707105,47496037.594102114
1760107800,0.00006463472614707105,0.00007752665429107457,0.00006382841811315784,0.00007752665429107457,36452377.62650901
1760108100,0.00007752665429107457,0.0000892038210515361,0.00007752665429107457,0.00008547859936917208,40074171.295836434
1760108400,0.00008547859936917208,0.00008618801066224634,0.00007270461726712,0.00007270461726712,35446578.56573327
1760108700,0.00007270461726712,0.00007336984742130803,0.00007140562809841335,0.00007140562809841335,6085136.814664978
1760109000,0.00007140562809841335,0.0000714370250068886,0.00006693682439393727,0.00006693682439393727,11643876.910195483
1760109300,0.00006693682439393727,0.00007022526128125259,0.00006274766174830807,0.00007022526128125259,30980522.230914086
1760109600,0.00007022526128125259,0.00007022526128125259,0.0000690089688528132,0.00006911857858696664,2692634.248282867
1760109900,0.00006911857858696664,0.00007074782620495548,0.00006850854131996754,0.00007074782620495548,5576096.217427761
1760110200,0.00007074782620495548,0.00007074782620495548,0.00006140867797000063,0.00006140867797000063,22797009.028944355
1760110500,0.00006140867797000063,0.00007492185818189909,0.00006074630585477409,0.00006764201504439867,58457413.11266038
1760110800,0.00006764201504439867,0.00006764201504439867,0.0000666823402632802,0.0000666823402632802,4005687.009443083
1760111100,0.0000666823402632802,0.0000666823402632802,0.0000660882031026573,0.000066396468448875,1967991.3350320868
1760111400,0.000066396468448875,0.00007464886666914766,0.000066396468448875,0.00007464886666914766,20165026.358561527
1760111700,0.00007464886666914766,0.00008637492393234336,0.00007464886666914766,0.00007993331816249382,51324423.44199587
1760112000,0.00007993331816249382,0.00008683163564308478,0.00007993331816249382,0.00008541961699381158,20664187.135484528
1760112300,0.00008541961699381158,0.00009698981683341264,0.00008519244993490272,0.00009698981683341264,31345744.81361559
1760112600,0.00009698981683341264,0.00021101616237932829,0.00009660095049829427,0.0001447135928104899,181960033.6075548
1760112900,0.0001447135928104899,0.00014820509651930562,0.00012185572194132526,0.00014457033477235465,86786866.86920686
1760113200,0.00014457033477235465,0.00014866811600303733,0.00010509540123215809,0.00010509540123215809,50708838.20554576
1760113500,0.00010509540123215809,0.00010509540123215809,0.00009911431808513295,0.00009911431808513295,10723600.613938801
1760113800,0.00009911431808513295,0.00009911431808513295,0.00009736942815594623,0.00009872159248531976,1860568.2770712455
1760114100,0.00009872159248531976,0.00009896193193315512,0.00008598561375613183,0.00008719172213729544,27343012.608940452
1760114400,0.00008719172213729544,0.00008719172213729544,0.00007376559638918617,0.00007379317031710912,26614752.131002255
1760114700,0.00007379317031710912,0.00007655962417463741,0.00007379317031710912,0.00007640970555687948,7822015.528387356
1760115000,0.00007640970555687948,0.00007671248079632202,0.00007186244924453572,0.00007186244924453572,12516075.140603907
1760115300,0.00007186244924453572,0.00007186244924453572,0.00007034708222037371,0.00007034708222037371,4727168.360970186
1760115600,0.00007034708222037371,0.0000710034198785112,0.00007034708222037371,0.0000706561902936123,1046135.5507939389
1760115900,0.0000706561902936123,0.0000706648021792161,0.0000706561902936123,0.0000706648021792161,185596.66222607825
1760116200,0.0000706648021792161,0.000070816738012067,0.0000702800273756546,0.0000702800273756546,1422186.5688017127
1760116500,0.0000702800273756546,0.00007070876873862751,0.00006990260514136456,0.00007056554897615974,4719417.220792882
1760119200,0.00005475426303573075,0.00008293731007680688,0.00005475426303573075,0.00008078267039849893,150506341.58092868
1760122800,0.00008078267039849893,0.00010864314925041297,0.00007363808294137434,0.00009731232649219186,94671446.21877475
1760126400,0.00009731232649219186,0.00012020837385737202,0.00007583629150899786,0.00007583629150899786,100818429.27033065
1760130000,0.00007583629150899786,0.00007766874221948878,0.00006444350870400544,0.00006861473496214876,31342861.013287995
1760133600,0.00006861473496214876,0.00009275371072698776,0.00006601051238542584,0.00009179653891435517,64199056.41520172
1760137200,0.00009179653891435517,0.00009179653891435517,0.00006352548822321043,0.00006352548822321043,69902359.03048964
1760140800,0.00006352548822321043,0.00006352548822321043,0.0000465467368275937,0.00005096038401270232,66843194.84416191
1760144400,0.00005096038401270232,0.00005725985484222299,0.000049487235453619223,0.00005087511688210463,61235339.39036907
1760148000,0.00005087511688210463,0.00005302466898889064,0.00004839867900131692,0.000052423632700600614,21572553.94060657
1760151600,0.000052423632700600614,0.000052423632700600614,0.000044294250949246483,0.00004654603525966205,43403308.36237318
1760155200,0.00004654603525966205,0.00004654603525966205,0.000044441591383590566,0.000044643782900654516,38606628.61978024
1760158800,0.000044643782900654516,0.000044643782900654516,0.000043480432598911646,0.000043480432598911646,3138694.7870805357
1760162400,0.000043480432598911646,0.000043480432598911646,0.00003965227458724115,0.00003965227458724115,18813703.933314346
1760166000,0.00003965227458724115,0.00003965227458724115,0.00003866484505628251,0.00003911961839598502,9317782.62344525
1760169600,0.00003911961839598502,0.00003911961839598502,0.00003811717449162949,0.00003832774045472486,5087946.004498977
1760173200,0.00003832774045472486,0.000045521211548632914,0.00003832774045472486,0.000045374775541376104,45755917.459437594
1760176800,0.000045374775541376104,0.000045374775541376104,0.00004273103031610809,0.00004273103031610809,14234205.849784989
1760180400,0.00004273103031610809,0.00004273103031610809,0.00003848472633067956,0.00003848472633067956,22959427.256297484
1760184000,0.00003848472633067956,0.000039786063897537125,0.00003848472633067956,0.00003931460950538399,8967516.550898148
1760187600,0.00003931460950538399,0.00003931460950538399,0.000036453395572569036,0.000036453395572569036,20889941.060638227
1760191200,0.000036453395572569036,0.000036453395572569036,0.00003486099012633782,0.00003486099012633782,13627080.697447501
1760194800,0.00003486099012633782,0.00003529229695834517,0.00003486099012633782,0.00003529229695834517,8500342.54808504
1760198400,0.00003529229695834517,0.00003529229695834517,0.00003462379578322446,0.00003462379578322446,7035913.911560629
1760202000,0.00003462379578322446,0.0000457074462302932,0.00003462379578322446,0.00004444466030829872,83788982.78392811
1760205600,0.00004444466030829872,0.000044680443020330726,0.000040536737466522676,0.00004054540340585511,27049571.40090416
1760209200,0.00004054540340585511,0.00005164379700909781,0.00003999563814764471,0.000051205728646538195,61489271.24854233
1760212800,0.000051205728646538195,0.000057749183466699493,0.000049605783879764556,0.000049605783879764556,64994290.32045275
1760216400,0.000049605783879764556,0.000049605783879764556,0.0000480232841169435,0.000049234458504674755,9967035.535862599
1760220000,0.000049234458504674755,0.000049234458504674755,0.00004786436607589904,0.00004786436607589904,5664362.457399432
1760223600,0.00004786436607589904,0.00004800318928631393,0.00004682312663149085,0.00004682312663149085,12357105.845367745
1760227200,0.00004682312663149085,0.00004682312663149085,0.000041153942779766064,0.000041153942779766064,24018987.64116578
1760230800,0.000041153942779766064,0.000057794019192880076,0.000041153942779766064,0.00005731396283198302,66604127.04729051
1760234400,0.00005731396283198302,0.00008512001109457399,0.00005731396283198302,0.00007186871810943918,148268757.29307655
1760238000,0.00007186871810943918,0.0002276584730596837,0.00007186871810943918,0.0001016214163230146,993942141.480946
1760241600,0.0001016214163230146,0.0001425271026020502,0.00008912586750613316,0.0001338304689958755,242473176.2299576
1760245200,0.0001338304689958755,0.0001338304689958755,0.0001042690087287881,0.00011329143955900655,60553919.06741905
1760248800,0.00011329143955900655,0.00014061603762193225,0.00011148269206623318,0.0001250573090568302,57406270.26478373
1760252400,0.0001250573090568302,0.0001250573090568302,0.0000961433837936223,0.00010344437761035387,59310457.71898272
1760256000,0.00010344437761035387,0.00010344437761035387,0.00007929106129737589,0.00007929106129737589,51942533.94626538
1760259600,0.00007929106129737589,0.00007929106129737589,0.00007554069830843558,0.00007676688136382177,20966448.49513608
1760263200,0.00007676688136382177,0.0006109537604844514,0.00007676688136382177,0.0001936621589230587,2165674765.5040607
1760266800,0.0001936621589230587,0.00022219119253852196,0.00014305834314077195,0.00019014889253750485,196876084.61871785
1760270400,0.00019014889253750485,0.00020157509364893058,0.00016058793341205505,0.00016058793341205505,104021185.07787584
1760274000,0.00016058793341205505,0.00022275638726361262,0.00015046692260378385,0.00016294070000292716,138512815.06994015
1760277600,0.00016294070000292716,0.00018029142892040105,0.00015000168686284278,0.0001689629043579195,83188284.1459809
1760281200,0.0001689629043579195,0.00017104789583176992,0.00012719044719522205,0.00012765203756711063,82566049.28555046
1760284800,0.00012765203756711063,0.00012847610000413798,0.00011138570949030512,0.00012847610000413798,48662750.59309481
1760288400,0.00012847610000413798,0.00014523336222723032,0.00012847610000413798,0.00014474537559372132,48110111.865591824
1760292000,0.00014474537559372132,0.00016645650277176383,0.00014474537559372132,0.0001593306908821542,38073082.08058424
1760295600,0.0001593306908821542,0.0001917451193294891,0.0001591899838229835,0.00018929238053315105,53361917.07172809
1760299200,0.00018929238053315105,0.00019015169367627026,0.0001246838620948156,0.000130973867123231,77793650.1221087
1760302800,0.000130973867123231,0.00013658177966463975,0.0001233041881015823,0.00013630266500022883,33628101.02345571
1760306400,0.00013630266500022883,0.00013659161830817577,0.00012141067442925958,0.00012141067442925958,22115979.0064334
1760310000,0.00012141067442925958,0.0001214770998459886,0.00008961234960414507,0.00009150623494780369,67558312.17665099
1760313600,0.00009150623494780369,0.00009322701290439724,0.00008702357430399983,0.00008962594155474285,19794192.669988614
1760317200,0.00008962594155474285,0.00009215136159212356,0.00008962594155474285,0.00009139587476635427,11298911.446740398
1760320800,0.00009139587476635427,0.00009181004003436777,0.00008288203714506912,0.00008288203714506912,21173908.639195606
1760324400,0.00008288203714506912,0.00010604581565720215,0.000077648785617836,0.00009613593183206901,126031245.38262449
1760328000,0.00009613593183206901,0.00013678030910084524,0.00008957038318728839,0.00012608465112050725,194281358.2910291
1760331600,0.00012608465112050725,0.0001262599749523012,0.00009581955827612205,0.0000969663124607324,52568573.87851513
1760335200,0.0000969663124607324,0.00013545346354456293,0.0000969663124607324,0.00013545346354456293,72953131.99015811
1760338800,0.00013545346354456293,0.00014449819318583624,0.00011944488119474997,0.00011944488119474997,38361110.501214094
1760342400,0.00011944488119474997,0.00022597517543054577,0.00011944488119474997,0.00016755672914817673,201286594.74334735
1760346000,0.00016755672914817673,0.00016865081133898003,0.00012689431356300074,0.0001384038332990959,61718174.31648823
1760349600,0.0001384038332990959,0.0001637819863789337,0.00013289091881912529,0.00016148038536294076,72820286.18260947
1760353200,0.00016148038536294076,0.00016799055266268373,0.000137954863877899,0.00013907979676578555,82197951.0868694
1760356800,0.00013907979676578555,0.00015429359176946986,0.00013907979676578555,0.00014015864473378002,43617731.02373313
1760360400,0.00014015864473378002,0.0002730226637395075,0.00013077107550248131,0.00023716629911037387,324520581.5127609
1760364000,0.00023716629911037387,0.000405896600270837,0.00023682459045826074,0.00029538665379266277,321029646.67071533
1760367600,0.00029538665379266277,0.00032019780293817367,0.00018493519780010334,0.00019795881054608587,137495061.9999088
1760371200,0.00019795881054608587,0.00019948805279486738,0.00015796799334019673,0.0001672987973277005,78029319.54220441
1760374800,0.0001672987973277005,0.0001672987973277005,0.00012414408653857795,0.00015482446612899813,90219454.02991368
1760378400,0.00015482446612899813,0.00016008271662554672,0.00014979017796009345,0.0001498623594981001,12853756.53349325
1760382000,0.0001498623594981001,0.0001973194723542082,0.00014896454919944188,0.00017945276783804865,65913991.52367222
1760385600,0.00017945276783804865,0.0001803742247046514,0.00013514400454864533,0.00013750532500115867,46771337.49831426
1760389200,0.00013750532500115867,0.00013846460065680894,0.00013688373634038382,0.0001372207112644173,2380086.954511359
1760392800,0.0001372207112644173,0.00014270049061766393,0.00013254570009961885,0.00013398083688738149,16829918.957496952
1760396400,0.00013398083688738149,0.00013783720737586063,0.00012969969700770063,0.0001367628020390146,25109911.65970223
1760400000,0.0001367628020390146,0.00017730349293244418,0.0001367628020390146,0.0001719322443833241,34536827.23337139
1760403600,0.0001719322443833241,0.0001719322443833241,0.0001607920966012111,0.00016175116720678405,6684239.920041464
1760407200,0.00016175116720678405,0.00034520975355770264,0.00016175116720678405,0.00027708793691272776,209296063.55811587
1760410800,0.00027708793691272776,0.00039439080440760254,0.0002574870207598719,0.0002574870207598719,126352157.39979896
1760414400,0.0002574870207598719,0.0003114423347610408,0.00023733404758334087,0.00024161113191600218,118313909.69487453
1760418000,0.00024161113191600218,0.00035973851392149744,0.00023655519838178143,0.0002799688541486341,89984926.12907003
1760421600,0.0002799688541486341,0.00028640266906024633,0.00022189483044655954,0.00023689886639290838,51224779.52099581
1760425200,0.00023689886639290838,0.00024116641750324719,0.00021224164838843631,0.0002289383383604828,28801920.32705823
1760428800,0.0002289383383604828,0.0003000701896232701,0.00022884879999884232,0.00028047825071378043,43649309.04639571
1760432400,0.00028047825071378043,0.0003045745702328254,0.00028047825071378043,0.0002841284541565748,18180556.61005681
1760436000,0.0002841284541565748,0.0002841284541565748,0.0002497273166544271,0.00027778793535230043,26938241.689349342
1760439600,0.00027778793535230043,0.00028234624984034443,0.0002764877516915061,0.0002764877516915061,7220449.739212129
1760443200,0.0002764877516915061,0.0002764877516915061,0.00019424999519481118,0.00020964529455104946,91592955.87169303
1760446800,0.00020964529455104946,0.00024262581588644142,0.0001943535485819819,0.0002398399967645802,46414360.70087136
1760450400,0.0002398399967645802,0.0003628370248630252,0.00022064711264115801,0.00028971249483921325,180301334.60502633
1760454000,0.00028971249483921325,0.00028971249483921325,0.00023897054273077403,0.0002390357609251898,63600216.12831099
1760457600,0.0002390357609251898,0.00024676480025427133,0.0002261736195175592,0.00023033583867424076,28658769.50394503
1760461200,0.00023033583867424076,0.00023067332126340225,0.00021380153907748226,0.00023067332126340225,19643735.955611978
1760464800,0.00023067332126340225,0.0002322579123438502,0.00021510547265803,0.00021510547265803,9340854.68966127
1760468400,0.00021510547265803,0.00021605292250361028,0.00020133131826795308,0.00020197867016578862,6920316.688083785
1760472000,0.00020197867016578862,0.0002082808418427131,0.0002003144796554229,0.00020797846465213805,10628557.22335893
1760475600,0.00020797846465213805,0.00025488673421235813,0.00020222439305890048,0.00020427576332175353,51103314.79572392
1760479200,0.00020427576332175353,0.00020727720178594558,0.00020427576332175353,0.0002065270236881226,2209788.524922144
1760482800,0.0002065270236881226,0.0002233185767444042,0.0002065270236881226,0.000218983575127458,10911859.27126718
1760486400,0.000218983575127458,0.00024676225638342776,0.000218983575127458,0.0002461448875027762,14863845.828805534
1760490000,0.0002461448875027762,0.000257200015643143,0.0002461448875027762,0.00025247282194240547,11572413.874744017
1760493600,0.00025247282194240547,0.0002553693440468548,0.00024763042461410206,0.0002505051242415396,6157209.214846861
1760497200,0.0002505051242415396,0.0002505051242415396,0.00022755387089855452,0.00022986550834366962,12309651.559486186
1760500800,0.00022986550834366962,0.00022986550834366962,0.00020356253845952064,0.00020356253845952064,14951976.190610072
1760504400,0.00020356253845952064,0.00020784086583323802,0.00018872999203021067,0.00018911122268845413,12864079.648498146
1760508000,0.00018911122268845413,0.0001897509709812648,0.0001853234260260288,0.0001867639011689453,5901433.982511211
1760511600,0.0001867639011689453,0.00019327725430902788,0.00018167611712122328,0.00019327725430902788,19309641.352933995
1760515200,0.00019327725430902788,0.00020371639498531087,0.00019010771755843955,0.00019676977100337409,12638972.400621923
1760518800,0.00019676977100337409,0.0002014745481191429,0.00015650739881791927,0.00015745074842883023,39512222.083811596
1760522400,0.00015745074842883023,0.0001610156064961057,0.00013601685015251976,0.00014948867398747792,61162718.08992104
1760526000,0.00014948867398747792,0.0001574905577960989,0.000148358634020159,0.000148358634020159,19116180.565141443
1760529600,0.000148358634020159,0.000148358634020159,0.0001310352041987688,0.0001312096900830769,23116180.977476027
1760533200,0.0001312096900830769,0.0001321438304196264,0.00012318103511442454,0.0001317504768270065,18028053.324191056
1760536800,0.0001317504768270065,0.0001337678270501329,0.00009967411030776914,0.0001001002527534766,46017002.46779795
1760540400,0.0001001002527534766,0.00011338011756196245,0.00009251867448439303,0.00010650766099744507,91154175.12622316
1760544000,0.00010650766099744507,0.00010813888623723296,0.0001031248292611006,0.00010568915725247134,17826971.845148284
1760547600,0.00010568915725247134,0.00010658212743863905,0.00009778910276822406,0.00010033304713254777,37473784.61704978
1760551200,0.00010033304713254777,0.00010112596739668967,0.00009620164056376059,0.00009620164056376059,9387612.644274022
1760554800,0.00009620164056376059,0.00009729969690481312,0.00009620164056376059,0.00009682337269420012,1889958.0864604916
1760558400,0.00009682337269420012,0.00009682337269420012,0.00009513388365861773,0.00009513388365861773,2015670.1851758845
1760562000,0.00009513388365861773,0.00010045130585248237,0.00009513388365861773,0.00009932144397274773,22991218.1448014
1760565600,0.00009932144397274773,0.00010475471260578011,0.00009932144397274773,0.00010475471260578011,6157703.726120134
1760569200,0.00010475471260578011,0.0001059463108010542,0.00010475471260578011,0.00010502036197018098,1452001.0203994922
1760572800,0.00010502036197018098,0.00010517266298998485,0.00009882964084754862,0.00009980364037386774,10818787.104890743
1760576400,0.00009980364037386774,0.00010229645433873648,0.00009980364037386774,0.00010229645433873648,1678598.2461310602
1760580000,0.00010229645433873648,0.00013549425196629364,0.00010229645433873648,0.00013549425196629364,74411996.96977672
1760583600,0.00013549425196629364,0.00014512915144128356,0.00012978475648997334,0.00012978475648997334,31988600.643244073
1760587200,0.00012978475648997334,0.00014123714027278612,0.0001245596992225285,0.00013536072536454613,29571941.608486354
1760590800,0.00013536072536454613,0.00015510107843562932,0.00013536072536454613,0.00014481597604970874,26282010.79001344
1760594400,0.00014481597604970874,0.00014481597604970874,0.00013532215985835147,0.00013532215985835147,10297643.648374338
1760598000,0.00013532215985835147,0.00014303444400872478,0.00013532215985835147,0.0001407668082697386,9829611.686897695
1760601600,0.0001407668082697386,0.0001407668082697386,0.00011395863306574351,0.00011395863306574351,41684552.63272762
1760605200,0.00011395863306574351,0.00011395863306574351,0.0001034106481864482,0.0001034106481864482,37262371.59905023
1760608800,0.0001034106481864482,0.0001054779571842472,0.00009687104820846326,0.0001044534293530664,28539603.15399861
1760612400,0.0001044534293530664,0.00010658540455907127,0.0001044534293530664,0.00010658540455907127,4645011.132298939
1760616000,0.00010658540455907127,0.00010667681851532684,0.0000967656239196026,0.00009750108927103754,18613404.318874396
1760619600,0.00009750108927103754,0.00009843079160819187,0.00009208039223575967,0.0000921158457811777,10741831.424598677
1760623200,0.0000921158457811777,0.0001061583265224238,0.00009073597402760107,0.00010480089494242929,41178392.86115779
1760626800,0.00010480089494242929,0.00010480089494242929,0.0000993632220235739,0.0000993632220235739,7203142.339845331
1760630400,0.0000993632220235739,0.00009963895928138224,0.00009515559543045851,0.00009963895928138224,17776241.907673743
1760634000,0.00009963895928138224,0.00009963895928138224,0.00009963895928138224,0.00009963895928138224,0
1760637600,0.00009963895928138224,0.00009963895928138224,0.00009736333524850472,0.00009819519263260716,5809735.211649496
1760641200,0.00009819519263260716,0.00010197155632843393,0.00009819519263260716,0.00010197155632843393,5683011.100776516
1760644800,0.00010197155632843393,0.00010197155632843393,0.00010197155632843393,0.00010197155632843393,0
1760648400,0.00010197155632843393,0.00010591269705974075,0.00010197155632843393,0.000105473593478717,12310439.958821472
1760652000,0.000105473593478717,0.000105473593478717,0.00010267977725997071,0.00010267977725997071,2305900.8470160495
1760655600,0.00010267977725997071,0.00010267977725997071,0.00009271984019987177,0.00009296944354793664,14676313.554030694
1760659200,0.00009296944354793664,0.00009604327216626944,0.00009293708178898208,0.00009604327216626944,8884620.726406336
1760662800,0.00009604327216626944,0.00009604327216626944,0.00009103355713227176,0.00009305111217142215,13790110.387376595
1760666400,0.00009305111217142215,0.00009667903349626651,0.00009230652947931703,0.00009230652947931703,17728817.8897664
1760670000,0.00009230652947931703,0.00009262179098582158,0.0000882364682451724,0.00009203512733682924,15889106.239521783
1760673600,0.00009203512733682924,0.00009203512733682924,0.00009192305076520028,0.00009192305076520028,113755.7131293571
1760677200,0.00009192305076520028,0.00009224751239727753,0.00009057200583480824,0.00009057200583480824,2754975.6632730737
1760680800,0.00009057200583480824,0.00009057200583480824,0.00007673836519447366,0.0000792246793432559,56698758.4768536
1760684400,0.0000792246793432559,0.0000792246793432559,0.00007348834852360483,0.00007348834852360483,10046228.87363307
1760688000,0.00007348834852360483,0.00007348834852360483,0.00006849602797485758,0.00006849602797485758,13327100.789038988
1760691600,0.00006849602797485758,0.00007165830874402935,0.00006845983813318039,0.00007077345838966448,9130244.35511404
1760695200,0.00007077345838966448,0.0000711996157352664,0.00006855871170286863,0.00006885835140414214,5809239.898901713
1760698800,0.00006885835140414214,0.00008054183550439863,0.00006885835140414214,0.00008027525023507483,21659613.026485477
1760702400,0.00008027525023507483,0.00008027525023507483,0.00007708993642806062,0.00008009975593446033,17189116.220991235
1760706000,0.00008009975593446033,0.00008252169880969212,0.00008009975593446033,0.00008242643418368876,2001868.6102905653
1760709600,0.00008242643418368876,0.00008242643418368876,0.00007650869026227135,0.00007650869026227135,11419754.592074864
1760713200,0.00007650869026227135,0.00009965377068907964,0.00007578470096600557,0.00009965377068907964,42413165.86945055
1760716800,0.00009965377068907964,0.00011718437740327537,0.00008420440500423246,0.00008964382715257209,114395249.5415309
1760720400,0.00008964382715257209,0.00010490408743565501,0.00008964382715257209,0.00009017211404781377,43544889.51558397
1760724000,0.00009017211404781377,0.00009066821984085556,0.00008960730072377933,0.00009008266222010707,2999086.156333192
1760727600,0.00009008266222010707,0.00009125694845979396,0.00009008266222010707,0.00009114223142721772,1683230.0304334215
1760731200,0.00009114223142721772,0.00009114223142721772,0.00009114223142721772,0.00009114223142721772,0
1760734800,0.00009114223142721772,0.00009501102396617007,0.00009114223142721772,0.00009357500562735536,5282139.588608294
1760738400,0.00009357500562735536,0.00009357500562735536,0.0000926835544632666,0.0000926835544632666,585356.3579582437
1760742000,0.0000926835544632666,0.0000926835544632666,0.00008804652646195829,0.00008843893962612803,2679214.236882679
1760745600,0.00008843893962612803,0.00009438395245916881,0.00008843893962612803,0.00009438395245916881,8505385.743078554
1760749200,0.00009438395245916881,0.00009640117902963401,0.00009438395245916881,0.00009544308780364325,7572493.991988486
1760752800,0.00009544308780364325,0.00010981788590168461,0.00009544308780364325,0.0001064009645427172,26892745.6455722
1760756400,0.0001064009645427172,0.00010748590642528228,0.0001064009645427172,0.00010748590642528228,502217.7404763835
1760760000,0.00010748590642528228,0.00011578408646721098,0.0001072474349015542,0.00011578408646721098,10651174.793974979
1760763600,0.00011578408646721098,0.00012498434339149828,0.00011578408646721098,0.00012377702714652853,13647400.724238988
1760767200,0.00012377702714652853,0.00013298497507869533,0.00012377702714652853,0.00012864396823156852,12700277.08842378
1760770800,0.00012864396823156852,0.00013398932704194343,0.0001280970593223614,0.0001280970593223614,7559842.869948114
1760774400,0.0001280970593223614,0.0001280970593223614,0.00011952559058909783,0.00011952559058909783,7939716.449486572
1760778000,0.00011952559058909783,0.00011952559058909783,0.00011694033711430751,0.00011709611158469738,2499866.8890318577
1760781600,0.00011709611158469738,0.00011756994557588308,0.00011139896663098671,0.00011139896663098671,6553120.374854534
1760785200,0.00011139896663098671,0.00011139896663098671,0.00008722803765666281,0.00008722803765666281,38613347.55607269
1760788800,0.00008722803765666281,0.00008844020604308423,0.00008561662485219607,0.00008561662485219607,9900648.38136295
1760792400,0.00008561662485219607,0.00008673395267726684,0.00008405742108551823,0.00008673395267726684,7961536.177785112
1760796000,0.00008673395267726684,0.00008882125120308325,0.00008647031951374556,0.00008851862267267484,9882076.116633868
1760799600,0.00008851862267267484,0.00009243256579940624,0.00008769736665179376,0.00009235608608373132,13565527.713494526
1760803200,0.00009235608608373132,0.00009235608608373132,0.00008562155881026614,0.00008662677368491918,20738122.193261683
1760806800,0.00008662677368491918,0.00008662677368491918,0.00008662677368491918,0.00008662677368491918,0
1760810400,0.00008662677368491918,0.00008662677368491918,0.00008465691484548918,0.00008468849945147672,7873381.518279945
1760814000,0.00008468849945147672,0.00008482158501017783,0.00008460925458755987,0.00008482158501017783,406005.305670294
1760817600,0.00008482158501017783,0.00008482158501017783,0.00008482158501017783,0.00008482158501017783,0
1760821200,0.00008482158501017783,0.00008482158501017783,0.00008313137024515403,0.00008313137024515403,792965.4070565783
1760824800,0.00008313137024515403,0.00008313137024515403,0.00008285805683935711,0.00008285805683935711,634478.4576868699
1760828400,0.00008285805683935711,0.00008354530421885234,0.00008285805683935711,0.00008338224668509048,1308168.2913688368
1760832000,0.00008338224668509048,0.00008578730071732376,0.00008276421787822594,0.00008578730071732376,6576560.737950859
1760835600,0.00008578730071732376,0.00008578730071732376,0.00008420286127797647,0.00008420286127797647,4588843.047045153
1760839200,0.00008420286127797647,0.0000854710933308793,0.00008420286127797647,0.0000854710933308793,5173660.237491044
1760842800,0.0000854710933308793,0.00008709281375092793,0.00008332392742664118,0.00008559800775721858,16101398.951297687
1760846400,0.00008559800775721858,0.00008574142436705199,0.00008559800775721858,0.00008574142436705199,180517.50165501842
1760850000,0.00008574142436705199,0.00008574142436705199,0.00008540844862944675,0.00008540844862944675,874247.3600231961
1760853600,0.00008540844862944675,0.00008540844862944675,0.00008540844862944675,0.00008540844862944675,0
1760857200,0.00008540844862944675,0.00008540844862944675,0.00008464950830761797,0.00008464950830761797,340978.6869962939
1760860800,0.00008464950830761797,0.00008471032407877977,0.00007934344550636647,0.00007934344550636647,17342426.353675555
1760864400,0.00007934344550636647,0.00007934344550636647,0.00007810732775074593,0.00007879322279474218,782525.8414607204
1760868000,0.00007879322279474218,0.00007991985000789773,0.00007879322279474218,0.00007991985000789773,7668041.1585747935
1760871600,0.00007991985000789773,0.00007991985000789773,0.00007523919861478333,0.00007523919861478333,8281015.671513831
1760875200,0.00007523919861478333,0.00007801339493379002,0.00007207932244232599,0.00007801339493379002,22436622.17304447
1760878800,0.00007801339493379002,0.0000789266684962672,0.00007258414827337739,0.00007766767346694546,28961701.411485452
1760882400,0.00007766767346694546,0.00007840253484931315,0.00007734771779370382,0.00007734771779370382,5413258.206351388
1760886000,0.00007734771779370382,0.00007859551292948517,0.00007734771779370382,0.000077698135695705,5570530.857380787
1760889600,0.000077698135695705,0.000077698135695705,0.00007599678344446984,0.00007599678344446984,7071708.308903977
1760893200,0.00007599678344446984,0.00007599678344446984,0.00007500656582530375,0.00007504855683846865,5622531.50627363
1760896800,0.00007504855683846865,0.00007504855683846865,0.00006477739365419006,0.00006603500340240397,31524885.87082624
1760900400,0.00006603500340240397,0.00006603500340240397,0.00006586391830060941,0.00006590810007449026,874601.8719529649
1760904000,0.00006590810007449026,0.00006590810007449026,0.00006590810007449026,0.00006590810007449026,0
1760907600,0.00006590810007449026,0.00006666672248623263,0.00006428654369281733,0.00006428654369281733,8272410.904265471
1760911200,0.00006428654369281733,0.00006519454470069973,0.00006314427293072249,0.00006314427293072249,9916453.567992222
1760914800,0.00006314427293072249,0.00006314427293072249,0.00006314427293072249,0.00006314427293072249,0
1760918400,0.00006314427293072249,0.00006314427293072249,0.000060015143118010526,0.000060015143118010526,5385319.867987096
1760922000,0.000060015143118010526,0.000060015143118010526,0.00005976311461910625,0.00005976311461910625,367396.72459992854
1760925600,0.00005976311461910625,0.000060145836756803204,0.00005976311461910625,0.000060145836756803204,171304.69326391153
1760929200,0.000060145836756803204,0.000060145836756803204,0.000060145836756803204,0.000060145836756803204,0
1760932800,0.000060145836756803204,0.00006239521431507656,0.000060145836756803204,0.00006198484944912934,6313110.030250025
1760936400,0.00006198484944912934,0.00006215845394416158,0.00006198484944912934,0.00006215845394416158,171472.25208295046
1760940000,0.00006215845394416158,0.0000714561214136273,0.00006215845394416158,0.00007005112471156612,27600375.500111215
1760943600,0.00007005112471156612,0.00007612627955808821,0.00006881023338627206,0.00007491625270186945,22956900.069999967
1760947200,0.00007491625270186945,0.00007556978634797661,0.00007298994418306182,0.00007298994418306182,8422860.914296208
1760950800,0.00007298994418306182,0.00007298994418306182,0.00007060890443785505,0.00007060890443785505,856971.9525638882
1760954400,0.00007060890443785505,0.00007060890443785505,0.00006879773080077601,0.00006879773080077601,5706869.693211
1760958000,0.00006879773080077601,0.00006879773080077601,0.00006603849724904108,0.00006739175412360103,14717683.851279479
1760961600,0.00006739175412360103,0.00007006582207340445,0.00006739175412360103,0.00007006582207340445,10380026.236040702
1760965200,0.00007006582207340445,0.00008053653724767665,0.00007006582207340445,0.00008047861079317732,30479457.537696708
1760968800,0.00008047861079317732,0.00008049872712833183,0.0000731844121921242,0.0000731844121921242,24192298.678172372
1760972400,0.0000731844121921242,0.00007414219912397661,0.00007151291324221041,0.00007414219912397661,10589082.29396031
1760976000,0.00007414219912397661,0.00007414219912397661,0.00006815468814793364,0.00006815468814793364,10115309.71758791
1760979600,0.00006815468814793364,0.00007316212698057162,0.00006815468814793364,0.00007263759922925244,14044488.092914397
1760983200,0.00007263759922925244,0.00007263759922925244,0.00007206820932116412,0.00007206820932116412,112479.52446625661
1760986800,0.00007206820932116412,0.00007279972725667215,0.00007206820932116412,0.00007279972725667215,798989.4082468541
1760990400,0.00007279972725667215,0.00007279972725667215,0.00007229263507461264,0.00007229263507461264,1000000.0000004226
1760994000,0.00007229263507461264,0.00007341130602282717,0.00007229263507461264,0.00007341130602282717,2824737.1603179765
1760997600,0.00007341130602282717,0.00007341130602282717,0.00007341130602282717,0.00007341130602282717,0
1761001200,0.00007341130602282717,0.0000739804434218309,0.00007341130602282717,0.00007376998865745682,1712199.464694143
1761004800,0.00007376998865745682,0.00007376998865745682,0.00006977929435894208,0.00006977929435894208,9122756.449942823
1761008400,0.00006977929435894208,0.00006977929435894208,0.00006838081374979951,0.00006838081374979951,1805476.111373446
1761012000,0.00006838081374979951,0.00006838081374979951,0.00006797249227546653,0.00006797249227546653,3783045.907624277
1761015600,0.00006797249227546653,0.00006797249227546653,0.00006648823064591047,0.00006648823064591047,5546086.484082395
1761019200,0.00006648823064591047,0.00006648823064591047,0.00006611316466717271,0.00006611316466717271,1847023.6734652396
1761022800,0.00006611316466717271,0.00006611316466717271,0.00006567120523448247,0.00006567120523448247,1576577.8820687707
1761026400,0.00006567120523448247,0.00006583946056958177,0.00006567120523448247,0.00006583946056958177,231417.75553733172
1761030000,0.00006583946056958177,0.00006583946056958177,0.00006425166844317782,0.00006425166844317782,5417555.967933882
1761033600,0.00006425166844317782,0.00006425166844317782,0.00006425166844317782,0.00006425166844317782,0
1761037200,0.00006425166844317782,0.00006425166844317782,0.00006425166844317782,0.00006425166844317782,0
1761040800,0.00006425166844317782,0.00006425166844317782,0.00006270729090477067,0.00006270729090477067,4515182.629127201
1761044400,0.00006270729090477067,0.00006270729090477067,0.00006171663710666243,0.00006171663710666243,3399422.847450379
1761048000,0.00006171663710666243,0.00006171663710666243,0.00006099060393938659,0.00006099060393938659,1273175.4847814187
1761051600,0.00006099060393938659,0.00006120271696373444,0.000059962419869828446,0.000059962419869828446,4342035.662354194
1761055200,0.000059962419869828446,0.00006086711804505411,0.000059962419869828446,0.00006056636476875975,2904301.242455108
1761058800,0.00006056636476875975,0.00006096335438184311,0.00006056636476875975,0.00006063173537164542,3739559.003037203
1761062400,0.00006063173537164542,0.00006174479359857676,0.000060526036445696344,0.00006068591538373929,12625506.691223847
1761066000,0.00006068591538373929,0.00006068591538373929,0.00006068591538373929,0.00006068591538373929,0
1761069600,0.00006068591538373929,0.00006068591538373929,0.00005983861763218338,0.00006050810793760716,6059332.775664097
1761073200,0.00006050810793760716,0.00006150101477110237,0.00006050810793760716,0.00006150101477110237,584892.2710628277
1761076800,0.00006150101477110237,0.00006150101477110237,0.0000605220366862806,0.0000605220366862806,2457514.914002625
1761080400,0.0000605220366862806,0.0000605220366862806,0.000059240012420026245,0.000059947156222150397,3515665.7497095363
1761084000,0.000059947156222150397,0.000059947156222150397,0.000059947156222150397,0.000059947156222150397,0
1761087600,0.000059947156222150397,0.000059947156222150397,0.000059947156222150397,0.000059947156222150397,0
1761091200,0.000059947156222150397,0.000059947156222150397,0.00005855382456528141,0.00005855382456528141,2288901.460506193
1761094800,0.00005855382456528141,0.00005855382456528141,0.00005855382456528141,0.00005855382456528141,0
1761098400,0.00005855382456528141,0.00006350270006406327,0.00005855382456528141,0.00006350270006406327,25292174.026386764
1761102000,0.00006350270006406327,0.00006977189764545937,0.00006327153868476648,0.00006327153868476648,35385863.00969372
1761105600,0.00006327153868476648,0.00006327153868476648,0.00005793849859402436,0.0000580187700303214,8369450.531645201
1761109200,0.0000580187700303214,0.00005820523425056597,0.00005671774095719608,0.00005727070952929589,10771033.427156432
1761112800,0.00005727070952929589,0.00006831113408184474,0.00005727070952929589,0.00006831113408184474,31564561.07398238
1761116400,0.00006831113408184474,0.00006870442003262175,0.00006656829133671597,0.00006656829133671597,5995325.005496085
1761120000,0.00006656829133671597,0.00006656829133671597,0.00006163318154989636,0.00006163318154989636,25557214.112491027
1761123600,0.00006163318154989636,0.00006163318154989636,0.00006163318154989636,0.00006163318154989636,0
1761127200,0.00006163318154989636,0.00006163318154989636,0.00005817848918411003,0.00005817848918411003,5475572.87885833
1761130800,0.00005817848918411003,0.00005850004771748574,0.00005817848918411003,0.00005850004771748574,3138440.279280175
1761134400,0.00005850004771748574,0.00005850004771748574,0.00005794359148919352,0.00005794359148919352,113676.78727231405
1761138000,0.00005794359148919352,0.00005794359148919352,0.00005619333907591249,0.00005619333907591249,14542476.202662358
1761141600,0.00005619333907591249,0.00005619333907591249,0.000054170281565981635,0.000055305806783443444,4407007.064158527
1761145200,0.000055305806783443444,0.000055305806783443444,0.000054411442622736855,0.000054411442622736855,4681251.265141757
1761148800,0.000054411442622736855,0.00005474669408809899,0.000054411442622736855,0.00005474669408809899,2805549.0186494463
1761152400,0.00005474669408809899,0.00005480805849384604,0.00005424048907048322,0.00005424048907048322,663929.3697213155
1761156000,0.00005424048907048322,0.00005424048907048322,0.00005424048907048322,0.00005424048907048322,0
1761159600,0.00005424048907048322,0.00005437742538083049,0.00005424048907048322,0.00005437742538083049,341030.36181694217
1761163200,0.00005437742538083049,0.00005437742538083049,0.00005437742538083049,0.00005437742538083049,0
1761166800,0.00005437742538083049,0.00005437742538083049,0.00005437742538083049,0.00005437742538083049,0
1761170400,0.00005437742538083049,0.00005466518204932966,0.000054193342863571655,0.00005466518204932966,3103935.9939241856
1761174000,0.00005466518204932966,0.000055020607824874917,0.00005466518204932966,0.000055020607824874917,5126948.354204129
1761177600,0.000055020607824874917,0.00005668609635774778,0.000055020607824874917,0.00005668609635774778,7081427.512834234
1761181200,0.00005668609635774778,0.00005668609635774778,0.00005668609635774778,0.00005668609635774778,0
1761184800,0.00005668609635774778,0.00005771596206580658,0.00005668609635774778,0.00005771596206580658,659074.5335452849
1761188400,0.00005771596206580658,0.000057836994141510914,0.00005771596206580658,0.000057836994141510914,193450.1820349489
1761192000,0.000057836994141510914,0.000057836994141510914,0.00005764214527947293,0.00005764214527947293,2788397.8563884087
1761195600,0.00005764214527947293,0.00005764214527947293,0.00005764214527947293,0.00005764214527947293,0
1761199200,0.00005764214527947293,0.00005764214527947293,0.00005764214527947293,0.00005764214527947293,0
1761202800,0.00005764214527947293,0.00005764214527947293,0.00005764214527947293,0.00005764214527947293,0
1761206400,0.00005764214527947293,0.00005764214527947293,0.00005702497258775005,0.00005702497258775005,7081427.512834233
1761210000,0.00005702497258775005,0.00005702497258775005,0.00005661827803843427,0.00005661827803843427,587612.16702608
1761213600,0.00005661827803843427,0.00005661827803843427,0.00005565700535493105,0.00005565700535493105,720266.14
1761217200,0.00005565700535493105,0.000056154029157956524,0.00005565700535493105,0.000056154029157956524,5379343.9716031365
1761220800,0.000056154029157956524,0.00005635422925995412,0.000056154029157956524,0.00005635422925995412,136888.3775423579
1761224400,0.00005635422925995412,0.00005635422925995412,0.00004972490810948032,0.00004972490810948032,28235714.274573922
1761228000,0.00004972490810948032,0.00004980914903106267,0.00004972490810948032,0.00004980914903106267,2977107.4154816815
1761231600,0.00004980914903106267,0.00005235725799971824,0.00004980914903106267,0.00005235725799971824,422766.11904273427
1761235200,0.00005235725799971824,0.00005235725799971824,0.000051128746213362446,0.00005162841688287873,3817762.9553857367
1761238800,0.00005162841688287873,0.00005162841688287873,0.000051120117291225484,0.000051132758148130495,1363413.9679527422
1761242400,0.000051132758148130495,0.000051132758148130495,0.000050581432287089536,0.000050581432287089536,2321399.3355546836
1761246000,0.000050581432287089536,0.000050581432287089536,0.000050581432287089536,0.000050581432287089536,0
1761249600,0.000050581432287089536,0.00005125543088904099,0.00004964253340848078,0.00005125543088904099,11120816.019155888
1761253200,0.00005125543088904099,0.00005125543088904099,0.00005045065141379503,0.00005045065141379503,4363083.303790269
1761256800,0.00005045065141379503,0.00005045065141379503,0.000050159266016454414,0.000050159266016454414,3607823.9361259043
1761260400,0.000050159266016454414,0.00005080537196029511,0.000050159266016454414,0.000050518479586420944,2311140.364616663
1761264000,0.000050518479586420944,0.000050518479586420944,0.000050518479586420944,0.000050518479586420944,0
1761267600,0.000050518479586420944,0.000050518479586420944,0.00005018162449444162,0.00005018162449444162,5945251.312580158
1761271200,0.00005018162449444162,0.00005018162449444162,0.00004918222450585914,0.00004918222450585914,304824.9442688425
1761274800,0.00004918222450585914,0.00004918222450585914,0.000048233384826107474,0.000048233384826107474,23342586.508038722
1761278400,0.000048233384826107474,0.000048233384826107474,0.00004617668126327759,0.00004617668126327759,558758.374571
1761282000,0.00004617668126327759,0.00004617668126327759,0.0000454045575174491,0.0000454045575174491,5475572.87885833
1761285600,0.0000454045575174491,0.00006174509066307198,0.0000454045575174491,0.00005774511513927828,77461226.39910258
1761289200,0.00005774511513927828,0.00007337656079619415,0.00005774511513927828,0.00007288135838152966,55389145.27155994
1761292800,0.00007288135838152966,0.0000819959401891119,0.00007288135838152966,0.0000819959401891119,46122442.202286676
1761296400,0.0000819959401891119,0.0000819959401891119,0.00006815931365274102,0.00006815931365274102,32211915.36641533
1761300000,0.00006815931365274102,0.00006960308152348828,0.00006815931365274102,0.00006960308152348828,4941505.352548202
1761303600,0.00006960308152348828,0.00006960308152348828,0.00006916033722363993,0.00006916033722363993,233421.9522116742
1761307200,0.00006916033722363993,0.00006916033722363993,0.00006787580702848218,0.00006787580702848218,9228045.69164188
1761310800,0.00006787580702848218,0.00006793994353037258,0.0000650217433063486,0.00006711764339217367,18116088.541836828
1761314400,0.00006711764339217367,0.00009610177261894123,0.00006711764339217367,0.00009610177261894123,84351686.7672081
1761318000,0.00009610177261894123,0.00009709398373149106,0.00007465267399604256,0.00007465267399604256,47223704.35509901
1761321600,0.00007465267399604256,0.00008093936193606615,0.00007465267399604256,0.00008093936193606615,16261360.194056112
1761325200,0.00008093936193606615,0.00008423091282976138,0.00008093936193606615,0.00008423091282976138,9351656.235326115
1761328800,0.00008423091282976138,0.0000926529797295704,0.00008423091282976138,0.0000926529797295704,9339981.771102384
1761332400,0.0000926529797295704,0.0000926529797295704,0.0000926529797295704,0.0000926529797295704,0
1761336000,0.0000926529797295704,0.00009384989608779522,0.0000926529797295704,0.00009353072559353916,4024412.2083887616
1761339600,0.00009353072559353916,0.00009374145632837611,0.00009307550725587245,0.00009307550725587245,307003.78538853844
1761343200,0.00009307550725587245,0.00009307550725587245,0.0000922454571700564,0.0000922454571700564,913370.9145255618
1761346800,0.0000922454571700564,0.0000922454571700564,0.00009077188313492148,0.00009077188313492148,2531762.436252283
1761350400,0.00009077188313492148,0.00009077188313492148,0.00009003670715928466,0.00009003670715928466,646734.2866545302
1761354000,0.00009003670715928466,0.00009031644139562183,0.00008984933292811831,0.00009030378262853958,329396.3812341959
1761357600,0.00009030378262853958,0.00009030378262853958,0.00007650732036791612,0.0000765405231572229,26270697.582846247
1761361200,0.0000765405231572229,0.0000765405231572229,0.0000704479309857149,0.0000704479309857149,30701209.473924913
1761364800,0.0000704479309857149,0.0000704479309857149,0.0000704479309857149,0.0000704479309857149,0
1761368400,0.0000704479309857149,0.0000704479309857149,0.00006839845618869124,0.00006839845618869124,7174691.998597263
1761372000,0.00006839845618869124,0.00006839845618869124,0.00006679819424333078,0.00006679819424333078,1118394.10182547
1761375600,0.00006679819424333078,0.00006697176446456827,0.00006646284371248535,0.00006646284371248535,858511.3532678487
1761379200,0.00006646284371248535,0.00006646284371248535,0.00006578727125084145,0.00006578727125084145,2286259.3151949113
1761382800,0.00006578727125084145,0.00006578727125084145,0.00006392951086636178,0.00006423813991414223,9799509.789776567
1761386400,0.00006423813991414223,0.00006423813991414223,0.00006119337485533114,0.00006128357992557023,15194303.304619465
1761390000,0.00006128357992557023,0.00006461644628957107,0.00006128357992557023,0.00006418861167703026,11216656.300634772
1761393600,0.00006418861167703026,0.00006485427975938163,0.00006418861167703026,0.00006444052020066634,1617919.751903366
1761397200,0.00006444052020066634,0.00006524863441641737,0.00006444052020066634,0.00006489490203285212,5990974.63983525
1761400800,0.00006489490203285212,0.00006496041349719009,0.00006134858577229953,0.00006134858577229953,17053008.975792427
1761404400,0.00006134858577229953,0.00006134858577229953,0.000057938274662176256,0.000059118404263713724,9639244.668171
1761408000,0.000059118404263713724,0.000059118404263713724,0.000059118404263713724,0.000059118404263713724,0
1761411600,0.000059118404263713724,0.000059118404263713724,0.000059118404263713724,0.000059118404263713724,0
1761415200,0.000059118404263713724,0.0000594493335551884,0.000059118404263713724,0.0000594493335551884,456881.9003075784
1761418800,0.0000594493335551884,0.0000594493335551884,0.0000594493335551884,0.0000594493335551884,0
1761422400,0.0000594493335551884,0.0000594493335551884,0.0000594493335551884,0.0000594493335551884,0
1761426000,0.0000594493335551884,0.0000594493335551884,0.0000594493335551884,0.0000594493335551884,0
1761429600,0.0000594493335551884,0.0000594493335551884,0.0000594493335551884,0.0000594493335551884,0
1761433200,0.0000594493335551884,0.000059459288181983784,0.0000594493335551884,0.000059459288181983784,166031.38562790485
1761436800,0.000059459288181983784,0.00006020263223950902,0.000059459288181983784,0.00006020263223950902,330566.11069219274
1761440400,0.00006020263223950902,0.00006020263223950902,0.00006020263223950902,0.00006020263223950902,0
1761444000,0.00006020263223950902,0.000060461432624853865,0.00006020263223950902,0.000060461432624853865,3364968.9730115593
1761447600,0.000060461432624853865,0.000060461432624853865,0.00005865764097091437,0.00005865764097091437,13034147.433409348
1761451200,0.00005865764097091437,0.00005865764097091437,0.00005865764097091437,0.00005865764097091437,0
1761454800,0.00005865764097091437,0.00005865764097091437,0.000056255665943226896,0.000056255665943226896,1831197.643493048
1761458400,0.000056255665943226896,0.000056255665943226896,0.000056255665943226896,0.000056255665943226896,0
1761462000,0.000056255665943226896,0.00005655222730552924,0.000055701896353059804,0.000055701896353059804,5328531.927880582
1761465600,0.000055701896353059804,0.000055701896353059804,0.00005384759030062061,0.00005384759030062061,5811895.61582297
1761469200,0.00005384759030062061,0.00005384759030062061,0.00005259091542827767,0.00005259091542827767,6453688.128840121
1761472800,0.00005259091542827767,0.00005259091542827767,0.00005259091542827767,0.00005259091542827767,0
1761476400,0.00005259091542827767,0.00005426170764983555,0.00005259091542827767,0.00005426170764983555,6543766.032359809
1761480000,0.00005426170764983555,0.00005463074215206056,0.000053160776394526604,0.000053160776394526604,8702469.792120587
1761483600,0.000053160776394526604,0.00006125140649068704,0.00005288678569213862,0.00006054707713670033,35995093.36015904
1761487200,0.00006054707713670033,0.00006561892356489407,0.00006054707713670033,0.00006561299304902834,38188141.90546996
1761490800,0.00006561299304902834,0.00006561299304902834,0.00006561299304902834,0.00006561299304902834,0
1761494400,0.00006561299304902834,0.00006561299304902834,0.00006561299304902834,0.00006561299304902834,0
1761498000,0.00006561299304902834,0.00006572346739217066,0.00006561299304902834,0.00006572346739217066,1556727.1389094885
1761501600,0.00006572346739217066,0.00006572346739217066,0.00006572346739217066,0.00006572346739217066,0
1761505200,0.00006572346739217066,0.00006572346739217066,0.00006447803540195913,0.00006447803540195913,5805304.902027189
1761508800,0.00006447803540195913,0.00006447803540195913,0.000060420407225979575,0.000060420407225979575,8841932.523324084
1761512400,0.000060420407225979575,0.000060420407225979575,0.000060420407225979575,0.000060420407225979575,0
1761516000,0.000060420407225979575,0.00006220609865094106,0.000060420407225979575,0.00006220609865094106,5099508.10154434
1761519600,0.00006220609865094106,0.00006220609865094106,0.00006191176530996863,0.00006191176530996863,5099508.10154434
1761523200,0.00006191176530996863,0.00006191176530996863,0.00006191176530996863,0.00006191176530996863,0
1761526800,0.00006191176530996863,0.00006191176530996863,0.00006191176530996863,0.00006191176530996863,0
1761530400,0.00006191176530996863,0.00006191176530996863,0.00006191176530996863,0.00006191176530996863,0
1761534000,0.00006191176530996863,0.00006191176530996863,0.00006191176530996863,0.00006191176530996863,0
1761537600,0.00006191176530996863,0.00006191176530996863,0.00006191176530996863,0.00006191176530996863,0
1761541200,0.00006191176530996863,0.0002368280233677811,0.00006191176530996863,0.00011900472713208345,1262263684.6082213
1761544800,0.00011900472713208345,0.00013132664599679018,0.00009393643936115078,0.00011331308310755434,125925094.2726669
1761548400,0.00011331308310755434,0.00011359695962671921,0.00009935099935652435,0.0001050041443258831,35959593.498836614
1761552000,0.0001050041443258831,0.0001050041443258831,0.00009044710235168797,0.00009266608628280078,32718059.78206632
1761555600,0.00009266608628280078,0.0000929572984948366,0.00009217222761826703,0.0000924525146969724,4216985.234119507
1761559200,0.0000924525146969724,0.0001025953966689696,0.00008523273217300227,0.00009744835884989211,56123564.72853942
1761562800,0.00009744835884989211,0.00025016846180646036,0.00009744835884989211,0.00017845925480997787,736331914.7603073
1761566400,0.00017845925480997787,0.00017845925480997787,0.00011907680448175576,0.00013205784076090722,150896533.31704453
1761570000,0.00013205784076090722,0.00013702909240272324,0.00011131995717239326,0.00011448724017473565,48235044.23193642
1761573600,0.00011448724017473565,0.00011448724017473565,0.00010171347911504032,0.00010502450290659849,22789512.28879085
1761577200,0.00010502450290659849,0.0001220743335063445,0.0001039705577980341,0.0001220743335063445,30491867.334927857
1761580800,0.0001220743335063445,0.00013327596404638542,0.0001220743335063445,0.00012485671925898596,17266646.006988637
1761584400,0.00012485671925898596,0.00012651723353618026,0.00012123678818799419,0.00012510898526278352,18003660.927563615
1761588000,0.00012510898526278352,0.00013544066356828443,0.00011694362065099657,0.00013544066356828443,28138406.848794203
1761591600,0.00013544066356828443,0.00013544066356828443,0.00013276411168666163,0.00013276411168666163,4929075.594072944
1761595200,0.00013276411168666163,0.00013276411168666163,0.0001263456696612526,0.00012650333060549023,7180735.331532252
1761598800,0.00012650333060549023,0.0001274361295079147,0.0001263858491410283,0.0001274361295079147,1341103.9383032266
1761602400,0.0001274361295079147,0.00012966665349317116,0.0001221596917352664,0.00012233942126172609,11555219.886118457
1761606000,0.00012233942126172609,0.00012266353010774518,0.00012161634739042878,0.00012266353010774518,458025.2014847721
1761609600,0.00012266353010774518,0.00012478552956826487,0.00012266353010774518,0.00012478552956826487,2935929.9553421633
1761613200,0.00012478552956826487,0.00012756599756607925,0.00012478552956826487,0.0001268448415546424,4469550.338343206
1761616800,0.0001268448415546424,0.0001268448415546424,0.00012338779298796162,0.00012565167479357094,6709479.705334231
1761620400,0.00012565167479357094,0.00013622909918576976,0.00012565167479357094,0.00013622909918576976,8658109.41323022
1761624000,0.00013622909918576976,0.00013669245606178694,0.00013018984830015677,0.00013018984830015677,7232790.268987887
1761627600,0.00013018984830015677,0.0001428650277813929,0.00013018984830015677,0.0001347969181453696,18521804.85149194
1761631200,0.0001347969181453696,0.0001347969181453696,0.00012857905980533422,0.00013282209455648297,12793234.460417967
1761634800,0.00013282209455648297,0.00013297852026958925,0.00013232883726293807,0.00013232883726293807,1504653.4423159938
1761638400,0.00013232883726293807,0.00013232883726293807,0.00012737221128753432,0.0001284234951274359,5641284.829602066
1761642000,0.0001284234951274359,0.0001300255283205162,0.00012708356864611447,0.00012708356864611447,4023962.754762891
1761645600,0.00012708356864611447,0.00013049204880834342,0.00012708356864611447,0.00012796819010441645,6272948.65485459
1761649200,0.00012796819010441645,0.00012796819010441645,0.00011751159827883703,0.00011751159827883703,13217297.950522767
1761652800,0.00011751159827883703,0.00011751159827883703,0.00011361610234134963,0.00011361610234134963,4938423.222617069
1761656400,0.00011361610234134963,0.00011361610234134963,0.00009886963529520935,0.0000996170306120036,22619419.6632468
1761660000,0.0000996170306120036,0.00010341049595255602,0.0000986017343241049,0.00010341049595255602,16196172.942913324
1761663600,0.00010341049595255602,0.00010484925693557514,0.00010341049595255602,0.00010408834202032745,1819214.7737629178
1761667200,0.00010408834202032745,0.00010408834202032745,0.00010396261543106382,0.00010396261543106382,90414.56649254149
1761670800,0.00010396261543106382,0.00010601701569685447,0.00009939256632515055,0.00009939256632515055,12466994.931765812
1761674400,0.00009939256632515055,0.00009939256632515055,0.00009499490691949144,0.00009499490691949144,10697854.421733152
1761678000,0.00009499490691949144,0.00009499490691949144,0.00009499490691949144,0.00009499490691949144,0
1761681600,0.00009499490691949144,0.00009499490691949144,0.00009041849305703045,0.00009041849305703045,123559.25669731526
1761685200,0.00009041849305703045,0.00009560151684871007,0.00009028366379666324,0.00009560151684871007,11114365.98327589
1761688800,0.00009560151684871007,0.00009560151684871007,0.00009473362487460179,0.00009473362487460179,775931.8818962268
1761692400,0.00009473362487460179,0.0000961839185098846,0.00009473362487460179,0.0000961839185098846,2178272.522834928
1761696000,0.0000961839185098846,0.0000961839185098846,0.0000882571441749181,0.0000882571441749181,14309441.162307134
1761699600,0.0000882571441749181,0.0000882571441749181,0.0000882571441749181,0.0000882571441749181,0
1761703200,0.0000882571441749181,0.00008894592637920617,0.0000882571441749181,0.00008894592637920617,8058575.073022848
1761706800,0.00008894592637920617,0.00008894592637920617,0.00008810694338288297,0.00008810694338288297,2065703.7806663995
1761710400,0.00008810694338288297,0.00008810694338288297,0.00008646235546268363,0.00008664793394058315,3903574.119325729
1761714000,0.00008664793394058315,0.00008791015192673363,0.00008644474309624819,0.00008758713961379473,3122954.828499003
1761717600,0.00008758713961379473,0.00008875201874058454,0.00008758713961379473,0.00008875201874058454,112829.64367646894
1761721200,0.00008875201874058454,0.00008875201874058454,0.00008790206452361274,0.00008790206452361274,110000.76032715081
1761724800,0.00008790206452361274,0.00010172203106710333,0.00008790206452361274,0.00009508202863991655,70376464.62677827
1761728400,0.00009508202863991655,0.00009508202863991655,0.0000900941479386837,0.00009150260307997479,2710041.0651707184
1761732000,0.00009150260307997479,0.00009525209113886471,0.00009145939785081166,0.00009525209113886471,14140401.592774233
1761735600,0.00009525209113886471,0.000105950788390733,0.00009525209113886471,0.00010593837003705043,16920270.262104377
1761739200,0.00010593837003705043,0.00010593837003705043,0.00010480802012881291,0.00010480802012881291,969946.7603134554
1761742800,0.00010480802012881291,0.0001061583139359628,0.00010402925268594892,0.00010450584244877422,1832258.288185593
1761746400,0.00010450584244877422,0.00010450584244877422,0.00010450584244877422,0.00010450584244877422,0
1761750000,0.00010450584244877422,0.00010450584244877422,0.00007699480871950779,0.00007699480871950779,46675201.933701314
1761753600,0.00007699480871950779,0.00007699480871950779,0.00007659891334079664,0.00007694422684756595,291443.82639374543
1761757200,0.00007694422684756595,0.00007775079417382824,0.00007694422684756595,0.00007775079417382824,1635574.2867950676
1761760800,0.00007775079417382824,0.00008003858208025113,0.00007775079417382824,0.00008003858208025113,3587170.14095376
1761764400,0.00008003858208025113,0.00008003858208025113,0.00008003858208025113,0.00008003858208025113,0
1761768000,0.00008003858208025113,0.00008003858208025113,0.00008003858208025113,0.00008003858208025113,0
1761771600,0.00008003858208025113,0.00008003858208025113,0.00008003858208025113,0.00008003858208025113,0
1761775200,0.00008003858208025113,0.00008148635557901495,0.00008003858208025113,0.00008148635557901495,2625527.511124953
1761778800,0.00008148635557901495,0.00008189785609409292,0.00008047061435463896,0.00008047061435463896,1992649.6552724421
1761782400,0.00008047061435463896,0.00008069679421647862,0.00007698553504687282,0.00007698553504687282,10023133.713288879
1761786000,0.00007698553504687282,0.00007698553504687282,0.00007643004697338087,0.00007643004697338087,477001.4582194646
1761789600,0.00007643004697338087,0.00007677520490954644,0.00007627553869961105,0.00007677520490954644,421253.37666443014
1761793200,0.00007677520490954644,0.00007677520490954644,0.00007347006383940379,0.00007347006383940379,7080841.067936764
1761796800,0.00007347006383940379,0.00007347006383940379,0.00007199146453201756,0.00007216446373698539,2580372.6447475487
1761800400,0.00007216446373698539,0.00007327779914912128,0.00007216446373698539,0.00007311178961874491,6604105.2508223895
1761804000,0.00007311178961874491,0.00007311178961874491,0.00007269956154261562,0.00007269956154261562,107606.95383529107
1761807600,0.00007269956154261562,0.00007272209477341927,0.00007269956154261562,0.00007272209477341927,942408.9995855979
1761811200,0.00007272209477341927,0.000073127009105967,0.00007272209477341927,0.000073127009105967,152908.94194797837
1761814800,0.000073127009105967,0.000073127009105967,0.00007210988509688914,0.00007258510746103219,2530498.3434829274
1761818400,0.00007258510746103219,0.00007258510746103219,0.00007258510746103219,0.00007258510746103219,0
1761822000,0.00007258510746103219,0.00007258510746103219,0.00007258510746103219,0.00007258510746103219,0
1761825600,0.00007258510746103219,0.00007258510746103219,0.0000692398816378824,0.0000692398816378824,11143337.9425049
1761829200,0.0000692398816378824,0.0000692398816378824,0.00006699895161559576,0.00006699895161559576,296136.8744627652
1761832800,0.00006699895161559576,0.00006699895161559576,0.00006691384390467574,0.00006691384390467574,1210192.6582787836
1761836400,0.00006691384390467574,0.00006701102074645254,0.00006658015112734742,0.00006672621525532843,1523359.1530291438
1761840000,0.00006672621525532843,0.00006699758222741958,0.00006672621525532843,0.00006699758222741958,1479955.8816531124
1761843600,0.00006699758222741958,0.00006699758222741958,0.00006647678945154732,0.00006647678945154732,1389114.930221594
1761847200,0.00006647678945154732,0.00006647678945154732,0.00006647678945154732,0.00006647678945154732,0
1761850800,0.00006647678945154732,0.00006647678945154732,0.00006647678945154732,0.00006647678945154732,0
1761854400,0.00006647678945154732,0.00006647678945154732,0.00006647678945154732,0.00006647678945154732,0
1761858000,0.00006647678945154732,0.00006647678945154732,0.00006647678945154732,0.00006647678945154732,0
1761861600,0.00006647678945154732,0.00006647678945154732,0.00006647678945154732,0.00006647678945154732,0
1761865200,0.00006647678945154732,0.00006647678945154732,0.00006647678945154732,0.00006647678945154732,0
1761868800,0.00006647678945154732,0.00006740275401947506,0.00006647678945154732,0.00006740275401947506,1446194.7348433514
1761872400,0.00006740275401947506,0.0000675204222477432,0.00006740275401947506,0.0000675204222477432,128257.4701444213
1761876000,0.0000675204222477432,0.00006779240164498427,0.0000675204222477432,0.00006779240164498427,289032.59105405863
1761879600,0.00006779240164498427,0.0000678940486674595,0.00006775024106564276,0.00006775024106564276,350684.0519032968
1761883200,0.00006775024106564276,0.00006775024106564276,0.00006713974673105237,0.00006713974673105237,1564565.2901596872
1761886800,0.00006713974673105237,0.00006722778478389583,0.00006713974673105237,0.00006722778478389583,2500000
1761890400,0.00006722778478389583,0.00006722778478389583,0.00006246716501809099,0.00006246716501809099,11720619.341174508
1761894000,0.00006246716501809099,0.00006246716501809099,0.00006246716501809099,0.00006246716501809099,0
1761897600,0.00006246716501809099,0.00006258834492805466,0.00006246716501809099,0.00006258834492805466,1542449.5844306266
1761901200,0.00006258834492805466,0.00006258834492805466,0.0000612875294683884,0.0000612875294683884,2084011.9508854188
1761904800,0.0000612875294683884,0.0000612875294683884,0.0000612875294683884,0.0000612875294683884,0
1761908400,0.0000612875294683884,0.00006323233660201847,0.0000612875294683884,0.00006290180059163299,15192081.70504828
1761912000,0.00006290180059163299,0.00006290180059163299,0.00006084431873785899,0.00006163738483453823,7889533.0660933675
1761915600,0.00006163738483453823,0.00006254994020698583,0.00006124743844082979,0.00006124743844082979,10395022.298047572
1761919200,0.00006124743844082979,0.00006124743844082979,0.00006103533171868198,0.00006103533171868198,140388.89451090014
1761922800,0.00006103533171868198,0.00006143375523259656,0.00005913432791452128,0.00005913432791452128,13750647.848788831
1761926400,0.00005913432791452128,0.00005913432791452128,0.00005708755960316832,0.00005708755960316832,398974.2432721214
1761930000,0.00005708755960316832,0.00005708755960316832,0.000056881251232500135,0.000056881251232500135,140000
1761933600,0.000056881251232500135,0.00005734714192093148,0.000056881251232500135,0.00005734714192093148,359961.82763937523
1761937200,0.00005734714192093148,0.00005734714192093148,0.00005682618713258884,0.00005682618713258884,5261920.190791098
1761940800,0.00005682618713258884,0.00005682618713258884,0.000055904344982134235,0.000055904344982134235,186574.60462087058
1761944400,0.000055904344982134235,0.00005611909584140552,0.000055904344982134235,0.00005611909584140552,190127.7771649159
1761948000,0.00005611909584140552,0.00005611909584140552,0.00005611909584140552,0.00005611909584140552,0
1761951600,0.00005611909584140552,0.000058745242712002576,0.00005611909584140552,0.000058745242712002576,10567386.247920614
1761955200,0.000058745242712002576,0.000058745242712002576,0.000058745242712002576,0.000058745242712002576,0
1761958800,0.000058745242712002576,0.000059373983342607254,0.000058745242712002576,0.0000588149183896073,1196744.6058546272
1761962400,0.0000588149183896073,0.00006124020210055733,0.0000588149183896073,0.00006124020210055733,16458103.329400882
1761966000,0.00006124020210055733,0.00006124020210055733,0.00006124020210055733,0.00006124020210055733,0
1761969600,0.00006124020210055733,0.00006124020210055733,0.00006124020210055733,0.00006124020210055733,0
1761973200,0.00006124020210055733,0.00006375256241469044,0.00006124020210055733,0.00006375256241469044,17071124.895066883
1761976800,0.00006375256241469044,0.00007190300106426867,0.00006375256241469044,0.00007190300106426867,17142034.208408073
1761980400,0.00007190300106426867,0.00007192410456537722,0.00007121924603597004,0.00007121924603597004,8422791.719344798
1761984000,0.00007121924603597004,0.00007121924603597004,0.00006846022905595639,0.00006846022905595639,108811.47063070913
1761987600,0.00006846022905595639,0.00006847392786383482,0.00006716878965899593,0.00006847392786383482,7756165.41056243
1761991200,0.00006847392786383482,0.0000686180435862093,0.00006847392786383482,0.0000686180435862093,2024946.4589122685
1761994800,0.0000686180435862093,0.0000686180435862093,0.0000686180435862093,0.0000686180435862093,0
1761998400,0.0000686180435862093,0.0000686180435862093,0.00006618224278341696,0.00006620342703104281,7456799.065416385
1762002000,0.00006620342703104281,0.00006620342703104281,0.00006520309740382264,0.00006520309740382264,3175031.3155357135
1762005600,0.00006520309740382264,0.00006595367502034054,0.00006397441820617979,0.00006397441820617979,16278129.562824234
1762009200,0.00006397441820617979,0.00006397441820617979,0.00006397441820617979,0.00006397441820617979,0
1762012800,0.00006397441820617979,0.00006397441820617979,0.00006397441820617979,0.00006397441820617979,0
1762016400,0.00006397441820617979,0.00006464782552301325,0.00006397441820617979,0.00006439466249761228,3383582.931660363
1762020000,0.00006439466249761228,0.00006439466249761228,0.00006439466249761228,0.00006439466249761228,0
1762023600,0.00006439466249761228,0.0000644500343779351,0.00006439466249761228,0.0000644500343779351,987187.5064810248
1762027200,0.0000644500343779351,0.0000644500343779351,0.0000644500343779351,0.0000644500343779351,0
1762030800,0.0000644500343779351,0.0000644500343779351,0.0000644500343779351,0.0000644500343779351,0
1762034400,0.0000644500343779351,0.0000644500343779351,0.0000644500343779351,0.0000644500343779351,0
1762038000,0.0000644500343779351,0.0000644500343779351,0.00006358566781479649,0.00006358566781479649,502722.9576969523
1762041600,0.00006358566781479649,0.00006358566781479649,0.00006358566781479649,0.00006358566781479649,0
1762045200,0.00006358566781479649,0.00006358566781479649,0.00006358566781479649,0.00006358566781479649,0
1762048800,0.00006358566781479649,0.00006358566781479649,0.00006325936257433666,0.00006325936257433666,226500.34867023
1762052400,0.00006325936257433666,0.00006325936257433666,0.000060898171723753705,0.000060898171723753705,6703889.282664867
1762056000,0.000060898171723753705,0.000060898171723753705,0.000060898171723753705,0.000060898171723753705,0
1762059600,0.000060898171723753705,0.000060898171723753705,0.00005560241819354016,0.000056245833823273944,24624110.531083487
1762063200,0.000056245833823273944,0.00005965459804470051,0.000055840576382684074,0.000058751020540447754,18168845.82232735
1762066800,0.000058751020540447754,0.000058751020540447754,0.00005787238475441343,0.00005787238475441343,2169043.671006194
1762070400,0.00005787238475441343,0.000058389565124019134,0.00005787238475441343,0.000058389565124019134,863833.8307984096
1762074000,0.000058389565124019134,0.00005901480086838837,0.00005801680223116529,0.00005901480086838837,5697119.026463641
1762077600,0.00005901480086838837,0.00006059675598104651,0.00005901480086838837,0.00006037142116203458,7645115.029811898
1762081200,0.00006037142116203458,0.00006037142116203458,0.00005799928047064033,0.00005799928047064033,7860685.864303344
1762084800,0.00005799928047064033,0.00005892144428459806,0.00005799928047064033,0.00005875884015131837,3595767.611317389
1762088400,0.00005875884015131837,0.00005875884015131837,0.00005875884015131837,0.00005875884015131837,0
1762092000,0.00005875884015131837,0.00005918889016161031,0.00005875884015131837,0.00005918889016161031,1671843.2095173434
1762095600,0.00005918889016161031,0.000059567980271961925,0.00005878772277280829,0.000059567980271961925,2181578.4561965563
1762099200,0.000059567980271961925,0.000059567980271961925,0.000059567980271961925,0.000059567980271961925,0
1762102800,0.000059567980271961925,0.000059567980271961925,0.000059567980271961925,0.000059567980271961925,0
1762106400,0.000059567980271961925,0.000059567980271961925,0.000059567980271961925,0.000059567980271961925,0
1762110000,0.000059567980271961925,0.000059567980271961925,0.0000592499165558135,0.0000592499165558135,341651.95136657683
1762113600,0.0000592499165558135,0.0000592499165558135,0.0000592499165558135,0.0000592499165558135,0
1762117200,0.0000592499165558135,0.00005930025776190892,0.0000592499165558135,0.00005930025776190892,280887.3879124409
1762120800,0.00005930025776190892,0.00005930025776190892,0.00005930025776190892,0.00005930025776190892,0
1762124400,0.00005930025776190892,0.00005930025776190892,0.00005930025776190892,0.00005930025776190892,0
1762128000,0.00005930025776190892,0.00005930025776190892,0.00005930025776190892,0.00005930025776190892,0
1762131600,0.00005930025776190892,0.00005930025776190892,0.00005930025776190892,0.00005930025776190892,0
1762135200,0.00005930025776190892,0.00005930025776190892,0.00005884059782346447,0.00005884059782346447,543760.1171190272
1762138800,0.00005884059782346447,0.00005884059782346447,0.000057282178071095614,0.000057339792964722776,2956488.916388779
1762142400,0.000057339792964722776,0.000057339792964722776,0.00005583922238095983,0.00005583922238095983,5474153.0396805275
1762146000,0.00005583922238095983,0.00005583922238095983,0.00005583922238095983,0.00005583922238095983,0
1762149600,0.00005583922238095983,0.00005583922238095983,0.00005541380580153559,0.00005541380580153559,777006.6229770517
1762153200,0.00005541380580153559,0.00005541380580153559,0.00005381629178665197,0.00005381629178665197,6963978.721512242
1762156800,0.00005381629178665197,0.00005381629178665197,0.00005381629178665197,0.00005381629178665197,0
1762160400,0.00005381629178665197,0.00005381629178665197,0.00005381629178665197,0.00005381629178665197,0
1762164000,0.00005381629178665197,0.00005381629178665197,0.00004927966138337864,0.00004927966138337864,16590064.744898103
1762167600,0.00004927966138337864,0.00004972745580615978,0.00004927966138337864,0.00004972745580615978,684270.0870095999
1762171200,0.00004972745580615978,0.00004972745580615978,0.000049323884193965835,0.00004935467847800817,2356413.8991767634
1762174800,0.00004935467847800817,0.00004935467847800817,0.00004935467847800817,0.00004935467847800817,0
1762178400,0.00004935467847800817,0.00004935467847800817,0.00004935467847800817,0.00004935467847800817,0
1762182000,0.00004935467847800817,0.00004935467847800817,0.00004862499015710773,0.00004862499015710773,1827230.0048205946
1762185600,0.00004862499015710773,0.00004862499015710773,0.00004862499015710773,0.00004862499015710773,0
1762189200,0.00004862499015710773,0.00004862499015710773,0.00004862499015710773,0.00004862499015710773,0
1762192800,0.00004862499015710773,0.00004862499015710773,0.00004862499015710773,0.00004862499015710773,0
1762196400,0.00004862499015710773,0.00004862499015710773,0.00004862499015710773,0.00004862499015710773,0
1762200000,0.00004862499015710773,0.00004862499015710773,0.00004862499015710773,0.00004862499015710773,0
1762203600,0.00004862499015710773,0.00004862499015710773,0.000047513640346922335,0.000047513640346922335,979213.0184817734
1762207200,0.000047513640346922335,0.000047513640346922335,0.000047513640346922335,0.000047513640346922335,0
1762210800,0.000047513640346922335,0.000047513640346922335,0.000047513640346922335,0.000047513640346922335,0
1762214400,0.000047513640346922335,0.000047513640346922335,0.00004731447892323733,0.00004750471045351931,2051619.6645688603
1762218000,0.00004750471045351931,0.00004750471045351931,0.00004730032821920122,0.00004730032821920122,124175.76138787255
1762221600,0.00004730032821920122,0.0000484589788100021,0.00004730032821920122,0.0000484589788100021,6182324.793944223
1762225200,0.0000484589788100021,0.000054047769037416105,0.0000484589788100021,0.00005372063461446221,24953635.508346524
1762228800,0.00005372063461446221,0.00005372063461446221,0.00005304256595697221,0.00005304256595697221,1699803.28295081
1762232400,0.00005304256595697221,0.00005304256595697221,0.00005038494342470688,0.00005038494342470688,13365960.57121453
1762236000,0.00005038494342470688,0.00005038494342470688,0.00005038494342470688,0.00005038494342470688,0
1762239600,0.00005038494342470688,0.00005038494342470688,0.00004657293845051467,0.00004657293845051467,212438.95547428066
1762243200,0.00004657293845051467,0.00004657293845051467,0.00004657293845051467,0.00004657293845051467,0
1762246800,0.00004657293845051467,0.0000471578676579122,0.00004657293845051467,0.0000471578676579122,1606380.55204283
1762250400,0.0000471578676579122,0.00004834042640332814,0.0000471578676579122,0.00004834042640332814,3477526.2054373
1762254000,0.00004834042640332814,0.00004834042640332814,0.000048163786068357974,0.000048335636007017767,2641303.259752245
1762257600,0.000048335636007017767,0.000048335636007017767,0.000048335636007017767,0.000048335636007017767,0
1762261200,0.000048335636007017767,0.00005162406846697506,0.000048335636007017767,0.00005162406846697506,18819464.410311066
1762264800,0.00005162406846697506,0.000052684549132474416,0.00005162406846697506,0.000052684549132474416,393371.86216424126
1762268400,0.000052684549132474416,0.000052684549132474416,0.000052684549132474416,0.000052684549132474416,0
1762272000,0.000052684549132474416,0.000052684549132474416,0.000052684549132474416,0.000052684549132474416,0
1762275600,0.000052684549132474416,0.000052684549132474416,0.00005173316071529536,0.00005173316071529536,1000000.0000009527
1762279200,0.00005173316071529536,0.00005332440606234156,0.00004804593764312031,0.00004804593764312031,39320329.30649992
1762282800,0.00004804593764312031,0.00004804593764312031,0.00004804593764312031,0.00004804593764312031,0
1762286400,0.00004804593764312031,0.00004804593764312031,0.00004804593764312031,0.00004804593764312031,0
1762290000,0.00004804593764312031,0.00004804593764312031,0.00004804593764312031,0.00004804593764312031,0
1762293600,0.00004804593764312031,0.00004804593764312031,0.00004804593764312031,0.00004804593764312031,0
1762297200,0.00004804593764312031,0.00004804593764312031,0.00004804593764312031,0.00004804593764312031,0
1762300800,0.00004804593764312031,0.00005202280276560672,0.00004804593764312031,0.000048248287198971646,28000941.31195083
1762304400,0.000048248287198971646,0.00004848680289899153,0.000047867204180297555,0.000047867204180297555,2819352.6573125506
1762308000,0.000047867204180297555,0.000048318591161593934,0.000047867204180297555,0.000048318591161593934,2618985.46274184
1762311600,0.000048318591161593934,0.000050197928764345014,0.000048318591161593934,0.000050197928764345014,9496176.512636542
1762315200,0.000050197928764345014,0.000050197928764345014,0.000050197928764345014,0.000050197928764345014,0
1762318800,0.000050197928764345014,0.000050197928764345014,0.000050197928764345014,0.000050197928764345014,0
1762322400,0.000050197928764345014,0.000050871396868435584,0.000050197928764345014,0.000050871396868435584,289032.59105405
1762326000,0.000050871396868435584,0.000050990936803616524,0.000050871396868435584,0.000050990936803616524,188601.3171290558
1762329600,0.000050990936803616524,0.000051678906736175885,0.000050949475090894966,0.00005165973346635198,4469210.233137328
1762333200,0.00005165973346635198,0.0000522934574126002,0.00005165973346635198,0.000052230397965495525,572065.4314221258
1762336800,0.000052230397965495525,0.000052461249736609815,0.000052077631673975574,0.000052461249736609815,1512121.1857828987
1762340400,0.000052461249736609815,0.00005500947060686105,0.000052461249736609815,0.0000530650017319893,24207705.524977326
1762344000,0.0000530650017319893,0.00005793113239635577,0.0000530650017319893,0.00005684932081183818,31620990.57270517
1762347600,0.00005684932081183818,0.00005684932081183818,0.00004942738024881602,0.00004942738024881602,26099127.850588582
1762351200,0.00004942738024881602,0.00004942738024881602,0.000049343178355934797,0.000049343178355934797,320582.4313412925
1762354800,0.000049343178355934797,0.00004980359084623138,0.000049343178355934797,0.000049558748845260204,4488275.101873651
1762358400,0.000049558748845260204,0.000049558748845260204,0.000049558748845260204,0.000049558748845260204,0
1762362000,0.000049558748845260204,0.00005005681111436025,0.000049558748845260204,0.00005005681111436025,2090430.4669813006
1762365600,0.00005005681111436025,0.000051362959077957176,0.00005005681111436025,0.000051362959077957176,6186134.712793965
1762369200,0.000051362959077957176,0.00005210955518857905,0.000051362959077957176,0.000051821493262045044,4303937.321767554
1762372800,0.000051821493262045044,0.000051821493262045044,0.000050547183280479175,0.000050547183280479175,4581728.151991988
1762376400,0.000050547183280479175,0.000050547183280479175,0.000050547183280479175,0.000050547183280479175,0
1762380000,0.000050547183280479175,0.000050547183280479175,0.000050547183280479175,0.000050547183280479175,0
1762383600,0.000050547183280479175,0.000050547183280479175,0.000050547183280479175,0.000050547183280479175,0
1762387200,0.000050547183280479175,0.000050547183280479175,0.000050547183280479175,0.000050547183280479175,0
1762390800,0.000050547183280479175,0.000050547183280479175,0.000050547183280479175,0.000050547183280479175,0
1762394400,0.000050547183280479175,0.000050547183280479175,0.000050547183280479175,0.000050547183280479175,0
1762398000,0.000050547183280479175,0.000050547183280479175,0.000050547183280479175,0.000050547183280479175,0
1762401600,0.000050547183280479175,0.00005111287486484304,0.0000502583765214245,0.00005111287486484304,4192300.7763003726
1762405200,0.00005111287486484304,0.00005111287486484304,0.00005111287486484304,0.00005111287486484304,0
1762408800,0.00005111287486484304,0.00005111287486484304,0.00005075610028690829,0.00005075610028690829,539940.5465971122
1762412400,0.00005075610028690829,0.00005075610028690829,0.00005075610028690829,0.00005075610028690829,0
1762416000,0.00005075610028690829,0.000050756327432620995,0.00005075610028690829,0.000050756327432620995,468380.4716332688
1762419600,0.000050756327432620995,0.000050756327432620995,0.00005053856533526303,0.00005071251072416567,1417572.5427924432
1762423200,0.00005071251072416567,0.00005071251072416567,0.00005071251072416567,0.00005071251072416567,0
1762426800,0.00005071251072416567,0.00005071251072416567,0.00005071251072416567,0.00005071251072416567,0
1762430400,0.00005071251072416567,0.00005071251072416567,0.00005071251072416567,0.00005071251072416567,0
1762434000,0.00005071251072416567,0.00005071251072416567,0.000050326043125812124,0.000050326043125812124,557461.1087756
1762437600,0.000050326043125812124,0.000050326043125812124,0.000050326043125812124,0.000050326043125812124,0
1762441200,0.000050326043125812124,0.000050326043125812124,0.000049902879708104855,0.000049902879708104855,3004019.133602794
1762444800,0.000049902879708104855,0.000049902879708104855,0.000049902879708104855,0.000049902879708104855,0
1762448400,0.000049902879708104855,0.000049902879708104855,0.000049902879708104855,0.000049902879708104855,0
1762452000,0.000049902879708104855,0.00005047378701863906,0.000049902879708104855,0.00005047378701863906,3004019.133602794
1762455600,0.00005047378701863906,0.00005047378701863906,0.00005047378701863906,0.00005047378701863906,0
1762459200,0.00005047378701863906,0.00005047378701863906,0.00005047378701863906,0.00005047378701863906,0
1762462800,0.00005047378701863906,0.00005047378701863906,0.00005047378701863906,0.00005047378701863906,0
1762466400,0.00005047378701863906,0.00005047378701863906,0.00005022468370780646,0.00005022468370780646,2228468.01804581
1762470000,0.00005022468370780646,0.00005022468370780646,0.00005022468370780646,0.00005022468370780646,0
1762473600,0.00005022468370780646,0.000050313969581056336,0.00005022468370780646,0.000050313969581056336,1586360.6588877405
1762477200,0.000050313969581056336,0.00005057252944597522,0.000050313969581056336,0.00005057252944597522,2467198.597053071
1762480800,0.00005057252944597522,0.00005057252944597522,0.00005057252944597522,0.00005057252944597522,0
1762484400,0.00005057252944597522,0.00005057252944597522,0.00005057252944597522,0.00005057252944597522,0
1762488000,0.00005057252944597522,0.00005057252944597522,0.00005057252944597522,0.00005057252944597522,0
1762491600,0.00005057252944597522,0.00005141808179303975,0.00005057252944597522,0.00005141808179303975,1586360.6588877405
1762495200,0.00005141808179303975,0.00005165803039585065,0.00005141808179303975,0.00005165803039585065,1926312.948956164
1762498800,0.00005165803039585065,0.000052438895558930035,0.00005165803039585065,0.000052438895558930035,1696444.2007853505
1762502400,0.000052438895558930035,0.000052438895558930035,0.00005212423309084619,0.00005212423309084619,2000000
1762506000,0.00005212423309084619,0.00005212423309084619,0.000050848342058362685,0.000050848342058362685,1593112.4607410748
1762509600,0.000050848342058362685,0.000050848342058362685,0.00005070616776158001,0.00005070616776158001,362014.5781087623
1762513200,0.00005070616776158001,0.00005070616776158001,0.00005070616776158001,0.00005070616776158001,0
1762516800,0.00005070616776158001,0.00005070616776158001,0.00005070616776158001,0.00005070616776158001,0
1762520400,0.00005070616776158001,0.00005070616776158001,0.00005070616776158001,0.00005070616776158001,0
1762524000,0.00005070616776158001,0.00005070616776158001,0.00004908435956878076,0.00004908435956878076,2467198.5970530696
1762527600,0.00004908435956878076,0.00004927802964949458,0.00004894477443704199,0.00004894477443704199,1245422.1865047887
1762531200,0.00004894477443704199,0.00004895862651165034,0.00004894477443704199,0.00004895862651165034,365455.23188106663
1762534800,0.00004895862651165034,0.00004904958953705626,0.00004895862651165034,0.00004904958953705626,1579085.8852279943
1762538400,0.00004904958953705626,0.000052308272296053924,0.00004904958953705626,0.000052308272296053924,12082073.040858641
1762542000,0.000052308272296053924,0.000052308272296053924,0.00005226949869252685,0.00005226949869252685,11109173.789003618
1762545600,0.00005226949869252685,0.00005226949869252685,0.00005226949869252685,0.00005226949869252685,0
1762549200,0.00005226949869252685,0.00005226949869252685,0.00005226949869252685,0.00005226949869252685,0
1762552800,0.00005226949869252685,0.00005226949869252685,0.00005226949869252685,0.00005226949869252685,0
1762556400,0.00005226949869252685,0.00005226949869252685,0.00005226949869252685,0.00005226949869252685,0
1762560000,0.00005226949869252685,0.00005226949869252685,0.00005226949869252685,0.00005226949869252685,0
1762563600,0.00005226949869252685,0.00005226949869252685,0.000051892764883138994,0.000051892764883138994,3551015.0319038085
1762567200,0.000051892764883138994,0.000051892764883138994,0.000051892764883138994,0.000051892764883138994,0
1762570800,0.000051892764883138994,0.000051892764883138994,0.000051892764883138994,0.000051892764883138994,0
1762574400,0.000051892764883138994,0.00005200141491223457,0.000051892764883138994,0.00005200141491223457,2142797.376000366
1762578000,0.00005200141491223457,0.00005200141491223457,0.00005161950988878656,0.00005161950988878656,104767.55321395471
1762581600,0.00005161950988878656,0.00005169684811304481,0.00005161950988878656,0.00005169684811304481,585062.4083803652
1762585200,0.00005169684811304481,0.00005169684811304481,0.00005169684811304481,0.00005169684811304481,0
1762588800,0.00005169684811304481,0.00005169684811304481,0.00005169684811304481,0.00005169684811304481,0
1762592400,0.00005169684811304481,0.00005182637477221924,0.00005169684811304481,0.00005182637477221924,234190.2358166344
1762596000,0.00005182637477221924,0.00005182637477221924,0.00005182637477221924,0.00005182637477221924,0
1762599600,0.00005182637477221924,0.00005182637477221924,0.00005182637477221924,0.00005182637477221924,0
1762603200,0.00005182637477221924,0.00005182637477221924,0.00005182637477221924,0.00005182637477221924,0
1762606800,0.00005182637477221924,0.00005182637477221924,0.00005182637477221924,0.00005182637477221924,0
1762610400,0.00005182637477221924,0.00005194210719143858,0.00005182637477221924,0.00005194210719143858,1045526.3370903804
1762614000,0.00005194210719143858,0.00005194210719143858,0.00005161600923880051,0.00005161600923880051,386583.75745067035
1762617600,0.00005161600923880051,0.000052997537596103546,0.00005161600923880051,0.00005293780073468935,8767734.998675259
1762621200,0.00005293780073468935,0.00005293780073468935,0.00005293780073468935,0.00005293780073468935,0
1762624800,0.00005293780073468935,0.00005293780073468935,0.00005293780073468935,0.00005293780073468935,0
1762628400,0.00005293780073468935,0.00005293780073468935,0.00005293780073468935,0.00005293780073468935,0
1762632000,0.00005293780073468935,0.00005293780073468935,0.00005293780073468935,0.00005293780073468935,0
1762635600,0.00005293780073468935,0.00005295882046509819,0.00005293780073468935,0.00005295882046509819,514531.0488442892
1762639200,0.00005295882046509819,0.00005295882046509819,0.00005295882046509819,0.00005295882046509819,0
1762642800,0.00005295882046509819,0.00005295882046509819,0.00005295882046509819,0.00005295882046509819,0
1762646400,0.00005295882046509819,0.00005295882046509819,0.00005295882046509819,0.00005295882046509819,0
1762650000,0.00005295882046509819,0.00005295882046509819,0.00005295882046509819,0.00005295882046509819,0
1762653600,0.00005295882046509819,0.00005295882046509819,0.00005295882046509819,0.00005295882046509819,0
1762657200,0.00005295882046509819,0.00005295882046509819,0.00005295882046509819,0.00005295882046509819,0
1762660800,0.00005295882046509819,0.00005295882046509819,0.00005295882046509819,0.00005295882046509819,0
1762664400,0.00005295882046509819,0.00005295882046509819,0.00005295882046509819,0.00005295882046509819,0
1762668000,0.00005295882046509819,0.00005295882046509819,0.00005295882046509819,0.00005295882046509819,0
1762671600,0.00005295882046509819,0.00005295882046509819,0.00005295882046509819,0.00005295882046509819,0
1762675200,0.00005295882046509819,0.00005295882046509819,0.0000523706406936416,0.0000523706406936416,616308.197691757
1762678800,0.0000523706406936416,0.0000523706406936416,0.000051986897721139864,0.000051986897721139864,4696105.803516622
1762682400,0.000051986897721139864,0.000051986897721139864,0.00005143651990184969,0.00005149053645853841,273145.6937205923
1762686000,0.00005149053645853841,0.00005149053645853841,0.00005149053645853841,0.00005149053645853841,0
1762689600,0.00005149053645853841,0.00005149053645853841,0.00005149053645853841,0.00005149053645853841,0
1762693200,0.00005149053645853841,0.00005149053645853841,0.00005149053645853841,0.00005149053645853841,0
1762696800,0.00005149053645853841,0.000051614720611107424,0.00005149053645853841,0.000051614720611107424,190287.76489824842
1762700400,0.000051614720611107424,0.000051614720611107424,0.000051614720611107424,0.000051614720611107424,0
1762704000,0.000051614720611107424,0.000051614720611107424,0.000051614720611107424,0.000051614720611107424,0
1762707600,0.000051614720611107424,0.000051614720611107424,0.000051614720611107424,0.000051614720611107424,0
1762711200,0.000051614720611107424,0.000051614720611107424,0.000051614720611107424,0.000051614720611107424,0
1762714800,0.000051614720611107424,0.000051614720611107424,0.000051614720611107424,0.000051614720611107424,0
1762718400,0.000051614720611107424,0.000051614720611107424,0.000051614720611107424,0.000051614720611107424,0
1762722000,0.000051614720611107424,0.000051614720611107424,0.000051614720611107424,0.000051614720611107424,0
1762725600,0.000051614720611107424,0.000051614720611107424,0.000051614720611107424,0.000051614720611107424,0
1762729200,0.000051614720611107424,0.000051614720611107424,0.000051614720611107424,0.000051614720611107424,0
1762732800,0.000051614720611107424,0.000051614720611107424,0.000051614720611107424,0.000051614720611107424,0
1762736400,0.000051614720611107424,0.000051614720611107424,0.000051614720611107424,0.000051614720611107424,0
1762740000,0.000051614720611107424,0.000051614720611107424,0.000051614720611107424,0.000051614720611107424,0
1762743600,0.000051614720611107424,0.000051614720611107424,0.000051614720611107424,0.000051614720611107424,0
1762747200,0.000051614720611107424,0.000051614720611107424,0.000051614720611107424,0.000051614720611107424,0
1762750800,0.000051614720611107424,0.00005283203516381756,0.000051614720611107424,0.00005283203516381756,141981.8778487889
1762754400,0.00005283203516381756,0.00005283203516381756,0.00005283203516381756,0.00005283203516381756,0
1762758000,0.00005283203516381756,0.00005283203516381756,0.00005283203516381756,0.00005283203516381756,0
1762761600,0.00005283203516381756,0.00005283203516381756,0.00005283203516381756,0.00005283203516381756,0
1762765200,0.00005283203516381756,0.00005283203516381756,0.00005283203516381756,0.00005283203516381756,0
1762768800,0.00005283203516381756,0.00005283203516381756,0.00005283203516381756,0.00005283203516381756,0
1762772400,0.00005283203516381756,0.00005283203516381756,0.00005283203516381756,0.00005283203516381756,0
1762776000,0.00005283203516381756,0.00005283203516381756,0.00005126625019016026,0.00005126625019016026,2522996.2756500607
1762779600,0.00005126625019016026,0.0000516817903487816,0.00005126625019016026,0.0000516817903487816,174393.92820514535
1762783200,0.0000516817903487816,0.0000516817903487816,0.00005105180264060505,0.00005105180264060505,1003110.1795498158
1762786800,0.00005105180264060505,0.00005105180264060505,0.00005105180264060505,0.00005105180264060505,0
1762790400,0.00005105180264060505,0.00005105180264060505,0.00005105180264060505,0.00005105180264060505,0
1762794000,0.00005105180264060505,0.00005105180264060505,0.00005105180264060505,0.00005105180264060505,0
1762797600,0.00005105180264060505,0.00005105180264060505,0.000047756675123755404,0.000047756675123755404,20742167.85876832
1762801200,0.000047756675123755404,0.000047756675123755404,0.000047756675123755404,0.000047756675123755404,0