{
  "name": "top_10",
  "description": "Top 10 callers",
  "caller_ids": [
    "Austic",
    "Brook Giga I verify @BrookCalls",
    "Brook \ud83d\udc80l verify @BrookCalls",
    "Brook \ud83d\udc80\ud83e\uddf2",
    "Croz",
    "JK -Whale",
    "Mistor",
    "TY/ACC NO INFO",
    "davinch",
    "meta maxist"
  ],
  "created_at": "2026-01-04T23:00:35.788502+00:00",
  "metadata": {
    "source": "top_callers",
    "top_n": 10,
    "min_calls": 10,
    "date_from": null,
    "date_to": null,
    "duckdb_path": "data/alerts.duckdb"
  }
}