Strategy,TotalTrades,WinRate,AvgPnlPerTrade,FinalPortfolio,CompoundFactor,MaxDrawdown,MaxDrawdownPct,StdDevReturns,RiskAdjustedScore,AvgPerTradeMaxDrawdown,AvgRiskRatio,SharpeRatio,LossClampEnabled,MinPnlFloor
PT2_SL15_TS10@1.3_NoExitCross_KijunSL_NoClamp,70,54.29,15.08,250.69,2.5069,15.34,5.82,51.91,0.0290,3.14,1.14,4.6100,No,0.8
PT2_SL15_TS10@1.3_NoExitCross_KijunSL_Clamp80,70,54.29,15.08,250.69,2.5069,15.34,5.82,51.91,0.0290,3.14,1.14,4.6100,Yes,0.8
PT2_SL15_TS10@1.3_NoExitCross_KijunSL_Clamp85,70,54.29,15.08,250.69,2.5069,15.34,5.82,51.91,0.0290,3.14,1.14,4.6100,Yes,0.85
PT2_SL20_TS10@1.3_NoExitCross_KijunSL_Clamp85,70,54.29,15.08,250.69,2.5069,15.34,5.82,51.91,0.0290,3.14,1.14,4.6100,Yes,0.85
PT2_SL25_TS10@1.3_NoExitCross_KijunSL_Clamp85,70,54.29,15.08,250.69,2.5069,15.34,5.82,51.91,0.0290,3.14,1.14,4.6100,Yes,0.85
PT2-3_SL15_TS10@1.3_NoExitCross_KijunSL_NoClamp,70,54.29,15.08,250.69,2.5069,15.34,5.82,51.91,0.0290,3.14,1.14,4.6100,No,0.8
PT2-3_SL15_TS10@1.3_NoExitCross_KijunSL_Clamp80,70,54.29,15.08,250.69,2.5069,15.34,5.82,51.91,0.0290,3.14,1.14,4.6100,Yes,0.8
PT2-3_SL15_TS10@1.3_NoExitCross_KijunSL_Clamp85,70,54.29,15.08,250.69,2.5069,15.34,5.82,51.91,0.0290,3.14,1.14,4.6100,Yes,0.85
PT2-3_SL20_TS10@1.3_NoExitCross_KijunSL_Clamp85,70,54.29,15.08,250.69,2.5069,15.34,5.82,51.91,0.0290,3.14,1.14,4.6100,Yes,0.85
PT2-3_SL25_TS10@1.3_NoExitCross_KijunSL_Clamp85,70,54.29,15.08,250.69,2.5069,15.34,5.82,51.91,0.0290,3.14,1.14,4.6100,Yes,0.85
PT2_SL20_TS10@1.3_NoExitCross_KijunSL_NoClamp,70,54.29,14.74,245.14,2.4514,15.57,6.00,52.12,0.0278,3.47,1.13,4.4905,No,0.8
PT2_SL20_TS10@1.3_NoExitCross_KijunSL_Clamp80,70,54.29,14.74,245.14,2.4514,15.57,6.00,52.12,0.0278,3.47,1.13,4.4905,Yes,0.8
PT2_SL25_TS10@1.3_NoExitCross_KijunSL_Clamp80,70,54.29,14.74,245.14,2.4514,15.57,6.00,52.12,0.0278,3.47,1.13,4.4905,Yes,0.8
PT2-3_SL20_TS10@1.3_NoExitCross_KijunSL_NoClamp,70,54.29,14.74,245.14,2.4514,15.57,6.00,52.12,0.0278,3.47,1.13,4.4905,No,0.8
PT2-3_SL20_TS10@1.3_NoExitCross_KijunSL_Clamp80,70,54.29,14.74,245.14,2.4514,15.57,6.00,52.12,0.0278,3.47,1.13,4.4905,Yes,0.8
PT2-3_SL25_TS10@1.3_NoExitCross_KijunSL_Clamp80,70,54.29,14.74,245.14,2.4514,15.57,6.00,52.12,0.0278,3.47,1.13,4.4905,Yes,0.8
PT1.5-2_SL15_TS10@1.3_NoExitCross_KijunSL_NoClamp,70,54.29,14.65,245.14,2.4514,14.96,5.82,51.22,0.0283,3.14,1.14,4.5395,No,0.8
PT1.5-2_SL15_TS10@1.3_NoExitCross_KijunSL_Clamp80,70,54.29,14.65,245.14,2.4514,14.96,5.82,51.22,0.0283,3.14,1.14,4.5395,Yes,0.8
PT1.5-2_SL15_TS10@1.3_NoExitCross_KijunSL_Clamp85,70,54.29,14.65,245.14,2.4514,14.96,5.82,51.22,0.0283,3.14,1.14,4.5395,Yes,0.85
PT1.5-2_SL20_TS10@1.3_NoExitCross_KijunSL_Clamp85,70,54.29,14.65,245.14,2.4514,14.96,5.82,51.22,0.0283,3.14,1.14,4.5395,Yes,0.85
PT1.5-2_SL25_TS10@1.3_NoExitCross_KijunSL_Clamp85,70,54.29,14.65,245.14,2.4514,14.96,5.82,51.22,0.0283,3.14,1.14,4.5395,Yes,0.85
PT2_SL25_TS10@1.3_NoExitCross_KijunSL_NoClamp,70,54.29,14.59,242.76,2.4276,15.62,6.04,52.23,0.0273,3.62,1.13,4.4360,No,0.8
PT2-3_SL25_TS10@1.3_NoExitCross_KijunSL_NoClamp,70,54.29,14.59,242.76,2.4276,15.62,6.04,52.23,0.0273,3.62,1.13,4.4360,No,0.8
PT1.5_SL15_TS10@1.3_NoExitCross_KijunSL_NoClamp,70,54.29,14.42,241.99,2.4199,14.75,5.82,50.93,0.0279,3.14,1.14,4.4947,No,0.8
PT1.5_SL15_TS10@1.3_NoExitCross_KijunSL_Clamp80,70,54.29,14.42,241.99,2.4199,14.75,5.82,50.93,0.0279,3.14,1.14,4.4947,Yes,0.8
PT1.5_SL15_TS10@1.3_NoExitCross_KijunSL_Clamp85,70,54.29,14.42,241.99,2.4199,14.75,5.82,50.93,0.0279,3.14,1.14,4.4947,Yes,0.85
PT1.5_SL20_TS10@1.3_NoExitCross_KijunSL_Clamp85,70,54.29,14.42,241.99,2.4199,14.75,5.82,50.93,0.0279,3.14,1.14,4.4947,Yes,0.85
PT1.5_SL25_TS10@1.3_NoExitCross_KijunSL_Clamp85,70,54.29,14.42,241.99,2.4199,14.75,5.82,50.93,0.0279,3.14,1.14,4.4947,Yes,0.85
PT1.5-2_SL20_TS10@1.3_NoExitCross_KijunSL_NoClamp,70,54.29,14.32,239.71,2.3971,15.18,6.00,51.43,0.0272,3.47,1.13,4.4188,No,0.8
PT1.5-2_SL20_TS10@1.3_NoExitCross_KijunSL_Clamp80,70,54.29,14.32,239.71,2.3971,15.18,6.00,51.43,0.0272,3.47,1.13,4.4188,Yes,0.8
PT1.5-2_SL25_TS10@1.3_NoExitCross_KijunSL_Clamp80,70,54.29,14.32,239.71,2.3971,15.18,6.00,51.43,0.0272,3.47,1.13,4.4188,Yes,0.8
PT1.5-2_SL25_TS10@1.3_NoExitCross_KijunSL_NoClamp,70,54.29,14.17,237.39,2.3739,15.11,6.00,51.54,0.0267,3.62,1.13,4.3637,No,0.8
PT1.5_SL20_TS10@1.3_NoExitCross_KijunSL_NoClamp,70,54.29,14.09,236.64,2.3664,14.97,6.00,51.14,0.0267,3.47,1.13,4.3735,No,0.8
PT1.5_SL20_TS10@1.3_NoExitCross_KijunSL_Clamp80,70,54.29,14.09,236.64,2.3664,14.97,6.00,51.14,0.0267,3.47,1.13,4.3735,Yes,0.8
PT1.5_SL25_TS10@1.3_NoExitCross_KijunSL_Clamp80,70,54.29,14.09,236.64,2.3664,14.97,6.00,51.14,0.0267,3.47,1.13,4.3735,Yes,0.8
PT1.5_SL25_TS10@1.3_NoExitCross_KijunSL_NoClamp,70,54.29,13.94,234.34,2.3434,14.90,6.00,51.24,0.0262,3.62,1.13,4.3181,No,0.8
PT2_SL15_TS10@1.3_ExitCross_KijunSL_NoClamp,70,50.00,13.57,228.95,2.2895,14.03,5.83,51.74,0.0249,3.28,1.13,4.1630,No,0.8
PT2_SL15_TS10@1.3_ExitCross_KijunSL_Clamp80,70,50.00,13.57,228.95,2.2895,14.03,5.83,51.74,0.0249,3.28,1.13,4.1630,Yes,0.8
PT2_SL15_TS10@1.3_ExitCross_KijunSL_Clamp85,70,50.00,13.57,228.95,2.2895,14.03,5.83,51.74,0.0249,3.28,1.13,4.1630,Yes,0.85
PT2_SL20_TS10@1.3_ExitCross_KijunSL_Clamp85,70,50.00,13.57,228.95,2.2895,14.03,5.83,51.74,0.0249,3.28,1.13,4.1630,Yes,0.85
PT2_SL25_TS10@1.3_ExitCross_KijunSL_Clamp85,70,50.00,13.57,228.95,2.2895,14.03,5.83,51.74,0.0249,3.28,1.13,4.1630,Yes,0.85
PT2-3_SL15_TS10@1.3_ExitCross_KijunSL_NoClamp,70,50.00,13.57,228.95,2.2895,14.03,5.83,51.74,0.0249,3.28,1.13,4.1630,No,0.8
PT2-3_SL15_TS10@1.3_ExitCross_KijunSL_Clamp80,70,50.00,13.57,228.95,2.2895,14.03,5.83,51.74,0.0249,3.28,1.13,4.1630,Yes,0.8
PT2-3_SL15_TS10@1.3_ExitCross_KijunSL_Clamp85,70,50.00,13.57,228.95,2.2895,14.03,5.83,51.74,0.0249,3.28,1.13,4.1630,Yes,0.85
PT2-3_SL20_TS10@1.3_ExitCross_KijunSL_Clamp85,70,50.00,13.57,228.95,2.2895,14.03,5.83,51.74,0.0249,3.28,1.13,4.1630,Yes,0.85
PT2-3_SL25_TS10@1.3_ExitCross_KijunSL_Clamp85,70,50.00,13.57,228.95,2.2895,14.03,5.83,51.74,0.0249,3.28,1.13,4.1630,Yes,0.85
PT2_SL20_TS10@1.3_ExitCross_KijunSL_NoClamp,70,50.00,13.24,223.88,2.2388,14.23,6.00,51.94,0.0239,3.61,1.12,4.0456,No,0.8
PT2_SL20_TS10@1.3_ExitCross_KijunSL_Clamp80,70,50.00,13.24,223.88,2.2388,14.23,6.00,51.94,0.0239,3.61,1.12,4.0456,Yes,0.8
PT2_SL25_TS10@1.3_ExitCross_KijunSL_Clamp80,70,50.00,13.24,223.88,2.2388,14.23,6.00,51.94,0.0239,3.61,1.12,4.0456,Yes,0.8
PT2-3_SL20_TS10@1.3_ExitCross_KijunSL_NoClamp,70,50.00,13.24,223.88,2.2388,14.23,6.00,51.94,0.0239,3.61,1.12,4.0456,No,0.8
PT2-3_SL20_TS10@1.3_ExitCross_KijunSL_Clamp80,70,50.00,13.24,223.88,2.2388,14.23,6.00,51.94,0.0239,3.61,1.12,4.0456,Yes,0.8
PT2-3_SL25_TS10@1.3_ExitCross_KijunSL_Clamp80,70,50.00,13.24,223.88,2.2388,14.23,6.00,51.94,0.0239,3.61,1.12,4.0456,Yes,0.8
PT1.5-2_SL15_TS10@1.3_ExitCross_KijunSL_NoClamp,70,50.00,13.14,223.75,2.2375,13.67,5.83,51.04,0.0242,3.28,1.13,4.0875,No,0.8
PT1.5-2_SL15_TS10@1.3_ExitCross_KijunSL_Clamp80,70,50.00,13.14,223.75,2.2375,13.67,5.83,51.04,0.0242,3.28,1.13,4.0875,Yes,0.8
PT1.5-2_SL15_TS10@1.3_ExitCross_KijunSL_Clamp85,70,50.00,13.14,223.75,2.2375,13.67,5.83,51.04,0.0242,3.28,1.13,4.0875,Yes,0.85
PT1.5-2_SL20_TS10@1.3_ExitCross_KijunSL_Clamp85,70,50.00,13.14,223.75,2.2375,13.67,5.83,51.04,0.0242,3.28,1.13,4.0875,Yes,0.85
PT1.5-2_SL25_TS10@1.3_ExitCross_KijunSL_Clamp85,70,50.00,13.14,223.75,2.2375,13.67,5.83,51.04,0.0242,3.28,1.13,4.0875,Yes,0.85
PT2_SL25_TS10@1.3_ExitCross_KijunSL_NoClamp,70,50.00,13.09,221.69,2.2169,14.28,6.05,52.04,0.0234,3.76,1.12,3.9921,No,0.8
PT2-3_SL25_TS10@1.3_ExitCross_KijunSL_NoClamp,70,50.00,13.09,221.69,2.2169,14.28,6.05,52.04,0.0234,3.76,1.12,3.9921,No,0.8
PT2_SL15_TS15@1.5_NoExitCross_KijunSL_NoClamp,70,52.86,13.08,221.52,2.2152,13.67,5.82,51.58,0.0236,3.14,6.61,4.0250,No,0.8
PT2_SL15_TS15@1.5_NoExitCross_KijunSL_Clamp80,70,52.86,13.08,221.52,2.2152,13.67,5.82,51.58,0.0236,3.14,6.61,4.0250,Yes,0.8
PT2_SL15_TS15@1.5_NoExitCross_KijunSL_Clamp85,70,52.86,13.08,221.52,2.2152,13.67,5.82,51.58,0.0236,3.14,6.61,4.0250,Yes,0.85
PT2_SL20_TS15@1.5_NoExitCross_KijunSL_Clamp85,70,52.86,13.08,221.52,2.2152,13.67,5.82,51.58,0.0236,3.14,6.61,4.0250,Yes,0.85
PT2_SL25_TS15@1.5_NoExitCross_KijunSL_Clamp85,70,52.86,13.08,221.52,2.2152,13.67,5.82,51.58,0.0236,3.14,6.61,4.0250,Yes,0.85
PT2-3_SL15_TS15@1.5_NoExitCross_KijunSL_NoClamp,70,52.86,13.08,221.52,2.2152,13.67,5.82,51.58,0.0236,3.14,6.61,4.0250,No,0.8
PT2-3_SL15_TS15@1.5_NoExitCross_KijunSL_Clamp80,70,52.86,13.08,221.52,2.2152,13.67,5.82,51.58,0.0236,3.14,6.61,4.0250,Yes,0.8
PT2-3_SL15_TS15@1.5_NoExitCross_KijunSL_Clamp85,70,52.86,13.08,221.52,2.2152,13.67,5.82,51.58,0.0236,3.14,6.61,4.0250,Yes,0.85
PT2-3_SL20_TS15@1.5_NoExitCross_KijunSL_Clamp85,70,52.86,13.08,221.52,2.2152,13.67,5.82,51.58,0.0236,3.14,6.61,4.0250,Yes,0.85
PT2-3_SL25_TS15@1.5_NoExitCross_KijunSL_Clamp85,70,52.86,13.08,221.52,2.2152,13.67,5.82,51.58,0.0236,3.14,6.61,4.0250,Yes,0.85
PT1.5_SL15_TS10@1.3_ExitCross_KijunSL_NoClamp,70,50.00,12.91,220.79,2.2079,13.47,5.83,50.73,0.0238,3.28,1.13,4.0405,No,0.8
PT1.5_SL15_TS10@1.3_ExitCross_KijunSL_Clamp80,70,50.00,12.91,220.79,2.2079,13.47,5.83,50.73,0.0238,3.28,1.13,4.0405,Yes,0.8
PT1.5_SL15_TS10@1.3_ExitCross_KijunSL_Clamp85,70,50.00,12.91,220.79,2.2079,13.47,5.83,50.73,0.0238,3.28,1.13,4.0405,Yes,0.85
PT1.5_SL20_TS10@1.3_ExitCross_KijunSL_Clamp85,70,50.00,12.91,220.79,2.2079,13.47,5.83,50.73,0.0238,3.28,1.13,4.0405,Yes,0.85
PT1.5_SL25_TS10@1.3_ExitCross_KijunSL_Clamp85,70,50.00,12.91,220.79,2.2079,13.47,5.83,50.73,0.0238,3.28,1.13,4.0405,Yes,0.85
PT1.5-2_SL20_TS10@1.3_ExitCross_KijunSL_NoClamp,70,50.00,12.81,218.79,2.1879,13.87,6.00,51.23,0.0232,3.61,1.12,3.9688,No,0.8
PT1.5-2_SL20_TS10@1.3_ExitCross_KijunSL_Clamp80,70,50.00,12.81,218.79,2.1879,13.87,6.00,51.23,0.0232,3.61,1.12,3.9688,Yes,0.8
PT1.5-2_SL25_TS10@1.3_ExitCross_KijunSL_Clamp80,70,50.00,12.81,218.79,2.1879,13.87,6.00,51.23,0.0232,3.61,1.12,3.9688,Yes,0.8
PT1.5-2_SL15_TS15@1.5_NoExitCross_KijunSL_NoClamp,70,52.86,12.74,217.71,2.1771,13.36,5.82,51.00,0.0231,3.14,6.61,3.9650,No,0.8
PT1.5-2_SL15_TS15@1.5_NoExitCross_KijunSL_Clamp80,70,52.86,12.74,217.71,2.1771,13.36,5.82,51.00,0.0231,3.14,6.61,3.9650,Yes,0.8
PT1.5-2_SL15_TS15@1.5_NoExitCross_KijunSL_Clamp85,70,52.86,12.74,217.71,2.1771,13.36,5.82,51.00,0.0231,3.14,6.61,3.9650,Yes,0.85
PT1.5-2_SL20_TS15@1.5_NoExitCross_KijunSL_Clamp85,70,52.86,12.74,217.71,2.1771,13.36,5.82,51.00,0.0231,3.14,6.61,3.9650,Yes,0.85
PT1.5-2_SL25_TS15@1.5_NoExitCross_KijunSL_Clamp85,70,52.86,12.74,217.71,2.1771,13.36,5.82,51.00,0.0231,3.14,6.61,3.9650,Yes,0.85
PT1.5-2_SL25_TS10@1.3_ExitCross_KijunSL_NoClamp,70,50.00,12.66,216.66,2.1666,13.80,6.00,51.34,0.0227,3.76,1.12,3.9147,No,0.8
PT2_SL20_TS15@1.5_NoExitCross_KijunSL_NoClamp,70,52.86,12.75,216.53,2.1653,14.59,6.31,51.78,0.0225,3.48,6.60,3.9080,No,0.8
PT2_SL20_TS15@1.5_NoExitCross_KijunSL_Clamp80,70,52.86,12.75,216.53,2.1653,14.59,6.31,51.78,0.0225,3.48,6.60,3.9080,Yes,0.8
PT2_SL25_TS15@1.5_NoExitCross_KijunSL_Clamp80,70,52.86,12.75,216.53,2.1653,14.59,6.31,51.78,0.0225,3.48,6.60,3.9080,Yes,0.8
PT2-3_SL20_TS15@1.5_NoExitCross_KijunSL_NoClamp,70,52.86,12.75,216.53,2.1653,14.59,6.31,51.78,0.0225,3.48,6.60,3.9080,No,0.8
PT2-3_SL20_TS15@1.5_NoExitCross_KijunSL_Clamp80,70,52.86,12.75,216.53,2.1653,14.59,6.31,51.78,0.0225,3.48,6.60,3.9080,Yes,0.8
PT2-3_SL25_TS15@1.5_NoExitCross_KijunSL_Clamp80,70,52.86,12.75,216.53,2.1653,14.59,6.31,51.78,0.0225,3.48,6.60,3.9080,Yes,0.8
PT1.5_SL20_TS10@1.3_ExitCross_KijunSL_NoClamp,70,50.00,12.58,215.89,2.1589,13.67,6.00,50.93,0.0228,3.61,1.12,3.9213,No,0.8
PT1.5_SL20_TS10@1.3_ExitCross_KijunSL_Clamp80,70,50.00,12.58,215.89,2.1589,13.67,6.00,50.93,0.0228,3.61,1.12,3.9213,Yes,0.8
PT1.5_SL25_TS10@1.3_ExitCross_KijunSL_Clamp80,70,50.00,12.58,215.89,2.1589,13.67,6.00,50.93,0.0228,3.61,1.12,3.9213,Yes,0.8
PT1.5_SL15_TS15@1.5_NoExitCross_KijunSL_NoClamp,70,52.86,12.48,214.57,2.1457,13.13,5.82,50.67,0.0226,3.14,6.61,3.9100,No,0.8
PT1.5_SL15_TS15@1.5_NoExitCross_KijunSL_Clamp80,70,52.86,12.48,214.57,2.1457,13.13,5.82,50.67,0.0226,3.14,6.61,3.9100,Yes,0.8
PT1.5_SL15_TS15@1.5_NoExitCross_KijunSL_Clamp85,70,52.86,12.48,214.57,2.1457,13.13,5.82,50.67,0.0226,3.14,6.61,3.9100,Yes,0.85
PT1.5_SL20_TS15@1.5_NoExitCross_KijunSL_Clamp85,70,52.86,12.48,214.57,2.1457,13.13,5.82,50.67,0.0226,3.14,6.61,3.9100,Yes,0.85
PT1.5_SL25_TS15@1.5_NoExitCross_KijunSL_Clamp85,70,52.86,12.48,214.57,2.1457,13.13,5.82,50.67,0.0226,3.14,6.61,3.9100,Yes,0.85
PT2_SL25_TS15@1.5_NoExitCross_KijunSL_NoClamp,70,52.86,12.60,214.40,2.1440,15.62,6.79,51.88,0.0221,3.63,6.60,3.8547,No,0.8
PT2-3_SL25_TS15@1.5_NoExitCross_KijunSL_NoClamp,70,52.86,12.60,214.40,2.1440,15.62,6.79,51.88,0.0221,3.63,6.60,3.8547,No,0.8
PT1.5_SL25_TS10@1.3_ExitCross_KijunSL_NoClamp,70,50.00,12.43,213.78,2.1378,13.60,6.00,51.03,0.0223,3.76,1.12,3.8670,No,0.8
PT1.5-2_SL20_TS15@1.5_NoExitCross_KijunSL_NoClamp,70,52.86,12.41,212.81,2.1281,13.55,6.00,51.20,0.0220,3.48,6.60,3.8469,No,0.8
PT1.5-2_SL20_TS15@1.5_NoExitCross_KijunSL_Clamp80,70,52.86,12.41,212.81,2.1281,13.55,6.00,51.20,0.0220,3.48,6.60,3.8469,Yes,0.8
PT1.5-2_SL25_TS15@1.5_NoExitCross_KijunSL_Clamp80,70,52.86,12.41,212.81,2.1281,13.55,6.00,51.20,0.0220,3.48,6.60,3.8469,Yes,0.8
PT1.5-2_SL25_TS15@1.5_NoExitCross_KijunSL_NoClamp,70,52.86,12.26,210.72,2.1072,14.14,6.29,51.30,0.0216,3.63,6.60,3.7931,No,0.8
PT2_SL15_TS20@2_NoExitCross_KijunSL_NoClamp,70,51.43,12.33,210.48,2.1048,22.30,9.58,51.33,0.0215,3.25,6.65,3.8142,No,0.8
PT2_SL15_TS20@2_NoExitCross_KijunSL_Clamp80,70,51.43,12.33,210.48,2.1048,22.30,9.58,51.33,0.0215,3.25,6.65,3.8142,Yes,0.8
PT2_SL15_TS20@2_NoExitCross_KijunSL_Clamp85,70,51.43,12.33,210.48,2.1048,22.30,9.58,51.33,0.0215,3.25,6.65,3.8142,Yes,0.85
PT2_SL20_TS20@2_NoExitCross_KijunSL_Clamp85,70,51.43,12.33,210.48,2.1048,22.30,9.58,51.33,0.0215,3.25,6.65,3.8142,Yes,0.85
PT2_SL25_TS20@2_NoExitCross_KijunSL_Clamp85,70,51.43,12.33,210.48,2.1048,22.30,9.58,51.33,0.0215,3.25,6.65,3.8142,Yes,0.85
PT2-3_SL15_TS20@2_NoExitCross_KijunSL_NoClamp,70,51.43,12.33,210.48,2.1048,22.30,9.58,51.33,0.0215,3.25,6.65,3.8142,No,0.8
PT2-3_SL15_TS20@2_NoExitCross_KijunSL_Clamp80,70,51.43,12.33,210.48,2.1048,22.30,9.58,51.33,0.0215,3.25,6.65,3.8142,Yes,0.8
PT2-3_SL15_TS20@2_NoExitCross_KijunSL_Clamp85,70,51.43,12.33,210.48,2.1048,22.30,9.58,51.33,0.0215,3.25,6.65,3.8142,Yes,0.85
PT2-3_SL20_TS20@2_NoExitCross_KijunSL_Clamp85,70,51.43,12.33,210.48,2.1048,22.30,9.58,51.33,0.0215,3.25,6.65,3.8142,Yes,0.85
PT2-3_SL25_TS20@2_NoExitCross_KijunSL_Clamp85,70,51.43,12.33,210.48,2.1048,22.30,9.58,51.33,0.0215,3.25,6.65,3.8142,Yes,0.85
PT1.5-2_SL15_TS20@2_NoExitCross_KijunSL_NoClamp,70,52.86,12.24,210.42,2.1042,17.75,7.78,50.76,0.0218,3.14,6.61,3.8271,No,0.8
PT1.5-2_SL15_TS20@2_NoExitCross_KijunSL_Clamp80,70,52.86,12.24,210.42,2.1042,17.75,7.78,50.76,0.0218,3.14,6.61,3.8271,Yes,0.8
PT1.5-2_SL15_TS20@2_NoExitCross_KijunSL_Clamp85,70,52.86,12.24,210.42,2.1042,17.75,7.78,50.76,0.0218,3.14,6.61,3.8271,Yes,0.85
PT1.5-2_SL20_TS20@2_NoExitCross_KijunSL_Clamp85,70,52.86,12.24,210.42,2.1042,17.75,7.78,50.76,0.0218,3.14,6.61,3.8271,Yes,0.85
PT1.5-2_SL25_TS20@2_NoExitCross_KijunSL_Clamp85,70,52.86,12.24,210.42,2.1042,17.75,7.78,50.76,0.0218,3.14,6.61,3.8271,Yes,0.85
PT1.5_SL20_TS15@1.5_NoExitCross_KijunSL_NoClamp,70,52.86,12.15,209.75,2.0975,13.32,6.00,50.86,0.0216,3.48,6.60,3.7913,No,0.8
PT1.5_SL20_TS15@1.5_NoExitCross_KijunSL_Clamp80,70,52.86,12.15,209.75,2.0975,13.32,6.00,50.86,0.0216,3.48,6.60,3.7913,Yes,0.8
PT1.5_SL25_TS15@1.5_NoExitCross_KijunSL_Clamp80,70,52.86,12.15,209.75,2.0975,13.32,6.00,50.86,0.0216,3.48,6.60,3.7913,Yes,0.8
PT1.5_SL15_TS20@2_NoExitCross_KijunSL_NoClamp,70,52.86,12.03,208.30,2.0830,15.32,6.85,50.38,0.0215,3.14,6.61,3.7899,No,0.8
PT1.5_SL15_TS20@2_NoExitCross_KijunSL_Clamp80,70,52.86,12.03,208.30,2.0830,15.32,6.85,50.38,0.0215,3.14,6.61,3.7899,Yes,0.8
PT1.5_SL15_TS20@2_NoExitCross_KijunSL_Clamp85,70,52.86,12.03,208.30,2.0830,15.32,6.85,50.38,0.0215,3.14,6.61,3.7899,Yes,0.85
PT1.5_SL20_TS20@2_NoExitCross_KijunSL_Clamp85,70,52.86,12.03,208.30,2.0830,15.32,6.85,50.38,0.0215,3.14,6.61,3.7899,Yes,0.85
PT1.5_SL25_TS20@2_NoExitCross_KijunSL_Clamp85,70,52.86,12.03,208.30,2.0830,15.32,6.85,50.38,0.0215,3.14,6.61,3.7899,Yes,0.85
PT1.5_SL25_TS15@1.5_NoExitCross_KijunSL_NoClamp,70,52.86,12.00,207.68,2.0768,13.32,6.03,50.96,0.0211,3.63,6.60,3.7373,No,0.8
PT2_SL20_TS20@2_NoExitCross_KijunSL_NoClamp,70,51.43,12.00,205.69,2.0569,23.43,10.23,51.52,0.0205,3.58,6.64,3.6977,No,0.8
PT2_SL20_TS20@2_NoExitCross_KijunSL_Clamp80,70,51.43,12.00,205.69,2.0569,23.43,10.23,51.52,0.0205,3.58,6.64,3.6977,Yes,0.8
PT2_SL25_TS20@2_NoExitCross_KijunSL_Clamp80,70,51.43,12.00,205.69,2.0569,23.43,10.23,51.52,0.0205,3.58,6.64,3.6977,Yes,0.8
PT2-3_SL20_TS20@2_NoExitCross_KijunSL_NoClamp,70,51.43,12.00,205.69,2.0569,23.43,10.23,51.52,0.0205,3.58,6.64,3.6977,No,0.8
PT2-3_SL20_TS20@2_NoExitCross_KijunSL_Clamp80,70,51.43,12.00,205.69,2.0569,23.43,10.23,51.52,0.0205,3.58,6.64,3.6977,Yes,0.8
PT2-3_SL25_TS20@2_NoExitCross_KijunSL_Clamp80,70,51.43,12.00,205.69,2.0569,23.43,10.23,51.52,0.0205,3.58,6.64,3.6977,Yes,0.8
PT1.5-2_SL20_TS20@2_NoExitCross_KijunSL_NoClamp,70,52.86,11.91,205.66,2.0566,18.93,8.43,50.95,0.0207,3.48,6.60,3.7092,No,0.8
PT1.5-2_SL20_TS20@2_NoExitCross_KijunSL_Clamp80,70,52.86,11.91,205.66,2.0566,18.93,8.43,50.95,0.0207,3.48,6.60,3.7092,Yes,0.8
PT1.5-2_SL25_TS20@2_NoExitCross_KijunSL_Clamp80,70,52.86,11.91,205.66,2.0566,18.93,8.43,50.95,0.0207,3.48,6.60,3.7092,Yes,0.8
PT1.5-2_SL15_NoExitCross_KijunSL_NoClamp,70,52.86,11.77,204.92,2.0492,17.28,7.78,50.25,0.0209,3.14,6.61,3.7197,No,0.8
PT1.5-2_SL15_NoExitCross_KijunSL_Clamp80,70,52.86,11.77,204.92,2.0492,17.28,7.78,50.25,0.0209,3.14,6.61,3.7197,Yes,0.8
PT1.5-2_SL15_NoExitCross_KijunSL_Clamp85,70,52.86,11.77,204.92,2.0492,17.28,7.78,50.25,0.0209,3.14,6.61,3.7197,Yes,0.85
PT1.5-2_SL20_NoExitCross_KijunSL_Clamp85,70,52.86,11.77,204.92,2.0492,17.28,7.78,50.25,0.0209,3.14,6.61,3.7197,Yes,0.85
PT1.5-2_SL25_NoExitCross_KijunSL_Clamp85,70,52.86,11.77,204.92,2.0492,17.28,7.78,50.25,0.0209,3.14,6.61,3.7197,Yes,0.85
PT2_SL25_TS20@2_NoExitCross_KijunSL_NoClamp,70,51.43,11.85,203.63,2.0363,24.40,10.70,51.62,0.0201,3.73,6.64,3.6447,No,0.8
PT2-3_SL25_TS20@2_NoExitCross_KijunSL_NoClamp,70,51.43,11.85,203.63,2.0363,24.40,10.70,51.62,0.0201,3.73,6.64,3.6447,No,0.8
PT1.5-2_SL25_TS20@2_NoExitCross_KijunSL_NoClamp,70,52.86,11.76,203.61,2.0361,19.91,8.91,51.06,0.0203,3.63,6.60,3.6555,No,0.8
PT1.5_SL20_TS20@2_NoExitCross_KijunSL_NoClamp,70,52.86,11.70,203.59,2.0359,16.51,7.50,50.57,0.0205,3.48,6.60,3.6712,No,0.8
PT1.5_SL20_TS20@2_NoExitCross_KijunSL_Clamp80,70,52.86,11.70,203.59,2.0359,16.51,7.50,50.57,0.0205,3.48,6.60,3.6712,Yes,0.8
PT1.5_SL25_TS20@2_NoExitCross_KijunSL_Clamp80,70,52.86,11.70,203.59,2.0359,16.51,7.50,50.57,0.0205,3.48,6.60,3.6712,Yes,0.8
PT2_SL15_NoExitCross_KijunSL_NoClamp,70,51.43,11.65,202.48,2.0248,21.45,9.58,50.46,0.0203,3.25,6.65,3.6652,No,0.8
PT2_SL15_NoExitCross_KijunSL_Clamp80,70,51.43,11.65,202.48,2.0248,21.45,9.58,50.46,0.0203,3.25,6.65,3.6652,Yes,0.8
PT2_SL15_NoExitCross_KijunSL_Clamp85,70,51.43,11.65,202.48,2.0248,21.45,9.58,50.46,0.0203,3.25,6.65,3.6652,Yes,0.85
PT2_SL20_NoExitCross_KijunSL_Clamp85,70,51.43,11.65,202.48,2.0248,21.45,9.58,50.46,0.0203,3.25,6.65,3.6652,Yes,0.85
PT2_SL25_NoExitCross_KijunSL_Clamp85,70,51.43,11.65,202.48,2.0248,21.45,9.58,50.46,0.0203,3.25,6.65,3.6652,Yes,0.85
PT2-3_SL15_NoExitCross_KijunSL_NoClamp,70,51.43,11.65,202.48,2.0248,21.45,9.58,50.46,0.0203,3.25,6.65,3.6652,No,0.8
PT2-3_SL15_NoExitCross_KijunSL_Clamp80,70,51.43,11.65,202.48,2.0248,21.45,9.58,50.46,0.0203,3.25,6.65,3.6652,Yes,0.8
PT2-3_SL15_NoExitCross_KijunSL_Clamp85,70,51.43,11.65,202.48,2.0248,21.45,9.58,50.46,0.0203,3.25,6.65,3.6652,Yes,0.85
PT2-3_SL20_NoExitCross_KijunSL_Clamp85,70,51.43,11.65,202.48,2.0248,21.45,9.58,50.46,0.0203,3.25,6.65,3.6652,Yes,0.85
PT2-3_SL25_NoExitCross_KijunSL_Clamp85,70,51.43,11.65,202.48,2.0248,21.45,9.58,50.46,0.0203,3.25,6.65,3.6652,Yes,0.85
PT2_SL15_TS15@1.5_ExitCross_KijunSL_NoClamp,70,48.57,11.57,202.12,2.0212,12.48,5.83,51.35,0.0199,3.28,6.27,3.5773,No,0.8
PT2_SL15_TS15@1.5_ExitCross_KijunSL_Clamp80,70,48.57,11.57,202.12,2.0212,12.48,5.83,51.35,0.0199,3.28,6.27,3.5773,Yes,0.8
PT2_SL15_TS15@1.5_ExitCross_KijunSL_Clamp85,70,48.57,11.57,202.12,2.0212,12.48,5.83,51.35,0.0199,3.28,6.27,3.5773,Yes,0.85
PT2_SL20_TS15@1.5_ExitCross_KijunSL_Clamp85,70,48.57,11.57,202.12,2.0212,12.48,5.83,51.35,0.0199,3.28,6.27,3.5773,Yes,0.85
PT2_SL25_TS15@1.5_ExitCross_KijunSL_Clamp85,70,48.57,11.57,202.12,2.0212,12.48,5.83,51.35,0.0199,3.28,6.27,3.5773,Yes,0.85
PT2-3_SL15_TS15@1.5_ExitCross_KijunSL_NoClamp,70,48.57,11.57,202.12,2.0212,12.48,5.83,51.35,0.0199,3.28,6.27,3.5773,No,0.8
PT2-3_SL15_TS15@1.5_ExitCross_KijunSL_Clamp80,70,48.57,11.57,202.12,2.0212,12.48,5.83,51.35,0.0199,3.28,6.27,3.5773,Yes,0.8
PT2-3_SL15_TS15@1.5_ExitCross_KijunSL_Clamp85,70,48.57,11.57,202.12,2.0212,12.48,5.83,51.35,0.0199,3.28,6.27,3.5773,Yes,0.85
PT2-3_SL20_TS15@1.5_ExitCross_KijunSL_Clamp85,70,48.57,11.57,202.12,2.0212,12.48,5.83,51.35,0.0199,3.28,6.27,3.5773,Yes,0.85
PT2-3_SL25_TS15@1.5_ExitCross_KijunSL_Clamp85,70,48.57,11.57,202.12,2.0212,12.48,5.83,51.35,0.0199,3.28,6.27,3.5773,Yes,0.85
PT1.5_SL25_TS20@2_NoExitCross_KijunSL_NoClamp,70,52.86,11.55,201.57,2.0157,17.48,7.98,50.67,0.0200,3.63,6.60,3.6172,No,0.8
PT1.5-2_SL20_NoExitCross_KijunSL_NoClamp,70,52.86,11.44,200.27,2.0027,18.43,8.43,50.44,0.0199,3.48,6.60,3.6010,No,0.8
PT1.5-2_SL20_NoExitCross_KijunSL_Clamp80,70,52.86,11.44,200.27,2.0027,18.43,8.43,50.44,0.0199,3.48,6.60,3.6010,Yes,0.8
PT1.5-2_SL25_NoExitCross_KijunSL_Clamp80,70,52.86,11.44,200.27,2.0027,18.43,8.43,50.44,0.0199,3.48,6.60,3.6010,Yes,0.8
PT1.5_SL15_NoExitCross_KijunSL_NoClamp,70,52.86,11.35,200.22,2.0022,14.72,6.85,49.84,0.0201,3.14,6.61,3.6138,No,0.8
PT1.5_SL15_NoExitCross_KijunSL_Clamp80,70,52.86,11.35,200.22,2.0022,14.72,6.85,49.84,0.0201,3.14,6.61,3.6138,Yes,0.8
PT1.5_SL15_NoExitCross_KijunSL_Clamp85,70,52.86,11.35,200.22,2.0022,14.72,6.85,49.84,0.0201,3.14,6.61,3.6138,Yes,0.85
PT1.5_SL20_NoExitCross_KijunSL_Clamp85,70,52.86,11.35,200.22,2.0022,14.72,6.85,49.84,0.0201,3.14,6.61,3.6138,Yes,0.85
PT1.5_SL25_NoExitCross_KijunSL_Clamp85,70,52.86,11.35,200.22,2.0022,14.72,6.85,49.84,0.0201,3.14,6.61,3.6138,Yes,0.85
PT1.5-2_SL15_TS15@1.5_ExitCross_KijunSL_NoClamp,70,48.57,11.23,198.54,1.9854,12.19,5.83,50.76,0.0194,3.28,6.27,3.5128,No,0.8
PT1.5-2_SL15_TS15@1.5_ExitCross_KijunSL_Clamp80,70,48.57,11.23,198.54,1.9854,12.19,5.83,50.76,0.0194,3.28,6.27,3.5128,Yes,0.8
PT1.5-2_SL15_TS15@1.5_ExitCross_KijunSL_Clamp85,70,48.57,11.23,198.54,1.9854,12.19,5.83,50.76,0.0194,3.28,6.27,3.5128,Yes,0.85
PT1.5-2_SL20_TS15@1.5_ExitCross_KijunSL_Clamp85,70,48.57,11.23,198.54,1.9854,12.19,5.83,50.76,0.0194,3.28,6.27,3.5128,Yes,0.85
PT1.5-2_SL25_TS15@1.5_ExitCross_KijunSL_Clamp85,70,48.57,11.23,198.54,1.9854,12.19,5.83,50.76,0.0194,3.28,6.27,3.5128,Yes,0.85
PT1.5-2_SL25_NoExitCross_KijunSL_NoClamp,70,52.86,11.29,198.28,1.9828,19.38,8.91,50.54,0.0194,3.63,6.60,3.5470,No,0.8
PT2_SL20_NoExitCross_KijunSL_NoClamp,70,51.43,11.32,197.87,1.9787,22.54,10.23,50.65,0.0193,3.58,6.64,3.5474,No,0.8
PT2_SL20_NoExitCross_KijunSL_Clamp80,70,51.43,11.32,197.87,1.9787,22.54,10.23,50.65,0.0193,3.58,6.64,3.5474,Yes,0.8
PT2_SL25_NoExitCross_KijunSL_Clamp80,70,51.43,11.32,197.87,1.9787,22.54,10.23,50.65,0.0193,3.58,6.64,3.5474,Yes,0.8
PT2-3_SL20_NoExitCross_KijunSL_NoClamp,70,51.43,11.32,197.87,1.9787,22.54,10.23,50.65,0.0193,3.58,6.64,3.5474,No,0.8
PT2-3_SL20_NoExitCross_KijunSL_Clamp80,70,51.43,11.32,197.87,1.9787,22.54,10.23,50.65,0.0193,3.58,6.64,3.5474,Yes,0.8
PT2-3_SL25_NoExitCross_KijunSL_Clamp80,70,51.43,11.32,197.87,1.9787,22.54,10.23,50.65,0.0193,3.58,6.64,3.5474,Yes,0.8
PT2_SL20_TS15@1.5_ExitCross_KijunSL_NoClamp,70,48.57,11.24,197.55,1.9755,13.32,6.32,51.53,0.0189,3.61,6.26,3.4621,No,0.8
PT2_SL20_TS15@1.5_ExitCross_KijunSL_Clamp80,70,48.57,11.24,197.55,1.9755,13.32,6.32,51.53,0.0189,3.61,6.26,3.4621,Yes,0.8
PT2_SL25_TS15@1.5_ExitCross_KijunSL_Clamp80,70,48.57,11.24,197.55,1.9755,13.32,6.32,51.53,0.0189,3.61,6.26,3.4621,Yes,0.8
PT2-3_SL20_TS15@1.5_ExitCross_KijunSL_NoClamp,70,48.57,11.24,197.55,1.9755,13.32,6.32,51.53,0.0189,3.61,6.26,3.4621,No,0.8
PT2-3_SL20_TS15@1.5_ExitCross_KijunSL_Clamp80,70,48.57,11.24,197.55,1.9755,13.32,6.32,51.53,0.0189,3.61,6.26,3.4621,Yes,0.8
PT2-3_SL25_TS15@1.5_ExitCross_KijunSL_Clamp80,70,48.57,11.24,197.55,1.9755,13.32,6.32,51.53,0.0189,3.61,6.26,3.4621,Yes,0.8
PT2_SL25_NoExitCross_KijunSL_NoClamp,70,51.43,11.17,195.88,1.9588,23.48,10.70,50.75,0.0189,3.73,6.64,3.4938,No,0.8
PT2-3_SL25_NoExitCross_KijunSL_NoClamp,70,51.43,11.17,195.88,1.9588,23.48,10.70,50.75,0.0189,3.73,6.64,3.4938,No,0.8
PT1.5_SL20_NoExitCross_KijunSL_NoClamp,70,52.86,11.01,195.69,1.9569,15.87,7.50,50.03,0.0191,3.48,6.60,3.4946,No,0.8
PT1.5_SL20_NoExitCross_KijunSL_Clamp80,70,52.86,11.01,195.69,1.9569,15.87,7.50,50.03,0.0191,3.48,6.60,3.4946,Yes,0.8
PT1.5_SL25_NoExitCross_KijunSL_Clamp80,70,52.86,11.01,195.69,1.9569,15.87,7.50,50.03,0.0191,3.48,6.60,3.4946,Yes,0.8
PT2_SL25_TS15@1.5_ExitCross_KijunSL_NoClamp,70,48.57,11.09,195.60,1.9560,14.27,6.80,51.63,0.0185,3.76,6.26,3.4097,No,0.8
PT2-3_SL25_TS15@1.5_ExitCross_KijunSL_NoClamp,70,48.57,11.09,195.60,1.9560,14.27,6.80,51.63,0.0185,3.76,6.26,3.4097,No,0.8
PT1.5_SL15_TS15@1.5_ExitCross_KijunSL_NoClamp,70,48.57,10.97,195.58,1.9558,11.98,5.83,50.41,0.0190,3.28,6.27,3.4552,No,0.8
PT1.5_SL15_TS15@1.5_ExitCross_KijunSL_Clamp80,70,48.57,10.97,195.58,1.9558,11.98,5.83,50.41,0.0190,3.28,6.27,3.4552,Yes,0.8
PT1.5_SL15_TS15@1.5_ExitCross_KijunSL_Clamp85,70,48.57,10.97,195.58,1.9558,11.98,5.83,50.41,0.0190,3.28,6.27,3.4552,Yes,0.85
PT1.5_SL20_TS15@1.5_ExitCross_KijunSL_Clamp85,70,48.57,10.97,195.58,1.9558,11.98,5.83,50.41,0.0190,3.28,6.27,3.4552,Yes,0.85
PT1.5_SL25_TS15@1.5_ExitCross_KijunSL_Clamp85,70,48.57,10.97,195.58,1.9558,11.98,5.83,50.41,0.0190,3.28,6.27,3.4552,Yes,0.85
PT1.5-2_SL20_TS15@1.5_ExitCross_KijunSL_NoClamp,70,48.57,10.90,194.06,1.9406,12.37,6.00,50.94,0.0185,3.61,6.26,3.3965,No,0.8
PT1.5-2_SL20_TS15@1.5_ExitCross_KijunSL_Clamp80,70,48.57,10.90,194.06,1.9406,12.37,6.00,50.94,0.0185,3.61,6.26,3.3965,Yes,0.8
PT1.5-2_SL25_TS15@1.5_ExitCross_KijunSL_Clamp80,70,48.57,10.90,194.06,1.9406,12.37,6.00,50.94,0.0185,3.61,6.26,3.3965,Yes,0.8
PT1.5_SL25_NoExitCross_KijunSL_NoClamp,70,52.86,10.86,193.74,1.9374,16.80,7.98,50.13,0.0187,3.63,6.60,3.4405,No,0.8
PT1.5-2_SL25_TS15@1.5_ExitCross_KijunSL_NoClamp,70,48.57,10.75,192.13,1.9213,12.90,6.29,51.04,0.0181,3.76,6.26,3.3436,No,0.8
PT2_SL15_TS20@2_ExitCross_KijunSL_NoClamp,70,47.14,10.83,192.00,1.9200,20.35,9.58,51.07,0.0180,3.39,6.32,3.3650,No,0.8
PT2_SL15_TS20@2_ExitCross_KijunSL_Clamp80,70,47.14,10.83,192.00,1.9200,20.35,9.58,51.07,0.0180,3.39,6.32,3.3650,Yes,0.8
PT2_SL15_TS20@2_ExitCross_KijunSL_Clamp85,70,47.14,10.83,192.00,1.9200,20.35,9.58,51.07,0.0180,3.39,6.32,3.3650,Yes,0.85
PT2_SL20_TS20@2_ExitCross_KijunSL_Clamp85,70,47.14,10.83,192.00,1.9200,20.35,9.58,51.07,0.0180,3.39,6.32,3.3650,Yes,0.85
PT2_SL25_TS20@2_ExitCross_KijunSL_Clamp85,70,47.14,10.83,192.00,1.9200,20.35,9.58,51.07,0.0180,3.39,6.32,3.3650,Yes,0.85
PT2-3_SL15_TS20@2_ExitCross_KijunSL_NoClamp,70,47.14,10.83,192.00,1.9200,20.35,9.58,51.07,0.0180,3.39,6.32,3.3650,No,0.8
PT2-3_SL15_TS20@2_ExitCross_KijunSL_Clamp80,70,47.14,10.83,192.00,1.9200,20.35,9.58,51.07,0.0180,3.39,6.32,3.3650,Yes,0.8
PT2-3_SL15_TS20@2_ExitCross_KijunSL_Clamp85,70,47.14,10.83,192.00,1.9200,20.35,9.58,51.07,0.0180,3.39,6.32,3.3650,Yes,0.85
PT2-3_SL20_TS20@2_ExitCross_KijunSL_Clamp85,70,47.14,10.83,192.00,1.9200,20.35,9.58,51.07,0.0180,3.39,6.32,3.3650,Yes,0.85
PT2-3_SL25_TS20@2_ExitCross_KijunSL_Clamp85,70,47.14,10.83,192.00,1.9200,20.35,9.58,51.07,0.0180,3.39,6.32,3.3650,Yes,0.85
PT1.5-2_SL15_TS20@2_ExitCross_KijunSL_NoClamp,70,48.57,10.73,191.86,1.9186,16.19,7.78,50.50,0.0182,3.28,6.27,3.3733,No,0.8
PT1.5-2_SL15_TS20@2_ExitCross_KijunSL_Clamp80,70,48.57,10.73,191.86,1.9186,16.19,7.78,50.50,0.0182,3.28,6.27,3.3733,Yes,0.8
PT1.5-2_SL15_TS20@2_ExitCross_KijunSL_Clamp85,70,48.57,10.73,191.86,1.9186,16.19,7.78,50.50,0.0182,3.28,6.27,3.3733,Yes,0.85
PT1.5-2_SL20_TS20@2_ExitCross_KijunSL_Clamp85,70,48.57,10.73,191.86,1.9186,16.19,7.78,50.50,0.0182,3.28,6.27,3.3733,Yes,0.85
PT1.5-2_SL25_TS20@2_ExitCross_KijunSL_Clamp85,70,48.57,10.73,191.86,1.9186,16.19,7.78,50.50,0.0182,3.28,6.27,3.3733,Yes,0.85
PT1.5_SL20_TS15@1.5_ExitCross_KijunSL_NoClamp,70,48.57,10.64,191.16,1.9116,12.15,6.00,50.60,0.0180,3.61,6.26,3.3383,No,0.8
PT1.5_SL20_TS15@1.5_ExitCross_KijunSL_Clamp80,70,48.57,10.64,191.16,1.9116,12.15,6.00,50.60,0.0180,3.61,6.26,3.3383,Yes,0.8
PT1.5_SL25_TS15@1.5_ExitCross_KijunSL_Clamp80,70,48.57,10.64,191.16,1.9116,12.15,6.00,50.60,0.0180,3.61,6.26,3.3383,Yes,0.8
PT1.5_SL15_TS20@2_ExitCross_KijunSL_NoClamp,70,48.57,10.52,189.81,1.8981,13.97,6.85,50.11,0.0179,3.28,6.27,3.3330,No,0.8
PT1.5_SL15_TS20@2_ExitCross_KijunSL_Clamp80,70,48.57,10.52,189.81,1.8981,13.97,6.85,50.11,0.0179,3.28,6.27,3.3330,Yes,0.8
PT1.5_SL15_TS20@2_ExitCross_KijunSL_Clamp85,70,48.57,10.52,189.81,1.8981,13.97,6.85,50.11,0.0179,3.28,6.27,3.3330,Yes,0.85
PT1.5_SL20_TS20@2_ExitCross_KijunSL_Clamp85,70,48.57,10.52,189.81,1.8981,13.97,6.85,50.11,0.0179,3.28,6.27,3.3330,Yes,0.85
PT1.5_SL25_TS20@2_ExitCross_KijunSL_Clamp85,70,48.57,10.52,189.81,1.8981,13.97,6.85,50.11,0.0179,3.28,6.27,3.3330,Yes,0.85
PT1.5_SL25_TS15@1.5_ExitCross_KijunSL_NoClamp,70,48.57,10.49,189.27,1.8927,12.15,6.03,50.69,0.0176,3.76,6.26,3.2852,No,0.8
PT2_SL20_TS20@2_ExitCross_KijunSL_NoClamp,70,47.14,10.49,187.62,1.8762,21.39,10.23,51.25,0.0171,3.72,6.31,3.2501,No,0.8
PT2_SL20_TS20@2_ExitCross_KijunSL_Clamp80,70,47.14,10.49,187.62,1.8762,21.39,10.23,51.25,0.0171,3.72,6.31,3.2501,Yes,0.8
PT2_SL25_TS20@2_ExitCross_KijunSL_Clamp80,70,47.14,10.49,187.62,1.8762,21.39,10.23,51.25,0.0171,3.72,6.31,3.2501,Yes,0.8
PT2-3_SL20_TS20@2_ExitCross_KijunSL_NoClamp,70,47.14,10.49,187.62,1.8762,21.39,10.23,51.25,0.0171,3.72,6.31,3.2501,No,0.8
PT2-3_SL20_TS20@2_ExitCross_KijunSL_Clamp80,70,47.14,10.49,187.62,1.8762,21.39,10.23,51.25,0.0171,3.72,6.31,3.2501,Yes,0.8
PT2-3_SL25_TS20@2_ExitCross_KijunSL_Clamp80,70,47.14,10.49,187.62,1.8762,21.39,10.23,51.25,0.0171,3.72,6.31,3.2501,Yes,0.8
PT1.5-2_SL20_TS20@2_ExitCross_KijunSL_NoClamp,70,48.57,10.40,187.50,1.8750,17.27,8.43,50.68,0.0173,3.61,6.26,3.2570,No,0.8
PT1.5-2_SL20_TS20@2_ExitCross_KijunSL_Clamp80,70,48.57,10.40,187.50,1.8750,17.27,8.43,50.68,0.0173,3.61,6.26,3.2570,Yes,0.8
PT1.5-2_SL25_TS20@2_ExitCross_KijunSL_Clamp80,70,48.57,10.40,187.50,1.8750,17.27,8.43,50.68,0.0173,3.61,6.26,3.2570,Yes,0.8
PT1.5-2_SL15_ExitCross_KijunSL_NoClamp,70,48.57,10.27,186.71,1.8671,15.76,7.78,49.97,0.0174,3.28,6.27,3.2617,No,0.8
PT1.5-2_SL15_ExitCross_KijunSL_Clamp80,70,48.57,10.27,186.71,1.8671,15.76,7.78,49.97,0.0174,3.28,6.27,3.2617,Yes,0.8
PT1.5-2_SL15_ExitCross_KijunSL_Clamp85,70,48.57,10.27,186.71,1.8671,15.76,7.78,49.97,0.0174,3.28,6.27,3.2617,Yes,0.85
PT1.5-2_SL20_ExitCross_KijunSL_Clamp85,70,48.57,10.27,186.71,1.8671,15.76,7.78,49.97,0.0174,3.28,6.27,3.2617,Yes,0.85
PT1.5-2_SL25_ExitCross_KijunSL_Clamp85,70,48.57,10.27,186.71,1.8671,15.76,7.78,49.97,0.0174,3.28,6.27,3.2617,Yes,0.85
PT2_SL25_TS20@2_ExitCross_KijunSL_NoClamp,70,47.14,10.34,185.73,1.8573,22.27,10.71,51.35,0.0167,3.87,6.31,3.1980,No,0.8
PT2-3_SL25_TS20@2_ExitCross_KijunSL_NoClamp,70,47.14,10.34,185.73,1.8573,22.27,10.71,51.35,0.0167,3.87,6.31,3.1980,No,0.8
PT1.5-2_SL25_TS20@2_ExitCross_KijunSL_NoClamp,70,48.57,10.25,185.63,1.8563,18.16,8.91,50.78,0.0169,3.76,6.26,3.2042,No,0.8
PT1.5_SL20_TS20@2_ExitCross_KijunSL_NoClamp,70,48.57,10.19,185.51,1.8551,15.06,7.51,50.29,0.0170,3.61,6.26,3.2160,No,0.8
PT1.5_SL20_TS20@2_ExitCross_KijunSL_Clamp80,70,48.57,10.19,185.51,1.8551,15.06,7.51,50.29,0.0170,3.61,6.26,3.2160,Yes,0.8
PT1.5_SL25_TS20@2_ExitCross_KijunSL_Clamp80,70,48.57,10.19,185.51,1.8551,15.06,7.51,50.29,0.0170,3.61,6.26,3.2160,Yes,0.8
PT2_SL15_ExitCross_KijunSL_NoClamp,70,47.14,10.14,184.51,1.8451,19.56,9.58,50.18,0.0168,3.39,6.32,3.2091,No,0.8
PT2_SL15_ExitCross_KijunSL_Clamp80,70,47.14,10.14,184.51,1.8451,19.56,9.58,50.18,0.0168,3.39,6.32,3.2091,Yes,0.8
PT2_SL15_ExitCross_KijunSL_Clamp85,70,47.14,10.14,184.51,1.8451,19.56,9.58,50.18,0.0168,3.39,6.32,3.2091,Yes,0.85
PT2_SL20_ExitCross_KijunSL_Clamp85,70,47.14,10.14,184.51,1.8451,19.56,9.58,50.18,0.0168,3.39,6.32,3.2091,Yes,0.85
PT2_SL25_ExitCross_KijunSL_Clamp85,70,47.14,10.14,184.51,1.8451,19.56,9.58,50.18,0.0168,3.39,6.32,3.2091,Yes,0.85
PT2-3_SL15_ExitCross_KijunSL_NoClamp,70,47.14,10.14,184.51,1.8451,19.56,9.58,50.18,0.0168,3.39,6.32,3.2091,No,0.8
PT2-3_SL15_ExitCross_KijunSL_Clamp80,70,47.14,10.14,184.51,1.8451,19.56,9.58,50.18,0.0168,3.39,6.32,3.2091,Yes,0.8
PT2-3_SL15_ExitCross_KijunSL_Clamp85,70,47.14,10.14,184.51,1.8451,19.56,9.58,50.18,0.0168,3.39,6.32,3.2091,Yes,0.85
PT2-3_SL20_ExitCross_KijunSL_Clamp85,70,47.14,10.14,184.51,1.8451,19.56,9.58,50.18,0.0168,3.39,6.32,3.2091,Yes,0.85
PT2-3_SL25_ExitCross_KijunSL_Clamp85,70,47.14,10.14,184.51,1.8451,19.56,9.58,50.18,0.0168,3.39,6.32,3.2091,Yes,0.85
PT1.5_SL25_TS20@2_ExitCross_KijunSL_NoClamp,70,48.57,10.04,183.66,1.8366,15.94,7.99,50.39,0.0166,3.76,6.26,3.1628,No,0.8
PT1.5-2_SL20_ExitCross_KijunSL_NoClamp,70,48.57,9.94,182.46,1.8246,16.81,8.43,50.15,0.0164,3.61,6.26,3.1447,No,0.8
PT1.5-2_SL20_ExitCross_KijunSL_Clamp80,70,48.57,9.94,182.46,1.8246,16.81,8.43,50.15,0.0164,3.61,6.26,3.1447,Yes,0.8
PT1.5-2_SL25_ExitCross_KijunSL_Clamp80,70,48.57,9.94,182.46,1.8246,16.81,8.43,50.15,0.0164,3.61,6.26,3.1447,Yes,0.8
PT1.5_SL15_ExitCross_KijunSL_NoClamp,70,48.57,9.84,182.25,1.8225,13.41,6.85,49.55,0.0166,3.28,6.27,3.1524,No,0.8
PT1.5_SL15_ExitCross_KijunSL_Clamp80,70,48.57,9.84,182.25,1.8225,13.41,6.85,49.55,0.0166,3.28,6.27,3.1524,Yes,0.8
PT1.5_SL15_ExitCross_KijunSL_Clamp85,70,48.57,9.84,182.25,1.8225,13.41,6.85,49.55,0.0166,3.28,6.27,3.1524,Yes,0.85
PT1.5_SL20_ExitCross_KijunSL_Clamp85,70,48.57,9.84,182.25,1.8225,13.41,6.85,49.55,0.0166,3.28,6.27,3.1524,Yes,0.85
PT1.5_SL25_ExitCross_KijunSL_Clamp85,70,48.57,9.84,182.25,1.8225,13.41,6.85,49.55,0.0166,3.28,6.27,3.1524,Yes,0.85
PT1.5-2_SL25_ExitCross_KijunSL_NoClamp,70,48.57,9.79,180.63,1.8063,17.67,8.91,50.25,0.0160,3.76,6.26,3.0916,No,0.8
PT2_SL20_ExitCross_KijunSL_NoClamp,70,47.14,9.81,180.30,1.8030,20.55,10.23,50.36,0.0159,3.72,6.31,3.0928,No,0.8
PT2_SL20_ExitCross_KijunSL_Clamp80,70,47.14,9.81,180.30,1.8030,20.55,10.23,50.36,0.0159,3.72,6.31,3.0928,Yes,0.8
PT2_SL25_ExitCross_KijunSL_Clamp80,70,47.14,9.81,180.30,1.8030,20.55,10.23,50.36,0.0159,3.72,6.31,3.0928,Yes,0.8
PT2-3_SL20_ExitCross_KijunSL_NoClamp,70,47.14,9.81,180.30,1.8030,20.55,10.23,50.36,0.0159,3.72,6.31,3.0928,No,0.8
PT2-3_SL20_ExitCross_KijunSL_Clamp80,70,47.14,9.81,180.30,1.8030,20.55,10.23,50.36,0.0159,3.72,6.31,3.0928,Yes,0.8
PT2-3_SL25_ExitCross_KijunSL_Clamp80,70,47.14,9.81,180.30,1.8030,20.55,10.23,50.36,0.0159,3.72,6.31,3.0928,Yes,0.8
PT2_SL25_ExitCross_KijunSL_NoClamp,70,47.14,9.66,178.48,1.7848,21.40,10.71,50.46,0.0156,3.87,6.31,3.0401,No,0.8
PT2-3_SL25_ExitCross_KijunSL_NoClamp,70,47.14,9.66,178.48,1.7848,21.40,10.71,50.46,0.0156,3.87,6.31,3.0401,No,0.8
PT1.5_SL20_ExitCross_KijunSL_NoClamp,70,48.57,9.51,178.11,1.7811,14.46,7.51,49.73,0.0157,3.61,6.26,3.0349,No,0.8
PT1.5_SL20_ExitCross_KijunSL_Clamp80,70,48.57,9.51,178.11,1.7811,14.46,7.51,49.73,0.0157,3.61,6.26,3.0349,Yes,0.8
PT1.5_SL25_ExitCross_KijunSL_Clamp80,70,48.57,9.51,178.11,1.7811,14.46,7.51,49.73,0.0157,3.61,6.26,3.0349,Yes,0.8
PT1.5_SL25_ExitCross_KijunSL_NoClamp,70,48.57,9.36,176.33,1.7633,15.30,7.99,49.82,0.0153,3.76,6.26,2.9816,No,0.8
PT2_SL25_TS10@1.3_ExitCross_FixedSL_Clamp85,70,28.57,5.16,133.65,1.3365,19.04,12.66,43.17,0.0078,7.27,0.80,1.8973,Yes,0.85
PT2_SL20_TS10@1.3_ExitCross_FixedSL_Clamp85,70,27.14,4.46,127.29,1.2729,20.47,14.06,43.09,0.0063,7.48,0.78,1.6425,Yes,0.85
PT1.5_SL25_TS10@1.3_ExitCross_FixedSL_Clamp85,70,28.57,4.14,126.17,1.2617,18.02,12.74,39.24,0.0067,7.27,0.80,1.6729,Yes,0.85
PT2-3_SL25_TS10@1.3_ExitCross_FixedSL_Clamp85,70,28.57,4.06,125.97,1.2597,17.95,12.66,35.77,0.0073,7.27,0.80,1.8005,Yes,0.85
PT1.5-2_SL25_TS10@1.3_ExitCross_FixedSL_Clamp85,70,28.57,3.55,122.33,1.2233,17.46,12.71,34.18,0.0065,7.27,0.80,1.6512,Yes,0.85
PT1.5_SL20_TS10@1.3_ExitCross_FixedSL_Clamp85,70,27.14,3.43,120.16,1.2016,19.36,14.14,39.14,0.0052,7.48,0.78,1.3931,Yes,0.85
PT2-3_SL20_TS10@1.3_ExitCross_FixedSL_Clamp85,70,27.14,3.36,119.97,1.1997,19.30,14.06,35.66,0.0056,7.48,0.78,1.4944,Yes,0.85
PT2_SL15_TS10@1.3_ExitCross_FixedSL_NoClamp,70,24.29,3.51,119.40,1.1940,21.77,15.42,43.14,0.0045,7.91,0.72,1.2910,No,0.8
PT2_SL15_TS10@1.3_ExitCross_FixedSL_Clamp80,70,24.29,3.51,119.40,1.1940,21.77,15.42,43.14,0.0045,7.91,0.72,1.2910,Yes,0.8
PT2_SL15_TS10@1.3_ExitCross_FixedSL_Clamp85,70,24.29,3.51,119.40,1.1940,21.77,15.42,43.14,0.0045,7.91,0.72,1.2910,Yes,0.85
PT1.5-2_SL20_TS10@1.3_ExitCross_FixedSL_Clamp85,70,27.14,2.85,116.50,1.1650,18.76,14.11,34.04,0.0048,7.48,0.78,1.3308,Yes,0.85
PT2_SL25_TS10@1.3_ExitCross_FixedSL_Clamp80,70,28.57,3.24,116.40,1.1640,25.26,18.05,44.14,0.0037,9.19,0.71,1.1653,Yes,0.8
PT1.5_SL15_TS10@1.3_ExitCross_FixedSL_NoClamp,70,24.29,2.48,112.66,1.1266,20.09,15.13,39.17,0.0032,7.91,0.72,1.0069,No,0.8
PT1.5_SL15_TS10@1.3_ExitCross_FixedSL_Clamp80,70,24.29,2.48,112.66,1.1266,20.09,15.13,39.17,0.0032,7.91,0.72,1.0069,Yes,0.8
PT1.5_SL15_TS10@1.3_ExitCross_FixedSL_Clamp85,70,24.29,2.48,112.66,1.1266,20.09,15.13,39.17,0.0032,7.91,0.72,1.0069,Yes,0.85
PT2-3_SL15_TS10@1.3_ExitCross_FixedSL_NoClamp,70,24.29,2.41,112.51,1.1251,20.51,15.42,35.69,0.0035,7.91,0.72,1.0704,No,0.8
PT2-3_SL15_TS10@1.3_ExitCross_FixedSL_Clamp80,70,24.29,2.41,112.51,1.1251,20.51,15.42,35.69,0.0035,7.91,0.72,1.0704,Yes,0.8
PT2-3_SL15_TS10@1.3_ExitCross_FixedSL_Clamp85,70,24.29,2.41,112.51,1.1251,20.51,15.42,35.69,0.0035,7.91,0.72,1.0704,Yes,0.85
PT1.5_SL25_TS10@1.3_ExitCross_FixedSL_Clamp80,70,28.57,2.22,109.86,1.0986,23.39,17.77,40.25,0.0024,9.19,0.71,0.8738,Yes,0.8
PT2_SL20_TS10@1.3_ExitCross_FixedSL_NoClamp,70,27.14,2.42,109.83,1.0983,29.28,21.30,44.09,0.0022,9.53,0.68,0.8698,No,0.8
PT2_SL20_TS10@1.3_ExitCross_FixedSL_Clamp80,70,27.14,2.42,109.83,1.0983,29.28,21.30,44.09,0.0022,9.53,0.68,0.8698,Yes,0.8
PT2-3_SL25_TS10@1.3_ExitCross_FixedSL_Clamp80,70,28.57,2.14,109.67,1.0967,23.80,18.05,36.87,0.0026,9.19,0.71,0.9203,Yes,0.8
PT1.5-2_SL15_TS10@1.3_ExitCross_FixedSL_NoClamp,70,24.29,1.90,109.23,1.0923,19.63,15.23,34.07,0.0027,7.91,0.72,0.8873,No,0.8
PT1.5-2_SL15_TS10@1.3_ExitCross_FixedSL_Clamp80,70,24.29,1.90,109.23,1.0923,19.63,15.23,34.07,0.0027,7.91,0.72,0.8873,Yes,0.8
PT1.5-2_SL15_TS10@1.3_ExitCross_FixedSL_Clamp85,70,24.29,1.90,109.23,1.0923,19.63,15.23,34.07,0.0027,7.91,0.72,0.8873,Yes,0.85
PT1.5-2_SL25_TS10@1.3_ExitCross_FixedSL_Clamp80,70,28.57,1.64,106.49,1.0649,22.82,17.86,35.30,0.0018,9.19,0.71,0.7354,Yes,0.8
PT1.5_SL20_TS10@1.3_ExitCross_FixedSL_NoClamp,70,27.14,1.39,103.66,1.0366,27.21,21.03,40.18,0.0009,9.53,0.68,0.5497,No,0.8
PT1.5_SL20_TS10@1.3_ExitCross_FixedSL_Clamp80,70,27.14,1.39,103.66,1.0366,27.21,21.03,40.18,0.0009,9.53,0.68,0.5497,Yes,0.8
PT2-3_SL20_TS10@1.3_ExitCross_FixedSL_NoClamp,70,27.14,1.31,103.48,1.0348,27.59,21.30,36.79,0.0009,9.53,0.68,0.5667,No,0.8
PT2-3_SL20_TS10@1.3_ExitCross_FixedSL_Clamp80,70,27.14,1.31,103.48,1.0348,27.59,21.30,36.79,0.0009,9.53,0.68,0.5667,Yes,0.8
PT2_SL25_TS10@1.3_ExitCross_FixedSL_NoClamp,70,28.57,1.50,102.46,1.0246,31.67,23.88,45.12,0.0005,10.93,0.66,0.5273,No,0.8
PT1.5-2_SL20_TS10@1.3_ExitCross_FixedSL_NoClamp,70,27.14,0.81,100.48,1.0048,26.52,21.12,35.20,0.0001,9.53,0.68,0.3656,No,0.8
PT1.5-2_SL20_TS10@1.3_ExitCross_FixedSL_Clamp80,70,27.14,0.81,100.48,1.0048,26.52,21.12,35.20,0.0001,9.53,0.68,0.3656,Yes,0.8
PT2_SL25_TS15@1.5_ExitCross_FixedSL_Clamp85,70,17.14,0.85,99.65,0.9965,32.16,24.40,41.22,-0.0001,8.93,1.08,0.3280,Yes,0.85
PT1.5_SL25_TS10@1.3_ExitCross_FixedSL_NoClamp,70,28.57,0.47,96.69,0.9669,29.47,23.63,41.28,-0.0008,10.93,0.66,0.1824,No,0.8
PT2-3_SL25_TS10@1.3_ExitCross_FixedSL_NoClamp,70,28.57,0.40,96.51,0.9651,29.83,23.88,37.99,-0.0009,10.93,0.66,0.1656,No,0.8
PT1.5_SL25_TS15@1.5_ExitCross_FixedSL_Clamp85,70,17.14,0.14,95.83,0.9583,29.81,23.73,37.54,-0.0011,8.93,1.08,0.0603,Yes,0.85
PT2-3_SL25_TS15@1.5_ExitCross_FixedSL_Clamp85,70,17.14,-0.13,94.52,0.9452,30.51,24.40,34.58,-0.0016,8.93,1.08,-0.0596,Yes,0.85
PT1.5-2_SL25_TS10@1.3_ExitCross_FixedSL_NoClamp,70,28.57,-0.11,93.71,0.9371,28.70,23.72,36.44,-0.0017,10.93,0.66,-0.0462,No,0.8
PT1.5-2_SL25_TS15@1.5_ExitCross_FixedSL_Clamp85,70,17.14,-0.42,93.00,0.9300,29.30,23.96,33.02,-0.0021,8.93,1.08,-0.2006,Yes,0.85
PT2_SL20_TS15@1.5_ExitCross_FixedSL_Clamp85,70,15.71,-0.15,92.59,0.9259,39.22,29.75,40.73,-0.0018,9.14,1.06,-0.0594,Yes,0.85
PT2_SL15_TS15@1.5_ExitCross_FixedSL_NoClamp,70,15.71,-0.21,92.21,0.9221,39.60,30.05,40.75,-0.0019,9.20,0.93,-0.0806,No,0.8
PT2_SL15_TS15@1.5_ExitCross_FixedSL_Clamp80,70,15.71,-0.21,92.21,0.9221,39.60,30.05,40.75,-0.0019,9.20,0.93,-0.0806,Yes,0.8
PT2_SL15_TS15@1.5_ExitCross_FixedSL_Clamp85,70,15.71,-0.21,92.21,0.9221,39.60,30.05,40.75,-0.0019,9.20,0.93,-0.0806,Yes,0.85
PT2_SL25_TS20@2_ExitCross_FixedSL_Clamp85,70,14.29,-0.12,92.12,0.9212,36.98,28.64,40.63,-0.0019,9.36,1.17,-0.0482,Yes,0.85
PT1.5_SL25_TS20@2_ExitCross_FixedSL_Clamp85,70,17.14,-0.84,89.35,0.8935,32.71,26.80,35.39,-0.0030,8.93,1.08,-0.3790,Yes,0.85
PT1.5_SL20_TS15@1.5_ExitCross_FixedSL_Clamp85,70,15.71,-0.82,89.28,0.8928,36.36,28.94,37.04,-0.0029,9.14,1.06,-0.3531,Yes,0.85
PT1.5_SL15_TS15@1.5_ExitCross_FixedSL_NoClamp,70,15.71,-0.88,88.91,0.8891,36.73,29.24,37.05,-0.0030,9.20,0.93,-0.3763,No,0.8
PT1.5_SL15_TS15@1.5_ExitCross_FixedSL_Clamp80,70,15.71,-0.88,88.91,0.8891,36.73,29.24,37.05,-0.0030,9.20,0.93,-0.3763,Yes,0.8
PT1.5_SL15_TS15@1.5_ExitCross_FixedSL_Clamp85,70,15.71,-0.88,88.91,0.8891,36.73,29.24,37.05,-0.0030,9.20,0.93,-0.3763,Yes,0.85
PT2-3_SL25_TS20@2_ExitCross_FixedSL_Clamp85,70,14.29,-0.98,88.04,0.8804,35.34,28.64,35.07,-0.0034,9.36,1.17,-0.4454,Yes,0.85
PT2-3_SL20_TS15@1.5_ExitCross_FixedSL_Clamp85,70,15.71,-1.13,87.83,0.8783,37.20,29.75,33.97,-0.0036,9.14,1.06,-0.5299,Yes,0.85
PT2-3_SL15_TS15@1.5_ExitCross_FixedSL_Clamp85,70,15.71,-1.19,87.46,0.8746,37.57,30.05,33.99,-0.0037,9.20,0.93,-0.5551,Yes,0.85
PT2-3_SL15_TS15@1.5_ExitCross_FixedSL_NoClamp,70,15.71,-1.19,87.46,0.8746,37.57,30.05,33.99,-0.0037,9.20,0.93,-0.5551,No,0.8
PT2-3_SL15_TS15@1.5_ExitCross_FixedSL_Clamp80,70,15.71,-1.19,87.46,0.8746,37.57,30.05,33.99,-0.0037,9.20,0.93,-0.5551,Yes,0.8
PT1.5-2_SL25_TS20@2_ExitCross_FixedSL_Clamp85,70,14.29,-1.27,87.14,0.8714,32.77,27.33,32.27,-0.0040,8.94,8.47,-0.6243,Yes,0.85
PT1.5-2_SL20_TS15@1.5_ExitCross_FixedSL_Clamp85,70,15.71,-1.40,86.56,0.8656,35.73,29.22,32.41,-0.0041,9.14,1.06,-0.6840,Yes,0.85
PT1.5-2_SL15_TS15@1.5_ExitCross_FixedSL_NoClamp,70,15.71,-1.45,86.20,0.8620,36.09,29.51,32.43,-0.0043,9.20,0.93,-0.7103,No,0.8
PT1.5-2_SL15_TS15@1.5_ExitCross_FixedSL_Clamp80,70,15.71,-1.45,86.20,0.8620,36.09,29.51,32.43,-0.0043,9.20,0.93,-0.7103,Yes,0.8
PT1.5-2_SL15_TS15@1.5_ExitCross_FixedSL_Clamp85,70,15.71,-1.45,86.20,0.8620,36.09,29.51,32.43,-0.0043,9.20,0.93,-0.7103,Yes,0.85
PT2_SL25_TS15@1.5_ExitCross_FixedSL_Clamp80,70,17.14,-1.57,83.57,0.8357,40.95,32.89,42.23,-0.0039,11.35,0.92,-0.5894,Yes,0.8
PT1.5_SL15_TS20@2_ExitCross_FixedSL_Clamp85,70,15.71,-1.82,83.16,0.8316,39.49,32.20,34.74,-0.0048,9.20,0.93,-0.8329,Yes,0.85
PT1.5_SL15_TS20@2_ExitCross_FixedSL_NoClamp,70,15.71,-1.82,83.16,0.8316,39.49,32.20,34.74,-0.0048,9.20,0.93,-0.8329,No,0.8
PT1.5_SL15_TS20@2_ExitCross_FixedSL_Clamp80,70,15.71,-1.82,83.16,0.8316,39.49,32.20,34.74,-0.0048,9.20,0.93,-0.8329,Yes,0.8
PT2_SL20_TS20@2_ExitCross_FixedSL_Clamp85,70,12.86,-1.55,83.13,0.8313,45.96,35.60,39.34,-0.0043,9.57,1.14,-0.6242,Yes,0.85
PT1.5_SL20_TS20@2_ExitCross_FixedSL_Clamp85,70,15.71,-1.84,83.08,0.8308,39.27,32.10,34.69,-0.0049,9.14,1.06,-0.8419,Yes,0.85
PT2_SL15_TS20@2_ExitCross_FixedSL_Clamp85,70,12.86,-1.60,82.79,0.8279,46.31,35.87,39.36,-0.0044,9.63,1.02,-0.6459,Yes,0.85
PT2_SL15_TS20@2_ExitCross_FixedSL_NoClamp,70,12.86,-1.60,82.79,0.8279,46.31,35.87,39.36,-0.0044,9.63,1.02,-0.6459,No,0.8
PT2_SL15_TS20@2_ExitCross_FixedSL_Clamp80,70,12.86,-1.60,82.79,0.8279,46.31,35.87,39.36,-0.0044,9.63,1.02,-0.6459,Yes,0.8
PT1.5_SL25_TS15@1.5_ExitCross_FixedSL_Clamp80,70,17.14,-2.28,80.35,0.8035,38.30,32.28,38.60,-0.0051,11.35,0.92,-0.9365,Yes,0.8
PT1.5-2_SL15_TS20@2_ExitCross_FixedSL_NoClamp,70,15.71,-2.39,80.31,0.8031,40.37,33.45,31.08,-0.0063,9.20,0.93,-1.2209,No,0.8
PT1.5-2_SL15_TS20@2_ExitCross_FixedSL_Clamp80,70,15.71,-2.39,80.31,0.8031,40.37,33.45,31.08,-0.0063,9.20,0.93,-1.2209,Yes,0.8
PT1.5-2_SL15_TS20@2_ExitCross_FixedSL_Clamp85,70,15.71,-2.39,80.31,0.8031,40.37,33.45,31.08,-0.0063,9.20,0.93,-1.2209,Yes,0.85
PT1.5-2_SL20_TS20@2_ExitCross_FixedSL_Clamp85,70,15.71,-2.43,80.09,0.8009,40.20,33.42,31.04,-0.0064,9.14,1.06,-1.2436,Yes,0.85
PT2-3_SL20_TS20@2_ExitCross_FixedSL_Clamp85,70,12.86,-2.41,79.46,0.7946,43.93,35.60,33.54,-0.0061,9.57,1.14,-1.1396,Yes,0.85
PT2-3_SL25_TS15@1.5_ExitCross_FixedSL_Clamp80,70,17.14,-2.55,79.24,0.7924,38.83,32.89,35.71,-0.0058,11.35,0.92,-1.1332,Yes,0.8
PT2-3_SL15_TS20@2_ExitCross_FixedSL_NoClamp,70,12.86,-2.46,79.13,0.7913,44.26,35.87,33.55,-0.0062,9.63,1.02,-1.1648,No,0.8
PT2-3_SL15_TS20@2_ExitCross_FixedSL_Clamp80,70,12.86,-2.46,79.13,0.7913,44.26,35.87,33.55,-0.0062,9.63,1.02,-1.1648,Yes,0.8
PT2-3_SL15_TS20@2_ExitCross_FixedSL_Clamp85,70,12.86,-2.46,79.13,0.7913,44.26,35.87,33.55,-0.0062,9.63,1.02,-1.1648,Yes,0.85
PT1.5-2_SL25_TS15@1.5_ExitCross_FixedSL_Clamp80,70,17.14,-2.84,77.96,0.7796,37.52,32.49,34.18,-0.0064,11.35,0.92,-1.3176,Yes,0.8
PT2-3_SL25_ExitCross_FixedSL_Clamp85,70,14.29,-3.08,77.75,0.7775,29.73,27.66,27.14,-0.0082,9.36,1.17,-1.7990,Yes,0.85
PT2_SL20_TS15@1.5_ExitCross_FixedSL_NoClamp,70,15.71,-2.70,76.85,0.7685,47.22,38.06,41.74,-0.0055,11.69,0.89,-1.0253,No,0.8
PT2_SL20_TS15@1.5_ExitCross_FixedSL_Clamp80,70,15.71,-2.70,76.85,0.7685,47.22,38.06,41.74,-0.0055,11.69,0.89,-1.0253,Yes,0.8
PT2_SL25_TS20@2_ExitCross_FixedSL_Clamp80,70,14.29,-2.69,76.27,0.7627,45.07,37.15,41.65,-0.0057,11.92,0.98,-1.0238,Yes,0.8
PT1.5_SL25_TS20@2_ExitCross_FixedSL_Clamp80,70,17.14,-3.26,74.82,0.7482,40.44,35.09,36.44,-0.0069,11.35,0.92,-1.4221,Yes,0.8
PT1.5-2_SL25_ExitCross_FixedSL_Clamp85,70,14.29,-3.79,74.72,0.7472,28.95,27.92,21.40,-0.0118,8.94,8.47,-2.8121,Yes,0.85
PT1.5_SL20_TS15@1.5_ExitCross_FixedSL_NoClamp,70,15.71,-3.37,74.09,0.7409,44.14,37.33,38.09,-0.0068,11.69,0.89,-1.4031,No,0.8
PT1.5_SL20_TS15@1.5_ExitCross_FixedSL_Clamp80,70,15.71,-3.37,74.09,0.7409,44.14,37.33,38.09,-0.0068,11.69,0.89,-1.4031,Yes,0.8
PT2_SL25_ExitCross_FixedSL_Clamp85,70,14.29,-3.83,73.99,0.7399,32.15,30.29,23.96,-0.0109,9.36,1.17,-2.5396,Yes,0.85
PT1.5-2_SL25_TS20@2_ExitCross_FixedSL_Clamp80,70,14.29,-3.69,72.93,0.7293,40.28,35.58,33.39,-0.0081,11.35,8.31,-1.7536,Yes,0.8
PT2-3_SL25_TS20@2_ExitCross_FixedSL_Clamp80,70,14.29,-3.55,72.88,0.7288,43.07,37.14,36.18,-0.0075,11.92,0.98,-1.5560,Yes,0.8
PT2-3_SL20_TS15@1.5_ExitCross_FixedSL_NoClamp,70,15.71,-3.68,72.87,0.7287,44.78,38.06,35.09,-0.0077,11.69,0.89,-1.6633,No,0.8
PT2-3_SL20_TS15@1.5_ExitCross_FixedSL_Clamp80,70,15.71,-3.68,72.87,0.7287,44.78,38.06,35.09,-0.0077,11.69,0.89,-1.6633,Yes,0.8
PT1.5-2_SL20_TS15@1.5_ExitCross_FixedSL_NoClamp,70,15.71,-3.94,71.82,0.7182,43.24,37.58,33.57,-0.0084,11.69,0.89,-1.8632,No,0.8
PT1.5-2_SL20_TS15@1.5_ExitCross_FixedSL_Clamp80,70,15.71,-3.94,71.82,0.7182,43.24,37.58,33.57,-0.0084,11.69,0.89,-1.8632,Yes,0.8
PT1.5_SL25_ExitCross_FixedSL_Clamp85,70,17.14,-4.55,71.19,0.7119,28.81,28.81,18.92,-0.0152,8.93,1.08,-3.8213,Yes,0.85
PT2_SL25_TS15@1.5_ExitCross_FixedSL_NoClamp,70,17.14,-3.81,70.79,0.7079,47.76,40.29,43.28,-0.0067,13.59,0.82,-1.3971,No,0.8
PT1.5-2_SL15_ExitCross_FixedSL_NoClamp,70,15.71,-4.76,69.63,0.6963,35.08,33.50,19.94,-0.0152,9.20,0.93,-3.7873,No,0.8
PT1.5-2_SL15_ExitCross_FixedSL_Clamp80,70,15.71,-4.76,69.63,0.6963,35.08,33.50,19.94,-0.0152,9.20,0.93,-3.7873,Yes,0.8
PT1.5-2_SL15_ExitCross_FixedSL_Clamp85,70,15.71,-4.76,69.63,0.6963,35.08,33.50,19.94,-0.0152,9.20,0.93,-3.7873,Yes,0.85
PT1.5-2_SL20_ExitCross_FixedSL_Clamp85,70,15.71,-4.82,69.31,0.6931,34.87,33.47,19.81,-0.0155,9.14,1.06,-3.8646,Yes,0.85
PT1.5_SL20_TS20@2_ExitCross_FixedSL_NoClamp,70,15.71,-4.38,68.85,0.6885,46.28,40.19,35.74,-0.0087,11.69,0.89,-1.9467,No,0.8
PT1.5_SL20_TS20@2_ExitCross_FixedSL_Clamp80,70,15.71,-4.38,68.85,0.6885,46.28,40.19,35.74,-0.0087,11.69,0.89,-1.9467,Yes,0.8
PT2-3_SL20_ExitCross_FixedSL_Clamp85,70,12.86,-4.85,68.52,0.6852,38.95,36.24,23.39,-0.0135,9.57,1.14,-3.2923,Yes,0.85
PT2-3_SL15_ExitCross_FixedSL_NoClamp,70,12.86,-4.87,68.41,0.6841,39.07,36.35,23.48,-0.0135,9.63,1.02,-3.2923,No,0.8
PT2-3_SL15_ExitCross_FixedSL_Clamp80,70,12.86,-4.87,68.41,0.6841,39.07,36.35,23.48,-0.0135,9.63,1.02,-3.2923,Yes,0.8
PT2-3_SL15_ExitCross_FixedSL_Clamp85,70,12.86,-4.87,68.41,0.6841,39.07,36.35,23.48,-0.0135,9.63,1.02,-3.2923,Yes,0.85
PT2_SL20_TS20@2_ExitCross_FixedSL_NoClamp,70,12.86,-4.23,68.10,0.6810,52.82,43.68,40.34,-0.0079,12.26,0.95,-1.6657,No,0.8
PT2_SL20_TS20@2_ExitCross_FixedSL_Clamp80,70,12.86,-4.23,68.10,0.6810,52.82,43.68,40.34,-0.0079,12.26,0.95,-1.6657,Yes,0.8
PT1.5_SL25_TS15@1.5_ExitCross_FixedSL_NoClamp,70,17.14,-4.52,68.06,0.6806,44.88,39.74,39.70,-0.0080,13.59,0.82,-1.8065,No,0.8
PT2_SL20_ExitCross_FixedSL_Clamp85,70,12.86,-5.06,67.67,0.6767,38.47,36.25,22.14,-0.0146,9.57,1.14,-3.6295,Yes,0.85
PT2_SL15_ExitCross_FixedSL_NoClamp,70,12.86,-5.08,67.56,0.6756,38.58,36.35,22.24,-0.0146,9.63,1.02,-3.6273,No,0.8
PT2_SL15_ExitCross_FixedSL_Clamp80,70,12.86,-5.08,67.56,0.6756,38.58,36.35,22.24,-0.0146,9.63,1.02,-3.6273,Yes,0.8
PT2_SL15_ExitCross_FixedSL_Clamp85,70,12.86,-5.08,67.56,0.6756,38.58,36.35,22.24,-0.0146,9.63,1.02,-3.6273,Yes,0.85
PT1.5_SL15_ExitCross_FixedSL_Clamp85,70,15.71,-5.30,67.35,0.6735,32.65,32.65,18.09,-0.0180,9.20,0.93,-4.6526,Yes,0.85
PT1.5_SL15_ExitCross_FixedSL_NoClamp,70,15.71,-5.30,67.35,0.6735,32.65,32.65,18.09,-0.0180,9.20,0.93,-4.6526,No,0.8
PT1.5_SL15_ExitCross_FixedSL_Clamp80,70,15.71,-5.30,67.35,0.6735,32.65,32.65,18.09,-0.0180,9.20,0.93,-4.6526,Yes,0.8
PT1.5_SL20_ExitCross_FixedSL_Clamp85,70,15.71,-5.36,67.11,0.6711,32.89,32.89,17.94,-0.0183,9.14,1.06,-4.7391,Yes,0.85
PT2-3_SL25_TS15@1.5_ExitCross_FixedSL_NoClamp,70,17.14,-4.79,67.11,0.6711,45.27,40.29,36.89,-0.0089,13.59,0.82,-2.0616,No,0.8
PT1.5-2_SL20_TS20@2_ExitCross_FixedSL_NoClamp,70,15.71,-4.97,66.33,0.6633,46.84,41.39,32.16,-0.0105,11.69,0.89,-2.4553,No,0.8
PT1.5-2_SL20_TS20@2_ExitCross_FixedSL_Clamp80,70,15.71,-4.97,66.33,0.6633,46.84,41.39,32.16,-0.0105,11.69,0.89,-2.4553,Yes,0.8
PT1.5-2_SL25_TS15@1.5_ExitCross_FixedSL_NoClamp,70,17.14,-5.08,66.02,0.6602,43.88,39.92,35.39,-0.0096,13.59,0.82,-2.2780,No,0.8
PT2-3_SL20_TS20@2_ExitCross_FixedSL_NoClamp,70,12.86,-5.09,65.06,0.6506,50.47,43.68,34.63,-0.0101,12.26,0.95,-2.3346,No,0.8
PT2-3_SL20_TS20@2_ExitCross_FixedSL_Clamp80,70,12.86,-5.09,65.06,0.6506,50.47,43.68,34.63,-0.0101,12.26,0.95,-2.3346,Yes,0.8
PT2-3_SL25_ExitCross_FixedSL_Clamp80,70,14.29,-5.64,64.29,0.6429,38.13,37.23,28.37,-0.0126,11.92,0.98,-3.1550,Yes,0.8
PT2_SL25_TS20@2_ExitCross_FixedSL_NoClamp,70,14.29,-5.07,63.74,0.6374,51.19,44.54,42.71,-0.0085,14.30,0.87,-1.8843,No,0.8
PT1.5_SL25_TS20@2_ExitCross_FixedSL_NoClamp,70,17.14,-5.51,63.27,0.6327,46.42,42.32,37.55,-0.0098,13.59,0.82,-2.3275,No,0.8
PT1.5-2_SL25_ExitCross_FixedSL_Clamp80,70,14.29,-6.21,62.46,0.6246,37.54,37.54,22.79,-0.0165,11.35,8.31,-4.3267,Yes,0.8
PT1.5-2_SL25_TS20@2_ExitCross_FixedSL_NoClamp,70,14.29,-5.93,61.65,0.6165,46.08,42.77,34.57,-0.0111,13.60,8.22,-2.7228,No,0.8
PT2_SL25_ExitCross_FixedSL_Clamp80,70,14.29,-6.40,61.14,0.6114,40.00,39.55,25.26,-0.0154,11.92,0.98,-4.0186,Yes,0.8
PT2-3_SL25_TS20@2_ExitCross_FixedSL_NoClamp,70,14.29,-5.93,60.89,0.6089,48.90,44.54,37.35,-0.0105,14.30,0.87,-2.5207,No,0.8
PT1.5_SL25_ExitCross_FixedSL_Clamp80,70,17.14,-6.97,59.50,0.5950,40.50,40.50,20.38,-0.0199,11.35,0.92,-5.4318,Yes,0.8
PT1.5-2_SL20_ExitCross_FixedSL_NoClamp,70,15.71,-7.37,57.33,0.5733,42.67,42.67,21.24,-0.0201,11.69,0.89,-5.5048,No,0.8
PT1.5-2_SL20_ExitCross_FixedSL_Clamp80,70,15.71,-7.37,57.33,0.5733,42.67,42.67,21.24,-0.0201,11.69,0.89,-5.5048,Yes,0.8
PT2-3_SL20_ExitCross_FixedSL_NoClamp,70,12.86,-7.54,56.02,0.5602,46.02,45.10,24.67,-0.0178,12.26,0.95,-4.8497,No,0.8
PT2-3_SL20_ExitCross_FixedSL_Clamp80,70,12.86,-7.54,56.02,0.5602,46.02,45.10,24.67,-0.0178,12.26,0.95,-4.8497,Yes,0.8
PT1.5_SL20_ExitCross_FixedSL_NoClamp,70,15.71,-7.90,55.51,0.5551,44.49,44.49,19.44,-0.0229,11.69,0.89,-6.4507,No,0.8
PT1.5_SL20_ExitCross_FixedSL_Clamp80,70,15.71,-7.90,55.51,0.5551,44.49,44.49,19.44,-0.0229,11.69,0.89,-6.4507,Yes,0.8
PT2_SL20_ExitCross_FixedSL_NoClamp,70,12.86,-7.75,55.32,0.5532,45.44,45.10,23.47,-0.0190,12.26,0.95,-5.2418,No,0.8
PT2_SL20_ExitCross_FixedSL_Clamp80,70,12.86,-7.75,55.32,0.5532,45.44,45.10,23.47,-0.0190,12.26,0.95,-5.2418,Yes,0.8
PT2-3_SL25_ExitCross_FixedSL_NoClamp,70,14.29,-8.02,53.66,0.5366,46.34,46.34,29.67,-0.0156,14.30,0.87,-4.2919,No,0.8
PT1.5-2_SL25_ExitCross_FixedSL_NoClamp,70,14.29,-8.45,52.73,0.5273,47.27,47.27,24.25,-0.0195,13.60,8.22,-5.5329,No,0.8
PT2_SL25_ExitCross_FixedSL_NoClamp,70,14.29,-8.78,50.99,0.5099,49.01,49.01,26.65,-0.0184,14.30,0.87,-5.2298,No,0.8
PT1.5_SL25_ExitCross_FixedSL_NoClamp,70,17.14,-9.21,50.22,0.5022,49.78,49.78,21.92,-0.0227,13.59,0.82,-6.6719,No,0.8
