Timestamp,DateTime,Open,High,Low,Close,Volume
1759041600000,2025-09-28T06:40:00.000Z,0.000018333481707008353,0.000018333481707008353,0.000018333481707008353,0.000018333481707008353,0
1759041900000,2025-09-28T06:45:00.000Z,0.000018333481707008353,0.000018333481707008353,0.000018333481707008353,0.000018333481707008353,0
1759042200000,2025-09-28T06:50:00.000Z,0.000018333481707008353,0.000018333481707008353,0.000018333481707008353,0.000018333481707008353,0
1759042500000,2025-09-28T06:55:00.000Z,0.000018333481707008353,0.000018333481707008353,0.000018333481707008353,0.000018333481707008353,0
1759042800000,2025-09-28T07:00:00.000Z,0.000018333481707008353,0.000018333481707008353,0.000018333481707008353,0.000018333481707008353,0
1759043100000,2025-09-28T07:05:00.000Z,0.000018333481707008353,0.000018333481707008353,0.000018121524908837714,0.000018121524908837714,998259.3833070248
1759043400000,2025-09-28T07:10:00.000Z,0.000018121524908837714,0.000018121524908837714,0.000018121524908837714,0.000018121524908837714,0
1759043700000,2025-09-28T07:15:00.000Z,0.000018121524908837714,0.000018121524908837714,0.000018121524908837714,0.000018121524908837714,0
1759044000000,2025-09-28T07:20:00.000Z,0.000018121524908837714,0.000018121524908837714,0.000018121524908837714,0.000018121524908837714,0
1759044300000,2025-09-28T07:25:00.000Z,0.000018121524908837714,0.000018121524908837714,0.000018121524908837714,0.000018121524908837714,0
1759044600000,2025-09-28T07:30:00.000Z,0.000018121524908837714,0.000018121524908837714,0.000018121524908837714,0.000018121524908837714,0
1759044900000,2025-09-28T07:35:00.000Z,0.000018121524908837714,0.000018121524908837714,0.000018121524908837714,0.000018121524908837714,0
1759045200000,2025-09-28T07:40:00.000Z,0.000018121524908837714,0.000018121524908837714,0.000018121524908837714,0.000018121524908837714,0
1759045500000,2025-09-28T07:45:00.000Z,0.000018121524908837714,0.000018121524908837714,0.000018121524908837714,0.000018121524908837714,0
1759045800000,2025-09-28T07:50:00.000Z,0.000018121524908837714,0.000018121524908837714,0.000018121524908837714,0.000018121524908837714,0
1759046100000,2025-09-28T07:55:00.000Z,0.000018121524908837714,0.000018121524908837714,0.000018121524908837714,0.000018121524908837714,0
1759046400000,2025-09-28T08:00:00.000Z,0.000018121524908837714,0.000018121524908837714,0.000018121524908837714,0.000018121524908837714,0
1759046700000,2025-09-28T08:05:00.000Z,0.000018121524908837714,0.000018121524908837714,0.000018121524908837714,0.000018121524908837714,0
1759047000000,2025-09-28T08:10:00.000Z,0.000018121524908837714,0.000018121524908837714,0.000018121524908837714,0.000018121524908837714,0
1759047300000,2025-09-28T08:15:00.000Z,0.000018121524908837714,0.000018121524908837714,0.000018121524908837714,0.000018121524908837714,0
1759047600000,2025-09-28T08:20:00.000Z,0.000018121524908837714,0.000018121524908837714,0.000018121524908837714,0.000018121524908837714,0
1759047900000,2025-09-28T08:25:00.000Z,0.000018121524908837714,0.000018121524908837714,0.000018121524908837714,0.000018121524908837714,0
1759048200000,2025-09-28T08:30:00.000Z,0.000018121524908837714,0.000018124532211667767,0.00001808311365168875,0.000018124532211667767,998857.4081146843
1759048500000,2025-09-28T08:35:00.000Z,0.000018124532211667767,0.000018124532211667767,0.000018124532211667767,0.000018124532211667767,0
1759048800000,2025-09-28T08:40:00.000Z,0.000018124532211667767,0.000018124532211667767,0.000018124532211667767,0.000018124532211667767,0
1759049100000,2025-09-28T08:45:00.000Z,0.000018124532211667767,0.000018124532211667767,0.000018124532211667767,0.000018124532211667767,0
1759049400000,2025-09-28T08:50:00.000Z,0.000018124532211667767,0.000018124532211667767,0.000018124532211667767,0.000018124532211667767,0
1759049700000,2025-09-28T08:55:00.000Z,0.000018124532211667767,0.000018124532211667767,0.000018124532211667767,0.000018124532211667767,0
1759050000000,2025-09-28T09:00:00.000Z,0.000018124532211667767,0.000018124532211667767,0.000018124532211667767,0.000018124532211667767,0
1759050300000,2025-09-28T09:05:00.000Z,0.000018124532211667767,0.000018124532211667767,0.000018124532211667767,0.000018124532211667767,0
1759050600000,2025-09-28T09:10:00.000Z,0.000018124532211667767,0.000018124532211667767,0.000018124532211667767,0.000018124532211667767,0
1759050900000,2025-09-28T09:15:00.000Z,0.000018124532211667767,0.000018124532211667767,0.000018124532211667767,0.000018124532211667767,0
1759051200000,2025-09-28T09:20:00.000Z,0.000018124532211667767,0.000018124532211667767,0.000018124532211667767,0.000018124532211667767,0
1759051500000,2025-09-28T09:25:00.000Z,0.000018124532211667767,0.000018124532211667767,0.000018124532211667767,0.000018124532211667767,0
1759051800000,2025-09-28T09:30:00.000Z,0.000018124532211667767,0.000018124532211667767,0.000018124532211667767,0.000018124532211667767,0
1759052100000,2025-09-28T09:35:00.000Z,0.000018124532211667767,0.000018124532211667767,0.000018124532211667767,0.000018124532211667767,0
1759052400000,2025-09-28T09:40:00.000Z,0.000018124532211667767,0.000018124532211667767,0.000018124532211667767,0.000018124532211667767,0
1759052700000,2025-09-28T09:45:00.000Z,0.000018124532211667767,0.000018124532211667767,0.000018124532211667767,0.000018124532211667767,0
1759053000000,2025-09-28T09:50:00.000Z,0.000018124532211667767,0.000018124532211667767,0.000018124532211667767,0.000018124532211667767,0
1759053300000,2025-09-28T09:55:00.000Z,0.000018124532211667767,0.000018124532211667767,0.000018124532211667767,0.000018124532211667767,0
1759053600000,2025-09-28T10:00:00.000Z,0.000018124532211667767,0.000018124532211667767,0.000018124532211667767,0.000018124532211667767,0
1759053900000,2025-09-28T10:05:00.000Z,0.000018124532211667767,0.000018124532211667767,0.000018124532211667767,0.000018124532211667767,0
1759054200000,2025-09-28T10:10:00.000Z,0.000018124532211667767,0.000018124532211667767,0.000018124532211667767,0.000018124532211667767,0
1759054500000,2025-09-28T10:15:00.000Z,0.000018124532211667767,0.000018124532211667767,0.000018124532211667767,0.000018124532211667767,0
1759054800000,2025-09-28T10:20:00.000Z,0.000018124532211667767,0.000018124532211667767,0.000018124532211667767,0.000018124532211667767,0
1759055100000,2025-09-28T10:25:00.000Z,0.000018124532211667767,0.000018124532211667767,0.000018124532211667767,0.000018124532211667767,0
1759055400000,2025-09-28T10:30:00.000Z,0.000018124532211667767,0.000018124532211667767,0.000018124532211667767,0.000018124532211667767,0
1759055700000,2025-09-28T10:35:00.000Z,0.000018124532211667767,0.000018124532211667767,0.000018124532211667767,0.000018124532211667767,0
1759056000000,2025-09-28T10:40:00.000Z,0.000018124532211667767,0.000018124532211667767,0.000018124532211667767,0.000018124532211667767,0
1759056300000,2025-09-28T10:45:00.000Z,0.000018124532211667767,0.000018124532211667767,0.000018124532211667767,0.000018124532211667767,0
1759056600000,2025-09-28T10:50:00.000Z,0.000018124532211667767,0.000018124532211667767,0.000018124532211667767,0.000018124532211667767,0
1759056900000,2025-09-28T10:55:00.000Z,0.000018124532211667767,0.000018124532211667767,0.000018124532211667767,0.000018124532211667767,0
1759057200000,2025-09-28T11:00:00.000Z,0.000018124532211667767,0.000018124532211667767,0.000018124532211667767,0.000018124532211667767,0
1759057500000,2025-09-28T11:05:00.000Z,0.000018124532211667767,0.000018124532211667767,0.000018124532211667767,0.000018124532211667767,0
1759057800000,2025-09-28T11:10:00.000Z,0.000018124532211667767,0.000018124532211667767,0.000018124532211667767,0.000018124532211667767,0
1759058100000,2025-09-28T11:15:00.000Z,0.000018124532211667767,0.000018124532211667767,0.000018124532211667767,0.000018124532211667767,0
1759058400000,2025-09-28T11:20:00.000Z,0.000018124532211667767,0.000018124532211667767,0.000018124532211667767,0.000018124532211667767,0
1759058700000,2025-09-28T11:25:00.000Z,0.000018124532211667767,0.000018124532211667767,0.000018124532211667767,0.000018124532211667767,0
1759059000000,2025-09-28T11:30:00.000Z,0.000018124532211667767,0.000018124532211667767,0.000018124532211667767,0.000018124532211667767,0
1759059300000,2025-09-28T11:35:00.000Z,0.000018124532211667767,0.000018124532211667767,0.000018124532211667767,0.000018124532211667767,0
1759059600000,2025-09-28T11:40:00.000Z,0.000018124532211667767,0.000018124532211667767,0.000018124532211667767,0.000018124532211667767,0
1759059900000,2025-09-28T11:45:00.000Z,0.000018124532211667767,0.000018124532211667767,0.000018124532211667767,0.000018124532211667767,0
1759060200000,2025-09-28T11:50:00.000Z,0.000018124532211667767,0.000018124532211667767,0.000018124532211667767,0.000018124532211667767,0
1759060500000,2025-09-28T11:55:00.000Z,0.000018124532211667767,0.000018124532211667767,0.000018124532211667767,0.000018124532211667767,0
1759060800000,2025-09-28T12:00:00.000Z,0.000018124532211667767,0.000018124532211667767,0.000018124532211667767,0.000018124532211667767,0
1759061100000,2025-09-28T12:05:00.000Z,0.000018124532211667767,0.000018124532211667767,0.000018124532211667767,0.000018124532211667767,0
1759061400000,2025-09-28T12:10:00.000Z,0.000018124532211667767,0.000018124532211667767,0.000018124532211667767,0.000018124532211667767,0
1759061700000,2025-09-28T12:15:00.000Z,0.000018124532211667767,0.000018124532211667767,0.000018124532211667767,0.000018124532211667767,0
1759062000000,2025-09-28T12:20:00.000Z,0.000018124532211667767,0.000018124532211667767,0.000018124532211667767,0.000018124532211667767,0
1759062300000,2025-09-28T12:25:00.000Z,0.000018124532211667767,0.000018124532211667767,0.000018124532211667767,0.000018124532211667767,0
1759062600000,2025-09-28T12:30:00.000Z,0.000018124532211667767,0.000018124532211667767,0.000018124532211667767,0.000018124532211667767,0
1759062900000,2025-09-28T12:35:00.000Z,0.000018124532211667767,0.000018124532211667767,0.000018124532211667767,0.000018124532211667767,0
1759063200000,2025-09-28T12:40:00.000Z,0.000018124532211667767,0.000018124532211667767,0.000018124532211667767,0.000018124532211667767,0
1759063500000,2025-09-28T12:45:00.000Z,0.000018124532211667767,0.000018124532211667767,0.000018124532211667767,0.000018124532211667767,0
1759063800000,2025-09-28T12:50:00.000Z,0.000018124532211667767,0.000018124532211667767,0.000018124532211667767,0.000018124532211667767,0
1759064100000,2025-09-28T12:55:00.000Z,0.000018124532211667767,0.000018124532211667767,0.000018124532211667767,0.000018124532211667767,0
1759064400000,2025-09-28T13:00:00.000Z,0.000018124532211667767,0.000018124532211667767,0.000018124532211667767,0.000018124532211667767,0
1759064700000,2025-09-28T13:05:00.000Z,0.000018124532211667767,0.000018124532211667767,0.000018124532211667767,0.000018124532211667767,0
1759065000000,2025-09-28T13:10:00.000Z,0.000018124532211667767,0.000018124532211667767,0.000018124532211667767,0.000018124532211667767,0
1759065300000,2025-09-28T13:15:00.000Z,0.000018124532211667767,0.000018124532211667767,0.000018124532211667767,0.000018124532211667767,0
1759065600000,2025-09-28T13:20:00.000Z,0.000018124532211667767,0.000018124532211667767,0.000018124532211667767,0.000018124532211667767,0
1759065900000,2025-09-28T13:25:00.000Z,0.000018124532211667767,0.000018124532211667767,0.000018124532211667767,0.000018124532211667767,0
1759066200000,2025-09-28T13:30:00.000Z,0.000018124532211667767,0.000018124532211667767,0.000018124532211667767,0.000018124532211667767,0
1759066500000,2025-09-28T13:35:00.000Z,0.000018124532211667767,0.000018124532211667767,0.000018124532211667767,0.000018124532211667767,0
1759066800000,2025-09-28T13:40:00.000Z,0.000018124532211667767,0.000018124532211667767,0.000018124532211667767,0.000018124532211667767,0
1759067100000,2025-09-28T13:45:00.000Z,0.000018124532211667767,0.000018124532211667767,0.000018124532211667767,0.000018124532211667767,0
1759067400000,2025-09-28T13:50:00.000Z,0.000018124532211667767,0.000018124532211667767,0.000018124532211667767,0.000018124532211667767,0
1759067700000,2025-09-28T13:55:00.000Z,0.000018124532211667767,0.000018124532211667767,0.000018124532211667767,0.000018124532211667767,0
1759068000000,2025-09-28T14:00:00.000Z,0.000018124532211667767,0.000018124532211667767,0.000018124532211667767,0.000018124532211667767,0
1759068300000,2025-09-28T14:05:00.000Z,0.000018124532211667767,0.000018124532211667767,0.000018124532211667767,0.000018124532211667767,0
1759068600000,2025-09-28T14:10:00.000Z,0.000018124532211667767,0.000018124532211667767,0.000018124532211667767,0.000018124532211667767,0
1759068900000,2025-09-28T14:15:00.000Z,0.000018124532211667767,0.000018124532211667767,0.000018124532211667767,0.000018124532211667767,0
1759069200000,2025-09-28T14:20:00.000Z,0.000018124532211667767,0.000018124532211667767,0.000018124532211667767,0.000018124532211667767,0
1759069500000,2025-09-28T14:25:00.000Z,0.000018124532211667767,0.000018124532211667767,0.000018124532211667767,0.000018124532211667767,0
1759069800000,2025-09-28T14:30:00.000Z,0.000018124532211667767,0.000018124532211667767,0.000018124532211667767,0.000018124532211667767,0
1759070100000,2025-09-28T14:35:00.000Z,0.000018124532211667767,0.000018124532211667767,0.000018124532211667767,0.000018124532211667767,0
1759070400000,2025-09-28T14:40:00.000Z,0.000018124532211667767,0.000018124532211667767,0.000018124532211667767,0.000018124532211667767,0
1759070700000,2025-09-28T14:45:00.000Z,0.000018124532211667767,0.000018124532211667767,0.000018124532211667767,0.000018124532211667767,0
1759071000000,2025-09-28T14:50:00.000Z,0.000018124532211667767,0.00001820882008369483,0.000018124532211667767,0.00001820882008369483,500000
1759071300000,2025-09-28T14:55:00.000Z,0.00001820882008369483,0.00001820882008369483,0.00001820882008369483,0.00001820882008369483,0
1759071600000,2025-09-28T15:00:00.000Z,0.00001820882008369483,0.00001820882008369483,0.00001820882008369483,0.00001820882008369483,0
1759071900000,2025-09-28T15:05:00.000Z,0.00001820882008369483,0.00001820882008369483,0.00001820882008369483,0.00001820882008369483,0
1759072200000,2025-09-28T15:10:00.000Z,0.00001820882008369483,0.00001820882008369483,0.00001820882008369483,0.00001820882008369483,0
1759072500000,2025-09-28T15:15:00.000Z,0.00001820882008369483,0.00001820882008369483,0.00001820882008369483,0.00001820882008369483,0
1759072800000,2025-09-28T15:20:00.000Z,0.00001820882008369483,0.00001820882008369483,0.00001820882008369483,0.00001820882008369483,0
1759073100000,2025-09-28T15:25:00.000Z,0.00001820882008369483,0.00001820882008369483,0.00001820882008369483,0.00001820882008369483,0
1759073400000,2025-09-28T15:30:00.000Z,0.00001820882008369483,0.00001820882008369483,0.00001820882008369483,0.00001820882008369483,0
1759073700000,2025-09-28T15:35:00.000Z,0.00001820882008369483,0.00001820882008369483,0.00001820882008369483,0.00001820882008369483,0
1759074000000,2025-09-28T15:40:00.000Z,0.00001820882008369483,0.00001820882008369483,0.00001820882008369483,0.00001820882008369483,0
1759074300000,2025-09-28T15:45:00.000Z,0.00001820882008369483,0.00001820882008369483,0.00001820882008369483,0.00001820882008369483,0
1759074600000,2025-09-28T15:50:00.000Z,0.00001820882008369483,0.000018327108977085594,0.00001820882008369483,0.000018327108977085594,545729.6651312263
1759074900000,2025-09-28T15:55:00.000Z,0.000018327108977085594,0.000018416154674131014,0.000018327108977085594,0.000018416154674131014,1086308.9021558673
1759075200000,2025-09-28T16:00:00.000Z,0.000018416154674131014,0.000018526754714340934,0.000018416154674131014,0.000018526754714340934,1618278.0962244163
1759075500000,2025-09-28T16:05:00.000Z,0.000018526754714340934,0.000018526754714340934,0.000018526754714340934,0.000018526754714340934,0
1759075800000,2025-09-28T16:10:00.000Z,0.000018526754714340934,0.00001874552773849913,0.000018526754714340934,0.00001874552773849913,1073497.0112240638
1759076100000,2025-09-28T16:15:00.000Z,0.00001874552773849913,0.00001874552773849913,0.00001874552773849913,0.00001874552773849913,0
1759076400000,2025-09-28T16:20:00.000Z,0.00001874552773849913,0.00001874552773849913,0.00001874552773849913,0.00001874552773849913,0
1759076700000,2025-09-28T16:25:00.000Z,0.00001874552773849913,0.00001874552773849913,0.00001874552773849913,0.00001874552773849913,0
1759077000000,2025-09-28T16:30:00.000Z,0.00001874552773849913,0.00001874552773849913,0.00001874552773849913,0.00001874552773849913,0
1759077300000,2025-09-28T16:35:00.000Z,0.00001874552773849913,0.00001874552773849913,0.00001874552773849913,0.00001874552773849913,0
1759077600000,2025-09-28T16:40:00.000Z,0.00001874552773849913,0.00001874552773849913,0.00001874552773849913,0.00001874552773849913,0
1759077900000,2025-09-28T16:45:00.000Z,0.00001874552773849913,0.00001874552773849913,0.00001874552773849913,0.00001874552773849913,0
1759078200000,2025-09-28T16:50:00.000Z,0.00001874552773849913,0.00001874552773849913,0.00001874552773849913,0.00001874552773849913,0
1759078500000,2025-09-28T16:55:00.000Z,0.00001874552773849913,0.00001874552773849913,0.00001874552773849913,0.00001874552773849913,0
1759078800000,2025-09-28T17:00:00.000Z,0.00001874552773849913,0.00001874552773849913,0.00001874552773849913,0.00001874552773849913,0
1759079100000,2025-09-28T17:05:00.000Z,0.00001874552773849913,0.00001874552773849913,0.00001874552773849913,0.00001874552773849913,0
1759079400000,2025-09-28T17:10:00.000Z,0.00001874552773849913,0.000019461867833684925,0.00001874552773849913,0.000019461867833684925,15446971.786823828
1759079700000,2025-09-28T17:15:00.000Z,0.000019461867833684925,0.000020274498996631087,0.000019461867833684925,0.000020274498996631087,1977794.0648488097
1759080000000,2025-09-28T17:20:00.000Z,0.000020274498996631087,0.000020274498996631087,0.000020274498996631087,0.000020274498996631087,0
1759080300000,2025-09-28T17:25:00.000Z,0.000020274498996631087,0.000020274498996631087,0.000020274498996631087,0.000020274498996631087,0
1759080600000,2025-09-28T17:30:00.000Z,0.000020274498996631087,0.000020274498996631087,0.000020274498996631087,0.000020274498996631087,0
1759080900000,2025-09-28T17:35:00.000Z,0.000020274498996631087,0.000020274498996631087,0.000020274498996631087,0.000020274498996631087,0
1759081200000,2025-09-28T17:40:00.000Z,0.000020274498996631087,0.000020274498996631087,0.000020274498996631087,0.000020274498996631087,0
1759081500000,2025-09-28T17:45:00.000Z,0.000020274498996631087,0.000020274498996631087,0.000020274498996631087,0.000020274498996631087,0
1759081800000,2025-09-28T17:50:00.000Z,0.000020274498996631087,0.000020274498996631087,0.000020274498996631087,0.000020274498996631087,0
1759082100000,2025-09-28T17:55:00.000Z,0.000020274498996631087,0.000020274498996631087,0.000020274498996631087,0.000020274498996631087,0
1759082400000,2025-09-28T18:00:00.000Z,0.000020274498996631087,0.000020274498996631087,0.000020274498996631087,0.000020274498996631087,0
1759082700000,2025-09-28T18:05:00.000Z,0.000020274498996631087,0.000020274498996631087,0.000020274498996631087,0.000020274498996631087,0
1759083000000,2025-09-28T18:10:00.000Z,0.000020274498996631087,0.000020274498996631087,0.000020274498996631087,0.000020274498996631087,0
1759083300000,2025-09-28T18:15:00.000Z,0.000020274498996631087,0.000020274498996631087,0.000020274498996631087,0.000020274498996631087,0
1759083600000,2025-09-28T18:20:00.000Z,0.000020274498996631087,0.000020527530827849946,0.000020274498996631087,0.000020527530827849946,1786629.769675601
1759083900000,2025-09-28T18:25:00.000Z,0.000020527530827849946,0.000020527530827849946,0.000020527530827849946,0.000020527530827849946,0
1759084200000,2025-09-28T18:30:00.000Z,0.000020527530827849946,0.00002098429867395447,0.000020527530827849946,0.000020944946221194247,7651521.939874324
1759084500000,2025-09-28T18:35:00.000Z,0.000020944946221194247,0.000020944946221194247,0.000020944946221194247,0.000020944946221194247,0
1759084800000,2025-09-28T18:40:00.000Z,0.000020944946221194247,0.000020944946221194247,0.000020944946221194247,0.000020944946221194247,0
1759085100000,2025-09-28T18:45:00.000Z,0.000020944946221194247,0.000020944946221194247,0.000020944946221194247,0.000020944946221194247,0
1759085400000,2025-09-28T18:50:00.000Z,0.000020944946221194247,0.000020944946221194247,0.000020944946221194247,0.000020944946221194247,0
1759085700000,2025-09-28T18:55:00.000Z,0.000020944946221194247,0.000020944946221194247,0.000020944946221194247,0.000020944946221194247,0
1759086000000,2025-09-28T19:00:00.000Z,0.000020944946221194247,0.000020944946221194247,0.000020944946221194247,0.000020944946221194247,0
1759086300000,2025-09-28T19:05:00.000Z,0.000020944946221194247,0.000020944946221194247,0.000020944946221194247,0.000020944946221194247,0
1759086600000,2025-09-28T19:10:00.000Z,0.000020944946221194247,0.000020944946221194247,0.000020944946221194247,0.000020944946221194247,0
1759086900000,2025-09-28T19:15:00.000Z,0.000020944946221194247,0.000020944946221194247,0.000020944946221194247,0.000020944946221194247,0
1759087200000,2025-09-28T19:20:00.000Z,0.000020944946221194247,0.000020944946221194247,0.000020944946221194247,0.000020944946221194247,0
1759087500000,2025-09-28T19:25:00.000Z,0.000020944946221194247,0.000020944946221194247,0.000020944946221194247,0.000020944946221194247,0
1759087800000,2025-09-28T19:30:00.000Z,0.000020944946221194247,0.000020944946221194247,0.000020944946221194247,0.000020944946221194247,0
1759088100000,2025-09-28T19:35:00.000Z,0.000020944946221194247,0.000020944946221194247,0.000020944946221194247,0.000020944946221194247,0
1759088400000,2025-09-28T19:40:00.000Z,0.000020944946221194247,0.000020944946221194247,0.000020944946221194247,0.000020944946221194247,0
1759088700000,2025-09-28T19:45:00.000Z,0.000020944946221194247,0.000020944946221194247,0.000020944946221194247,0.000020944946221194247,0
1759089000000,2025-09-28T19:50:00.000Z,0.000020944946221194247,0.000020944946221194247,0.000020944946221194247,0.000020944946221194247,0
1759089300000,2025-09-28T19:55:00.000Z,0.000020944946221194247,0.000020944946221194247,0.000020944946221194247,0.000020944946221194247,0
1759089600000,2025-09-28T20:00:00.000Z,0.000020944946221194247,0.000020944946221194247,0.000020944946221194247,0.000020944946221194247,0
1759089900000,2025-09-28T20:05:00.000Z,0.000020944946221194247,0.000020944946221194247,0.000020944946221194247,0.000020944946221194247,0
1759090200000,2025-09-28T20:10:00.000Z,0.000020944946221194247,0.000020944946221194247,0.000020944946221194247,0.000020944946221194247,0
1759090500000,2025-09-28T20:15:00.000Z,0.000020944946221194247,0.000020944946221194247,0.000020944946221194247,0.000020944946221194247,0
1759090800000,2025-09-28T20:20:00.000Z,0.000020944946221194247,0.000020944946221194247,0.000020944946221194247,0.000020944946221194247,0
1759091100000,2025-09-28T20:25:00.000Z,0.000020944946221194247,0.000020944946221194247,0.000020944946221194247,0.000020944946221194247,0
1759091400000,2025-09-28T20:30:00.000Z,0.000020944946221194247,0.000020944946221194247,0.00002087977909477401,0.00002087977909477401,300000
1759091700000,2025-09-28T20:35:00.000Z,0.00002087977909477401,0.00002087977909477401,0.00002087977909477401,0.00002087977909477401,0
1759092000000,2025-09-28T20:40:00.000Z,0.00002087977909477401,0.000021110509548944277,0.00002087977909477401,0.000021110509548944277,1442584.732989139
1759092300000,2025-09-28T20:45:00.000Z,0.000021110509548944277,0.000021110509548944277,0.000021110509548944277,0.000021110509548944277,0
1759092600000,2025-09-28T20:50:00.000Z,0.000021110509548944277,0.000021110509548944277,0.000021110509548944277,0.000021110509548944277,0
1759092900000,2025-09-28T20:55:00.000Z,0.000021110509548944277,0.000021110509548944277,0.000021110509548944277,0.000021110509548944277,0
1759093200000,2025-09-28T21:00:00.000Z,0.000021110509548944277,0.000021110509548944277,0.000021110509548944277,0.000021110509548944277,0
1759093500000,2025-09-28T21:05:00.000Z,0.000021110509548944277,0.000021110509548944277,0.000021110509548944277,0.000021110509548944277,0
1759093800000,2025-09-28T21:10:00.000Z,0.000021110509548944277,0.000021110509548944277,0.000021110509548944277,0.000021110509548944277,0
1759094100000,2025-09-28T21:15:00.000Z,0.000021110509548944277,0.000021110509548944277,0.000021110509548944277,0.000021110509548944277,0
1759094400000,2025-09-28T21:20:00.000Z,0.000021110509548944277,0.000021110509548944277,0.000021110509548944277,0.000021110509548944277,0
1759094700000,2025-09-28T21:25:00.000Z,0.000021110509548944277,0.000021110509548944277,0.000021110509548944277,0.000021110509548944277,0
1759095000000,2025-09-28T21:30:00.000Z,0.000021110509548944277,0.000021110509548944277,0.000021110509548944277,0.000021110509548944277,0
1759095300000,2025-09-28T21:35:00.000Z,0.000021110509548944277,0.000021110509548944277,0.000021110509548944277,0.000021110509548944277,0
1759095600000,2025-09-28T21:40:00.000Z,0.000021110509548944277,0.000021110509548944277,0.000021110509548944277,0.000021110509548944277,0
1759095900000,2025-09-28T21:45:00.000Z,0.000021110509548944277,0.000021110509548944277,0.000021110509548944277,0.000021110509548944277,0
1759096200000,2025-09-28T21:50:00.000Z,0.000021110509548944277,0.000021110509548944277,0.000021110509548944277,0.000021110509548944277,0
1759096500000,2025-09-28T21:55:00.000Z,0.000021110509548944277,0.000021110509548944277,0.000021110509548944277,0.000021110509548944277,0
1759096800000,2025-09-28T22:00:00.000Z,0.000021110509548944277,0.000021110509548944277,0.000021110509548944277,0.000021110509548944277,0
1759097100000,2025-09-28T22:05:00.000Z,0.000021110509548944277,0.000021110509548944277,0.000021110509548944277,0.000021110509548944277,0
1759097400000,2025-09-28T22:10:00.000Z,0.000021110509548944277,0.000021110509548944277,0.000021110509548944277,0.000021110509548944277,0
1759097700000,2025-09-28T22:15:00.000Z,0.000021110509548944277,0.000021110509548944277,0.000021110509548944277,0.000021110509548944277,0
1759098000000,2025-09-28T22:20:00.000Z,0.000021110509548944277,0.000021110509548944277,0.000021110509548944277,0.000021110509548944277,0
1759098300000,2025-09-28T22:25:00.000Z,0.000021110509548944277,0.000021110509548944277,0.000021110509548944277,0.000021110509548944277,0
1759098600000,2025-09-28T22:30:00.000Z,0.000021110509548944277,0.000021110509548944277,0.000021110509548944277,0.000021110509548944277,0
1759098900000,2025-09-28T22:35:00.000Z,0.000021110509548944277,0.000021110509548944277,0.000021110509548944277,0.000021110509548944277,0
1759099200000,2025-09-28T22:40:00.000Z,0.000021110509548944277,0.000021110509548944277,0.000021110509548944277,0.000021110509548944277,0
1759099500000,2025-09-28T22:45:00.000Z,0.000021110509548944277,0.000021110509548944277,0.000021110509548944277,0.000021110509548944277,0
1759099800000,2025-09-28T22:50:00.000Z,0.000021110509548944277,0.000021110509548944277,0.000021110509548944277,0.000021110509548944277,0
1759100100000,2025-09-28T22:55:00.000Z,0.000021110509548944277,0.000021110509548944277,0.000021110509548944277,0.000021110509548944277,0
1759100400000,2025-09-28T23:00:00.000Z,0.000021110509548944277,0.000021110509548944277,0.000021110509548944277,0.000021110509548944277,0
1759100700000,2025-09-28T23:05:00.000Z,0.000021110509548944277,0.000021110509548944277,0.000021110509548944277,0.000021110509548944277,0
1759101000000,2025-09-28T23:10:00.000Z,0.000021110509548944277,0.000021110509548944277,0.000021110509548944277,0.000021110509548944277,0
1759101300000,2025-09-28T23:15:00.000Z,0.000021110509548944277,0.000021110509548944277,0.000021110509548944277,0.000021110509548944277,0
1759101600000,2025-09-28T23:20:00.000Z,0.000021110509548944277,0.000021110509548944277,0.000021110509548944277,0.000021110509548944277,0
1759101900000,2025-09-28T23:25:00.000Z,0.000021110509548944277,0.000021449843881009556,0.000021110509548944277,0.000021367580266292316,3156254.1640735827
1759102200000,2025-09-28T23:30:00.000Z,0.000021367580266292316,0.000021367580266292316,0.000021367580266292316,0.000021367580266292316,0
1759102500000,2025-09-28T23:35:00.000Z,0.000021367580266292316,0.000021367580266292316,0.000021367580266292316,0.000021367580266292316,0
1759102800000,2025-09-28T23:40:00.000Z,0.000021367580266292316,0.000021367580266292316,0.000021367580266292316,0.000021367580266292316,0
1759103100000,2025-09-28T23:45:00.000Z,0.000021367580266292316,0.000021367580266292316,0.000021367580266292316,0.000021367580266292316,0
1759103400000,2025-09-28T23:50:00.000Z,0.000021367580266292316,0.000021367580266292316,0.000021367580266292316,0.000021367580266292316,0
1759103700000,2025-09-28T23:55:00.000Z,0.000021367580266292316,0.000021367580266292316,0.000021367580266292316,0.000021367580266292316,0
1759104000000,2025-09-29T00:00:00.000Z,0.000021367580266292316,0.000021367580266292316,0.000021367580266292316,0.000021367580266292316,0
1759104300000,2025-09-29T00:05:00.000Z,0.000021367580266292316,0.000021367580266292316,0.000021367580266292316,0.000021367580266292316,0
1759104600000,2025-09-29T00:10:00.000Z,0.000021367580266292316,0.000021367580266292316,0.000021367580266292316,0.000021367580266292316,0
1759104900000,2025-09-29T00:15:00.000Z,0.000021367580266292316,0.000021367580266292316,0.000021367580266292316,0.000021367580266292316,0
1759105200000,2025-09-29T00:20:00.000Z,0.000021367580266292316,0.000021367580266292316,0.000021367580266292316,0.000021367580266292316,0
1759105500000,2025-09-29T00:25:00.000Z,0.000021367580266292316,0.000021367580266292316,0.000021367580266292316,0.000021367580266292316,0
1759105800000,2025-09-29T00:30:00.000Z,0.000021367580266292316,0.000021367580266292316,0.000021367580266292316,0.000021367580266292316,0
1759106100000,2025-09-29T00:35:00.000Z,0.000021367580266292316,0.000021367580266292316,0.000021367580266292316,0.000021367580266292316,0
1759106400000,2025-09-29T00:40:00.000Z,0.000021367580266292316,0.000021367580266292316,0.000021322862113866485,0.000021322862113866485,1214902.73642608
1759106700000,2025-09-29T00:45:00.000Z,0.000021322862113866485,0.000021481987308877808,0.000021322862113866485,0.000021413574369239964,5021887.894517032
1759107000000,2025-09-29T00:50:00.000Z,0.000021413574369239964,0.000021413574369239964,0.000021413574369239964,0.000021413574369239964,0
1759107300000,2025-09-29T00:55:00.000Z,0.000021413574369239964,0.000021413574369239964,0.000021413574369239964,0.000021413574369239964,0
1759107600000,2025-09-29T01:00:00.000Z,0.000021413574369239964,0.000021413574369239964,0.000021413574369239964,0.000021413574369239964,0
1759107900000,2025-09-29T01:05:00.000Z,0.000021413574369239964,0.000021413574369239964,0.000021413574369239964,0.000021413574369239964,0
1759108200000,2025-09-29T01:10:00.000Z,0.000021413574369239964,0.000021413574369239964,0.000021413574369239964,0.000021413574369239964,0
1759108500000,2025-09-29T01:15:00.000Z,0.000021413574369239964,0.000021413574369239964,0.000021413574369239964,0.000021413574369239964,0
1759108800000,2025-09-29T01:20:00.000Z,0.000021413574369239964,0.000021413574369239964,0.000021413574369239964,0.000021413574369239964,0
1759109100000,2025-09-29T01:25:00.000Z,0.000021413574369239964,0.000021413574369239964,0.000021413574369239964,0.000021413574369239964,0
1759109400000,2025-09-29T01:30:00.000Z,0.000021413574369239964,0.000021413574369239964,0.000021413574369239964,0.000021413574369239964,0
1759109700000,2025-09-29T01:35:00.000Z,0.000021413574369239964,0.000021413574369239964,0.000021413574369239964,0.000021413574369239964,0
1759110000000,2025-09-29T01:40:00.000Z,0.000021413574369239964,0.000021413574369239964,0.000021413574369239964,0.000021413574369239964,0
1759110300000,2025-09-29T01:45:00.000Z,0.000021413574369239964,0.000021413574369239964,0.000021413574369239964,0.000021413574369239964,0
1759110600000,2025-09-29T01:50:00.000Z,0.000021413574369239964,0.000021413574369239964,0.000021413574369239964,0.000021413574369239964,0
1759110900000,2025-09-29T01:55:00.000Z,0.000021413574369239964,0.000021413574369239964,0.000021413574369239964,0.000021413574369239964,0
1759111200000,2025-09-29T02:00:00.000Z,0.000021413574369239964,0.000021413574369239964,0.000021413574369239964,0.000021413574369239964,0
1759111500000,2025-09-29T02:05:00.000Z,0.000021413574369239964,0.000021413574369239964,0.000021413574369239964,0.000021413574369239964,0
1759111800000,2025-09-29T02:10:00.000Z,0.000021413574369239964,0.000021413574369239964,0.000021413574369239964,0.000021413574369239964,0
1759112100000,2025-09-29T02:15:00.000Z,0.000021413574369239964,0.000021413574369239964,0.000021413574369239964,0.000021413574369239964,0
1759112400000,2025-09-29T02:20:00.000Z,0.000021413574369239964,0.000021413574369239964,0.000021413574369239964,0.000021413574369239964,0
1759112700000,2025-09-29T02:25:00.000Z,0.000021413574369239964,0.000021413574369239964,0.000021413574369239964,0.000021413574369239964,0
1759113000000,2025-09-29T02:30:00.000Z,0.000021413574369239964,0.000021413574369239964,0.000021413574369239964,0.000021413574369239964,0
1759113300000,2025-09-29T02:35:00.000Z,0.000021413574369239964,0.000021413574369239964,0.000021413574369239964,0.000021413574369239964,0
1759113600000,2025-09-29T02:40:00.000Z,0.000021413574369239964,0.000021413574369239964,0.000021413574369239964,0.000021413574369239964,0
1759113900000,2025-09-29T02:45:00.000Z,0.000021413574369239964,0.000021413574369239964,0.000021365207141363815,0.000021365207141363815,1000000
1759114200000,2025-09-29T02:50:00.000Z,0.000021365207141363815,0.000021365207141363815,0.000021365207141363815,0.000021365207141363815,0
1759114500000,2025-09-29T02:55:00.000Z,0.000021365207141363815,0.000021365207141363815,0.000021365207141363815,0.000021365207141363815,0
1759114800000,2025-09-29T03:00:00.000Z,0.000021365207141363815,0.000021365207141363815,0.000021365207141363815,0.000021365207141363815,0
1759115100000,2025-09-29T03:05:00.000Z,0.000021365207141363815,0.000021365207141363815,0.000021365207141363815,0.000021365207141363815,0
1759115400000,2025-09-29T03:10:00.000Z,0.000021365207141363815,0.000022284091070805376,0.000021365207141363815,0.000022284091070805376,15300744.750925794
1759115700000,2025-09-29T03:15:00.000Z,0.000022284091070805376,0.000022284091070805376,0.000022284091070805376,0.000022284091070805376,0
1759116000000,2025-09-29T03:20:00.000Z,0.000022284091070805376,0.000022284091070805376,0.000022284091070805376,0.000022284091070805376,0
1759116300000,2025-09-29T03:25:00.000Z,0.000022284091070805376,0.000022284091070805376,0.000022284091070805376,0.000022284091070805376,0
1759116600000,2025-09-29T03:30:00.000Z,0.000022284091070805376,0.000022284091070805376,0.000022284091070805376,0.000022284091070805376,0
1759116900000,2025-09-29T03:35:00.000Z,0.000022284091070805376,0.000022284091070805376,0.000022284091070805376,0.000022284091070805376,0
1759117200000,2025-09-29T03:40:00.000Z,0.000022284091070805376,0.000022284091070805376,0.000022284091070805376,0.000022284091070805376,0
1759117500000,2025-09-29T03:45:00.000Z,0.000022284091070805376,0.000022284091070805376,0.000022284091070805376,0.000022284091070805376,0
1759117800000,2025-09-29T03:50:00.000Z,0.000022284091070805376,0.000022284091070805376,0.000022284091070805376,0.000022284091070805376,0
1759118100000,2025-09-29T03:55:00.000Z,0.000022284091070805376,0.000022284091070805376,0.000022284091070805376,0.000022284091070805376,0
1759118400000,2025-09-29T04:00:00.000Z,0.000022284091070805376,0.000022284091070805376,0.000022284091070805376,0.000022284091070805376,0
1759118700000,2025-09-29T04:05:00.000Z,0.000022284091070805376,0.000022284091070805376,0.000022284091070805376,0.000022284091070805376,0
1759119000000,2025-09-29T04:10:00.000Z,0.000022284091070805376,0.00002323993388535041,0.000022284091070805376,0.00002323993388535041,1500000
1759119300000,2025-09-29T04:15:00.000Z,0.00002323993388535041,0.00002323993388535041,0.00002323993388535041,0.00002323993388535041,0
1759119600000,2025-09-29T04:20:00.000Z,0.00002323993388535041,0.00002323993388535041,0.00002323993388535041,0.00002323993388535041,0
1759119900000,2025-09-29T04:25:00.000Z,0.00002323993388535041,0.00002323993388535041,0.00002323993388535041,0.00002323993388535041,0
1759120200000,2025-09-29T04:30:00.000Z,0.00002323993388535041,0.00002368225738286322,0.000023226402140674965,0.00002368225738286322,7117637.475059679
1759120500000,2025-09-29T04:35:00.000Z,0.00002368225738286322,0.000024371384383938955,0.00002368225738286322,0.000024371384383938955,4276798.917243834
1759120800000,2025-09-29T04:40:00.000Z,0.000024371384383938955,0.000024371384383938955,0.000024371384383938955,0.000024371384383938955,0
1759121100000,2025-09-29T04:45:00.000Z,0.000024371384383938955,0.000024371384383938955,0.000024371384383938955,0.000024371384383938955,0
1759121400000,2025-09-29T04:50:00.000Z,0.000024371384383938955,0.000024371384383938955,0.000024371384383938955,0.000024371384383938955,0
1759121700000,2025-09-29T04:55:00.000Z,0.000024371384383938955,0.000024371384383938955,0.000024371384383938955,0.000024371384383938955,0
1759122000000,2025-09-29T05:00:00.000Z,0.000024371384383938955,0.000024371384383938955,0.000024371384383938955,0.000024371384383938955,0
1759122300000,2025-09-29T05:05:00.000Z,0.000024371384383938955,0.000024371384383938955,0.000024371384383938955,0.000024371384383938955,0
1759122600000,2025-09-29T05:10:00.000Z,0.000024371384383938955,0.000024374775841389398,0.0000239997929330067,0.0000239997929330067,4500000
1759122900000,2025-09-29T05:15:00.000Z,0.0000239997929330067,0.0000239997929330067,0.0000239997929330067,0.0000239997929330067,0
1759123200000,2025-09-29T05:20:00.000Z,0.0000239997929330067,0.0000239997929330067,0.0000239997929330067,0.0000239997929330067,0
1759123500000,2025-09-29T05:25:00.000Z,0.0000239997929330067,0.0000239997929330067,0.0000239997929330067,0.0000239997929330067,0
1759123800000,2025-09-29T05:30:00.000Z,0.0000239997929330067,0.0000239997929330067,0.0000239997929330067,0.0000239997929330067,0
1759124100000,2025-09-29T05:35:00.000Z,0.0000239997929330067,0.0000239997929330067,0.0000239997929330067,0.0000239997929330067,0
1759124400000,2025-09-29T05:40:00.000Z,0.0000239997929330067,0.00004696023429560813,0.0000239997929330067,0.00004696023429560813,333898967.39922464
1759124700000,2025-09-29T05:45:00.000Z,0.00004696023429560813,0.0002675645928467409,0.000041521172358721355,0.00014982284996628136,884273626.4856334
1759125000000,2025-09-29T05:50:00.000Z,0.00014982284996628136,0.00024472978772590464,0.00014154235729816304,0.00020142993432111338,421635938.0729947
1759125300000,2025-09-29T05:55:00.000Z,0.00020142993432111338,0.00030885699918373557,0.00017260734977970452,0.00024509487408482254,234645059.14081407
1759125600000,2025-09-29T06:00:00.000Z,0.00024509487408482254,0.0004667317451137495,0.00022497775438099388,0.0003774830259185651,248603905.176405
1759125900000,2025-09-29T06:05:00.000Z,0.0003774830259185651,0.0005492614582840511,0.0003525805918130767,0.0004285344725198184,138356211.71469074
1759126200000,2025-09-29T06:10:00.000Z,0.0004285344725198184,0.0005507121911932241,0.00022767355066460844,0.00029675115587072235,220792989.47128242
1759126500000,2025-09-29T06:15:00.000Z,0.00029675115587072235,0.00043788686905339795,0.0002776989941764652,0.0003484883990109209,328742512.0318303
1759126800000,2025-09-29T06:20:00.000Z,0.0003484883990109209,0.0004525488559644984,0.0002920359289295014,0.0003965160654799229,104964712.54937163
1759127100000,2025-09-29T06:25:00.000Z,0.0003965160654799229,0.0006200587229066743,0.00033732022211647333,0.0005634373562281972,132939516.93558152
1759127400000,2025-09-29T06:30:00.000Z,0.0005634373562281972,0.0005656324378154339,0.000396235958649334,0.00045332066900170235,83272977.98567398
1759127700000,2025-09-29T06:35:00.000Z,0.00045332066900170235,0.0005158907841973838,0.0004350547475680683,0.0004477929670683793,56998836.921939544
1759128000000,2025-09-29T06:40:00.000Z,0.0004477929670683793,0.0005076636385263288,0.0003691747458219502,0.0004279709250667184,94782329.59442303
1759128300000,2025-09-29T06:45:00.000Z,0.0004279709250667184,0.00045147627910441625,0.0003784030729510134,0.00039971464387425373,63948133.91404039
1759128600000,2025-09-29T06:50:00.000Z,0.00039971464387425373,0.0005030612979512155,0.0003975197310819071,0.00045512439139156575,40905104.281513624
1759128900000,2025-09-29T06:55:00.000Z,0.00045512439139156575,0.0005339748452403969,0.0004082038317227856,0.0004259756255084214,47214219.50995192
1759129200000,2025-09-29T07:00:00.000Z,0.0004259756255084214,0.0005313607805197794,0.00041336586244626074,0.0004782658292105841,36156538.021967426
1759129500000,2025-09-29T07:05:00.000Z,0.0004782658292105841,0.0005138230944091622,0.0004481447562677381,0.0005138230944091622,22248178.497266613
1759129800000,2025-09-29T07:10:00.000Z,0.0005138230944091622,0.0006256848184618013,0.0004878675936257505,0.0005986038486359575,36101544.46793369
1759130100000,2025-09-29T07:15:00.000Z,0.0005986038486359575,0.0008314926468084294,0.0005832005919863854,0.0007308662889453975,89444444.75081052
1759130400000,2025-09-29T07:20:00.000Z,0.0007308662889453975,0.0008555585645675182,0.0006818500124620506,0.0007569526292413533,76171170.6951245
1759130700000,2025-09-29T07:25:00.000Z,0.0007569526292413533,0.0008064272944440018,0.0007182025660327575,0.0007327125319841842,36216212.09522932
1759131000000,2025-09-29T07:30:00.000Z,0.0007327125319841842,0.0008252406593264636,0.0005221414604667012,0.0006492148367360307,89977077.86503474
1759131300000,2025-09-29T07:35:00.000Z,0.0006492148367360307,0.0006886723456342507,0.0006250480839866803,0.0006269502881329616,20281841.37153097
1759131600000,2025-09-29T07:40:00.000Z,0.0006269502881329616,0.0006558891183489783,0.0005355291681076356,0.0006326001370107926,56667574.995882146
1759131900000,2025-09-29T07:45:00.000Z,0.0006326001370107926,0.0007624274903422391,0.0006137855922594817,0.0007321162442451767,37291060.35727756
1759132200000,2025-09-29T07:50:00.000Z,0.0007321162442451767,0.0007956684122090504,0.000602666117234259,0.0006733015797635849,36181212.15626867
1759132500000,2025-09-29T07:55:00.000Z,0.0006733015797635849,0.0007578771844941863,0.000656033168229813,0.0007440928069814931,26098682.351757728
1759132800000,2025-09-29T08:00:00.000Z,0.0007440928069814931,0.0008357384439176479,0.0007217999669567589,0.0008311913369559057,21194180.41682154
1759133100000,2025-09-29T08:05:00.000Z,0.0008311913369559057,0.0009417131554427374,0.000764329517772805,0.0009190423972234009,31031971.644152887
1759133400000,2025-09-29T08:10:00.000Z,0.0009190423972234009,0.0010703512652791628,0.000819966130625778,0.0008794100105674103,67144195.87381145
1759133700000,2025-09-29T08:15:00.000Z,0.0008794100105674103,0.0009241028392038727,0.0007867634388007464,0.0009109100819097528,30996495.353344098
1759134000000,2025-09-29T08:20:00.000Z,0.0009109100819097528,0.0009589036355574579,0.0008113694671299014,0.0008173217142018506,25562930.202047866
1759134300000,2025-09-29T08:25:00.000Z,0.0008173217142018506,0.0008223845852459741,0.0007017997480861898,0.0007487365410925902,42670229.073472925
1759134600000,2025-09-29T08:30:00.000Z,0.0007487365410925902,0.0008592289748168304,0.000690748862196816,0.0007949941677897099,42741566.452508055
1759134900000,2025-09-29T08:35:00.000Z,0.0007949941677897099,0.0008800403547141834,0.0007270751744394375,0.0007270751744394375,34034019.90987689
1759135200000,2025-09-29T08:40:00.000Z,0.0007270751744394375,0.0007304189674027229,0.0006485501883451793,0.0006702282252870515,29256658.318717904
1759135500000,2025-09-29T08:45:00.000Z,0.0006702282252870515,0.0007144063821398286,0.0005581794461750869,0.0006769021643586902,93997060.26937382
1759135800000,2025-09-29T08:50:00.000Z,0.0006769021643586902,0.0006900274391082688,0.0005498340271172555,0.0006256691425730887,78354310.42296702
1759136100000,2025-09-29T08:55:00.000Z,0.0006256691425730887,0.0007028834027472574,0.00059591593384199,0.0006983273448149242,18370605.919125773
1759136400000,2025-09-29T09:00:00.000Z,0.0006983273448149242,0.0007157096421673978,0.0006437405144149227,0.0006510002739075335,13656195.423903411
1759136700000,2025-09-29T09:05:00.000Z,0.0006510002739075335,0.000652417014492671,0.0005536400679311143,0.0006014189581759336,35116986.89196867
1759137000000,2025-09-29T09:10:00.000Z,0.0006014189581759336,0.0006708028553803678,0.0005547008593412177,0.0006122077009278807,21856660.913021863
1759137300000,2025-09-29T09:15:00.000Z,0.0006122077009278807,0.0006122077009278807,0.00047318631105675686,0.00049168086598649,29132302.170705218
1759137600000,2025-09-29T09:20:00.000Z,0.00049168086598649,0.0005507128096603505,0.00047510769822191627,0.0005296130297482088,31149351.111655034
1759137900000,2025-09-29T09:25:00.000Z,0.0005296130297482088,0.0005378063408082396,0.0004381468113139138,0.0005250588630041715,39626397.66044527
1759138200000,2025-09-29T09:30:00.000Z,0.0005250588630041715,0.0005271769320817973,0.00040457350917599274,0.0004386035996644249,65334879.79356664
1759138500000,2025-09-29T09:35:00.000Z,0.0004386035996644249,0.00047887298073293516,0.000435790137779893,0.0004760736983047,24092199.321916677
1759138800000,2025-09-29T09:40:00.000Z,0.0004760736983047,0.0004837610974678495,0.000432299611255753,0.0004837610974678495,16108155.220223252
1759139100000,2025-09-29T09:45:00.000Z,0.0004837610974678495,0.0004883808093663705,0.0004598209360342791,0.0004598209360342791,7831903.586875272
1759139400000,2025-09-29T09:50:00.000Z,0.0004598209360342791,0.00046882752323284605,0.0004227907036563308,0.00045915639915592213,15449855.336300904
1759139700000,2025-09-29T09:55:00.000Z,0.00045915639915592213,0.00046045182978389515,0.00041022171624664506,0.00041406312206034956,13779297.415117916
1759140000000,2025-09-29T10:00:00.000Z,0.00041406312206034956,0.0006943155077546579,0.00041406312206034956,0.0006355188461187569,113213794.54078943
1759140300000,2025-09-29T10:05:00.000Z,0.0006355188461187569,0.0006843693689001036,0.0005884741905302828,0.0006188573698174106,26333244.981041703
1759140600000,2025-09-29T10:10:00.000Z,0.0006188573698174106,0.0006710055655166398,0.0005638297121610372,0.0005967642667610084,27558249.21021005
1759140900000,2025-09-29T10:15:00.000Z,0.0005967642667610084,0.0007935352296374818,0.0005914258003958562,0.0007693148241017623,39869435.06250408
1759141200000,2025-09-29T10:20:00.000Z,0.0007693148241017623,0.0007770755303246246,0.0007116700551451812,0.0007116700551451812,7466160.237890649
1759141500000,2025-09-29T10:25:00.000Z,0.0007116700551451812,0.0007247392243830399,0.0006247466713803306,0.0006472144883606465,15928201.344551958
1759141800000,2025-09-29T10:30:00.000Z,0.0006472144883606465,0.0006488208255937368,0.0005925419723718404,0.0006230984458512008,16487813.390131371
1759142100000,2025-09-29T10:35:00.000Z,0.0006230984458512008,0.0006629598374453983,0.0005781021029192911,0.0006046223160937707,22880436.70531609
1759142400000,2025-09-29T10:40:00.000Z,0.0006046223160937707,0.00060832461382211,0.00047625957602988664,0.0005347781125283446,67503327.38350263
1759142700000,2025-09-29T10:45:00.000Z,0.0005347781125283446,0.0005636852419047259,0.0004991658943198517,0.0005191478475087143,32643959.896478076
1759143000000,2025-09-29T10:50:00.000Z,0.0005191478475087143,0.0005596774722228732,0.0005191478475087143,0.0005423355810159441,14555699.43385099
1759143300000,2025-09-29T10:55:00.000Z,0.0005423355810159441,0.0005853456847873795,0.0005310384976854477,0.0005310384976854477,20281843.714359246
1759143600000,2025-09-29T11:00:00.000Z,0.0005310384976854477,0.0005589429468011781,0.0005253527995180459,0.0005253527995180459,6878454.691516013
1759143900000,2025-09-29T11:05:00.000Z,0.0005253527995180459,0.0005802536530263055,0.0005212444516906853,0.0005685141023378557,7542598.760177961
1759144200000,2025-09-29T11:10:00.000Z,0.0005685141023378557,0.0005747583304987976,0.0005508727662601571,0.0005515813440719394,2934676.8695057617
1759144500000,2025-09-29T11:15:00.000Z,0.0005515813440719394,0.0005841354835379816,0.0005515813440719394,0.000564867653115568,7709091.114633871
1759144800000,2025-09-29T11:20:00.000Z,0.000564867653115568,0.0006150644622473308,0.000564867653115568,0.0006072729255962003,10657115.918798074
1759145100000,2025-09-29T11:25:00.000Z,0.0006072729255962003,0.0007250412562399935,0.0006006694904132818,0.0006554567794181656,28706147.065616183
1759145400000,2025-09-29T11:30:00.000Z,0.0006554567794181656,0.0006646802795822601,0.0006234406204072729,0.0006255129972774217,5281895.1875340855
1759145700000,2025-09-29T11:35:00.000Z,0.0006255129972774217,0.0007595497611691078,0.0006255129972774217,0.0007182329319036199,19344809.297314383
1759146000000,2025-09-29T11:40:00.000Z,0.0007182329319036199,0.0007244825421424932,0.0006657831410534178,0.0007130911591821913,9633377.096784197
1759146300000,2025-09-29T11:45:00.000Z,0.0007130911591821913,0.0007283776386674575,0.0006921068496439989,0.0006967490504588998,2174026.7955660573
1759146600000,2025-09-29T11:50:00.000Z,0.0006967490504588998,0.0006967490504588998,0.000655488306776311,0.000655488306776311,4150886.4908529343
1759146900000,2025-09-29T11:55:00.000Z,0.000655488306776311,0.0006587459231693551,0.0006043367750484321,0.0006239343623158426,10430835.509510908
1759147200000,2025-09-29T12:00:00.000Z,0.0006239343623158426,0.0006306725020864997,0.0004960848970096431,0.0005653066551786097,60488025.01419933
1759147500000,2025-09-29T12:05:00.000Z,0.0005653066551786097,0.0006271502703934436,0.0005395152403421679,0.00057613543147966,23415810.600922175
1759147800000,2025-09-29T12:10:00.000Z,0.00057613543147966,0.0005865820857058844,0.00047921312214246686,0.0005737376000915822,46878159.2853052
1759148100000,2025-09-29T12:15:00.000Z,0.0005737376000915822,0.0005737376000915822,0.00047227873007623647,0.0004840401422307791,21547897.840883773
1759148400000,2025-09-29T12:20:00.000Z,0.0004840401422307791,0.0005470980040542055,0.0004633582763690061,0.000496650951855723,24544551.936279267
1759148700000,2025-09-29T12:25:00.000Z,0.000496650951855723,0.0005152314772066077,0.0004743516500984862,0.0004743516500984862,8559902.084292032
1759149000000,2025-09-29T12:30:00.000Z,0.0004743516500984862,0.000534326916515053,0.0004743516500984862,0.0005119180675082408,8920506.167892624
1759149300000,2025-09-29T12:35:00.000Z,0.0005119180675082408,0.0005119180675082408,0.0004886787540378999,0.0004886787540378999,4778353.219359102
1759149600000,2025-09-29T12:40:00.000Z,0.0004886787540378999,0.0005182955406342743,0.0004357217196074913,0.0005182955406342743,26503520.521241184
1759149900000,2025-09-29T12:45:00.000Z,0.0005182955406342743,0.0005372285422707986,0.000510126984089672,0.0005372285422707986,10495972.03956854
1759150200000,2025-09-29T12:50:00.000Z,0.0005372285422707986,0.0005372285422707986,0.0005086332657604206,0.0005086332657604206,13156574.19010889
1759150500000,2025-09-29T12:55:00.000Z,0.0005086332657604206,0.0005131633413612914,0.000428172792389405,0.0004668600085002612,25400958.7249248
1759150800000,2025-09-29T13:00:00.000Z,0.0004668600085002612,0.0005494408579591063,0.0004668600085002612,0.0005458223822678153,44942500.82017022
1759151100000,2025-09-29T13:05:00.000Z,0.0005458223822678153,0.0006477776316142649,0.0005194347461728883,0.0006104180318652022,49285634.810474195
1759151400000,2025-09-29T13:10:00.000Z,0.0006104180318652022,0.0006560356253230692,0.0005736707802670803,0.0005947220635631923,15839759.935238132
1759151700000,2025-09-29T13:15:00.000Z,0.0005947220635631923,0.000671695091842613,0.0005445855944637155,0.0006496741184081361,18063333.63937109
1759152000000,2025-09-29T13:20:00.000Z,0.0006496741184081361,0.0007378710395902111,0.0006496741184081361,0.000662595997706069,15894777.841168782
1759152300000,2025-09-29T13:25:00.000Z,0.000662595997706069,0.0006741458899366248,0.0005675832529450108,0.0005794559899195405,12255714.31622056
1759152600000,2025-09-29T13:30:00.000Z,0.0005794559899195405,0.0006010163224250241,0.000494107828520492,0.0005299514587492608,25340199.216325637
1759152900000,2025-09-29T13:35:00.000Z,0.0005299514587492608,0.000612011109201555,0.0005296560422566462,0.0005552058133281707,30624299.408301197
1759153200000,2025-09-29T13:40:00.000Z,0.0005552058133281707,0.000560724006269439,0.0005231132025610437,0.0005409525940195503,11763470.233469862
1759153500000,2025-09-29T13:45:00.000Z,0.0005409525940195503,0.0005630684715041493,0.0005369342410198582,0.0005630684715041493,2614223.599786045
1759153800000,2025-09-29T13:50:00.000Z,0.0005630684715041493,0.0005630684715041493,0.0005533734784134439,0.0005598489592815316,2639864.0192478746
1759154100000,2025-09-29T13:55:00.000Z,0.0005598489592815316,0.0005798885718280739,0.0005587096907317603,0.0005698879083469493,6828482.111945914
1759154400000,2025-09-29T14:00:00.000Z,0.0005698879083469493,0.0005826815663374045,0.0005565915887952339,0.0005725015291520268,7839411.424945428
1759154700000,2025-09-29T14:05:00.000Z,0.0005725015291520268,0.0005760268171702384,0.0004569737330397052,0.0004569737330397052,52553201.64425744
1759155000000,2025-09-29T14:10:00.000Z,0.0004569737330397052,0.0004856505805659304,0.00044898528569597,0.0004580331510949496,20588712.725697316
1759155300000,2025-09-29T14:15:00.000Z,0.0004580331510949496,0.0005133908592224397,0.0003378151951783207,0.00044616646304840047,59607359.29517652
1759155600000,2025-09-29T14:20:00.000Z,0.00044616646304840047,0.0004473526378642097,0.0003743235797417977,0.00039662277919963934,65032569.681662366
1759155900000,2025-09-29T14:25:00.000Z,0.00039662277919963934,0.00042624970633546816,0.0003705192283533671,0.0003875976720346619,41534975.7145511
1759156200000,2025-09-29T14:30:00.000Z,0.0003875976720346619,0.00043834582828236303,0.00038289554169508106,0.0004180680828133197,29291393.432518516
1759156500000,2025-09-29T14:35:00.000Z,0.0004180680828133197,0.0004308413204835207,0.0003972030231635416,0.00042307089031019455,16861473.324592706
1759156800000,2025-09-29T14:40:00.000Z,0.00042307089031019455,0.0005059626421679448,0.0004128131908431741,0.0004761581203046846,32549242.529460303
1759157100000,2025-09-29T14:45:00.000Z,0.0004761581203046846,0.0005193668207269293,0.00047544114051154034,0.0005105403410525072,44737336.137864
1759157400000,2025-09-29T14:50:00.000Z,0.0005105403410525072,0.0005476699217842785,0.00050630399692551,0.0005476699217842785,8527861.282863775
1759157700000,2025-09-29T14:55:00.000Z,0.0005476699217842785,0.000654237016852745,0.0004981569916114799,0.0005374435725967499,36983353.85698019
1759158000000,2025-09-29T15:00:00.000Z,0.0005374435725967499,0.0005386010577729873,0.0004005315121353825,0.0004331645425832038,47203323.68878052
1759158300000,2025-09-29T15:05:00.000Z,0.0004331645425832038,0.00047687576882310796,0.0004315034989557743,0.00046262800083189285,13201350.695573218
1759158600000,2025-09-29T15:10:00.000Z,0.00046262800083189285,0.0004635828535414709,0.0004380078047255534,0.00045629473196025336,7505234.262830877
1759158900000,2025-09-29T15:15:00.000Z,0.00045629473196025336,0.00045860922244893754,0.0004170696234852343,0.00042450178427467426,9197343.253960347
1759159200000,2025-09-29T15:20:00.000Z,0.00042450178427467426,0.0005388744242550594,0.0004163566104685702,0.0004213697703190856,29395424.91825926
1759159500000,2025-09-29T15:25:00.000Z,0.0004213697703190856,0.00043240732094113694,0.0004206279470785298,0.0004256693954051443,4586491.013385285
1759159800000,2025-09-29T15:30:00.000Z,0.0004256693954051443,0.00042767071115260913,0.00040870539127921436,0.0004200726980963505,12735706.130169906
1759160100000,2025-09-29T15:35:00.000Z,0.0004200726980963505,0.00046497378425131226,0.00041925271859566486,0.00045209305191209266,17461973.44933019
1759160400000,2025-09-29T15:40:00.000Z,0.00045209305191209266,0.00045209305191209266,0.0004066876089046334,0.00041466284809369086,9404199.329869065
1759160700000,2025-09-29T15:45:00.000Z,0.00041466284809369086,0.00043335305160011197,0.00041466284809369086,0.00043085546281196915,3359569.290552387
1759161000000,2025-09-29T15:50:00.000Z,0.00043085546281196915,0.00043085546281196915,0.00040390483900298,0.00040390483900298,8996417.616589246
1759161300000,2025-09-29T15:55:00.000Z,0.00040390483900298,0.00041412704107558583,0.00037163405798996366,0.0003817312896351495,14649984.064227797
1759161600000,2025-09-29T16:00:00.000Z,0.0003817312896351495,0.0003993973744311462,0.00035322275042821044,0.0003913507863559679,29428646.58746916
1759161900000,2025-09-29T16:05:00.000Z,0.0003913507863559679,0.00048525882089229925,0.00036174544843854586,0.00039086633421263117,33474639.07286579
1759162200000,2025-09-29T16:10:00.000Z,0.00039086633421263117,0.0003975421101597815,0.00039007852842303317,0.0003965489787723716,6725689.308803174
1759162500000,2025-09-29T16:15:00.000Z,0.0003965489787723716,0.00042146612559180606,0.00039148204512983185,0.00041059758304793476,20020182.37349233
1759162800000,2025-09-29T16:20:00.000Z,0.00041059758304793476,0.0004179153762165504,0.0004093064740475269,0.0004093064740475269,4204465.983474848
1759163100000,2025-09-29T16:25:00.000Z,0.0004093064740475269,0.0004274423015025354,0.00040550718432074713,0.00040550718432074713,8173949.999301746
1759163400000,2025-09-29T16:30:00.000Z,0.00040550718432074713,0.00040633946674614865,0.0004001938546563505,0.00040568219058393756,2453792.0094082355
1759163700000,2025-09-29T16:35:00.000Z,0.00040568219058393756,0.00043365234280147484,0.0004046667521828609,0.00042673184058202447,12283761.239966905
1759164000000,2025-09-29T16:40:00.000Z,0.00042673184058202447,0.0005204868779004292,0.0003815410924352013,0.0004108643644372754,50639326.64672447
1759164300000,2025-09-29T16:45:00.000Z,0.0004108643644372754,0.0004518778212688518,0.00040253341606039046,0.0004473140506320562,8707604.248521924
1759164600000,2025-09-29T16:50:00.000Z,0.0004473140506320562,0.0004504646591750617,0.0004220176990454115,0.0004220176990454115,6939892.915488522
1759164900000,2025-09-29T16:55:00.000Z,0.0004220176990454115,0.00042616268027437264,0.0004129903471565538,0.0004129903471565538,3081905.9062862964
1759165200000,2025-09-29T17:00:00.000Z,0.0004129903471565538,0.0004886315725938235,0.00040933959759237347,0.00046986727669230194,21097090.903432738
1759165500000,2025-09-29T17:05:00.000Z,0.00046986727669230194,0.0005359212507653921,0.00046986727669230194,0.0004937030582028159,23227954.623844303
1759165800000,2025-09-29T17:10:00.000Z,0.0004937030582028159,0.0004982271921576077,0.00041563599302977936,0.0004725869732302612,22495888.766975768
1759166100000,2025-09-29T17:15:00.000Z,0.0004725869732302612,0.0005167317852917729,0.0004717025259172272,0.0005103278417385037,26467478.689737815
1759166400000,2025-09-29T17:20:00.000Z,0.0005103278417385037,0.000513299859243923,0.0004899792379239714,0.0004911437969161468,6108425.272245597
1759166700000,2025-09-29T17:25:00.000Z,0.0004911437969161468,0.0005559659112200761,0.0004911437969161468,0.0005522189715507857,11021479.631622728
1759167000000,2025-09-29T17:30:00.000Z,0.0005522189715507857,0.0005522189715507857,0.0005202594358032639,0.0005235514734991814,5449399.0880592875
1759167300000,2025-09-29T17:35:00.000Z,0.0005235514734991814,0.0005276183786404007,0.0003693344052989742,0.00047515711050378156,71133461.61106494
1759167600000,2025-09-29T17:40:00.000Z,0.00047515711050378156,0.000528370577972813,0.0004748100721451053,0.0004869437181209068,20763344.13745997
1759167900000,2025-09-29T17:45:00.000Z,0.0004869437181209068,0.0004869437181209068,0.0004672361351432966,0.0004672361351432966,1963099.4706471893
1759168200000,2025-09-29T17:50:00.000Z,0.0004672361351432966,0.0004681620500979108,0.0004424937955307609,0.00045024800245435035,5373643.1963046575
1759168500000,2025-09-29T17:55:00.000Z,0.00045024800245435035,0.00046861535438085737,0.00045024800245435035,0.00046861535438085737,6226275.318640713
1759168800000,2025-09-29T18:00:00.000Z,0.00046861535438085737,0.00046861535438085737,0.00044363214212886403,0.00044363214212886403,5891324.718031147
1759169100000,2025-09-29T18:05:00.000Z,0.00044363214212886403,0.0004451405774520441,0.0003767413249612236,0.0003767413249612236,28017083.06707099
1759169400000,2025-09-29T18:10:00.000Z,0.0003767413249612236,0.0004669506805803948,0.00035622508343355845,0.00037368771607696274,41907034.34196795
1759169700000,2025-09-29T18:15:00.000Z,0.00037368771607696274,0.00044607940002229377,0.00037368771607696274,0.00041033804476815424,19550969.479410935
1759170000000,2025-09-29T18:20:00.000Z,0.00041033804476815424,0.00041033804476815424,0.0003562271597150531,0.00036063671438577895,10202306.797699792
1759170300000,2025-09-29T18:25:00.000Z,0.00036063671438577895,0.00040262211399269066,0.0003497997668336994,0.00040262211399269066,17757934.932147108
1759170600000,2025-09-29T18:30:00.000Z,0.00040262211399269066,0.0004244971149174089,0.000374687016966361,0.00042302074630643573,17058867.399972327
1759170900000,2025-09-29T18:35:00.000Z,0.00042302074630643573,0.00043246642253232044,0.0004216255461972211,0.00043246642253232044,2740516.463307088
1759171200000,2025-09-29T18:40:00.000Z,0.00043246642253232044,0.00043246642253232044,0.00036864421385078355,0.0003805388165483153,16877833.402823772
1759171500000,2025-09-29T18:45:00.000Z,0.0003805388165483153,0.00038551977717600185,0.0003805388165483153,0.00038283336335378024,949046.5658091251
1759171800000,2025-09-29T18:50:00.000Z,0.00038283336335378024,0.00040933827828941113,0.00038283336335378024,0.00040803266890871256,5012737.292923398
1759172100000,2025-09-29T18:55:00.000Z,0.00040803266890871256,0.00040804387300934924,0.0003980402027403437,0.0003980402027403437,1668446.9423479985
1759172400000,2025-09-29T19:00:00.000Z,0.0003980402027403437,0.0003980402027403437,0.00039658214576143377,0.00039658214576143377,225161.36255779263
1759172700000,2025-09-29T19:05:00.000Z,0.00039658214576143377,0.00041197998366750203,0.0003953024798669022,0.00041197998366750203,3213290.9415307636
1759173000000,2025-09-29T19:10:00.000Z,0.00041197998366750203,0.00041197998366750203,0.0004064538089105604,0.0004092377195670235,1009734.0321835788
1759173300000,2025-09-29T19:15:00.000Z,0.0004092377195670235,0.00041119920863746007,0.0003948109086007838,0.0004033822857910527,4654398.222554327
1759173600000,2025-09-29T19:20:00.000Z,0.0004033822857910527,0.0004110008496678444,0.0004015077348249602,0.0004110008496678444,1433336.6868736178
1759173900000,2025-09-29T19:25:00.000Z,0.0004110008496678444,0.0004253908311498172,0.00040912819031854275,0.00041727050470554637,3893120.654635723
1759174200000,2025-09-29T19:30:00.000Z,0.00041727050470554637,0.00043463035756897744,0.00040881635330068363,0.00043463035756897744,4843139.767481934
1759174500000,2025-09-29T19:35:00.000Z,0.00043463035756897744,0.0004358185118110927,0.00042344605728733667,0.00043298967287687265,6966811.693653865
1759174800000,2025-09-29T19:40:00.000Z,0.00043298967287687265,0.00043298967287687265,0.00043294091848226354,0.00043294091848226354,220357.11579619977
1759175100000,2025-09-29T19:45:00.000Z,0.00043294091848226354,0.0004614204392638508,0.000429025024585513,0.0004469543698239049,6432604.619298806
1759175400000,2025-09-29T19:50:00.000Z,0.0004469543698239049,0.0005235084941453528,0.0004469543698239049,0.0005124558120160078,28400185.4091547
1759175700000,2025-09-29T19:55:00.000Z,0.0005124558120160078,0.0005341267703694151,0.0004852517423641166,0.0004999309787572605,13115237.33221923
1759176000000,2025-09-29T20:00:00.000Z,0.0004999309787572605,0.0005063752794658374,0.0004923336114640685,0.0004997138226132474,3873311.677107003
1759176300000,2025-09-29T20:05:00.000Z,0.0004997138226132474,0.0005019594820876301,0.0004716005972803396,0.0004716005972803396,8386610.504347843
1759176600000,2025-09-29T20:10:00.000Z,0.0004716005972803396,0.00047862586309918624,0.0004503039143473861,0.00047862586309918624,8089050.753165658
1759176900000,2025-09-29T20:15:00.000Z,0.00047862586309918624,0.000490856503317414,0.00047862586309918624,0.0004877512219987457,1960166.0059770306
1759177200000,2025-09-29T20:20:00.000Z,0.0004877512219987457,0.0005089917473176191,0.0004877512219987457,0.0005011115537961718,3329772.4809761746
1759177500000,2025-09-29T20:25:00.000Z,0.0005011115537961718,0.0005028665445292025,0.0004958693653936978,0.0004958693653936978,830320.9805247535
1759177800000,2025-09-29T20:30:00.000Z,0.0004958693653936978,0.0005006609999628589,0.0004958693653936978,0.0005006609999628589,219306.1579966105
1759178100000,2025-09-29T20:35:00.000Z,0.0005006609999628589,0.0005006609999628589,0.0004924190050898259,0.0004924190050898259,827758.2321057407
1759178400000,2025-09-29T20:40:00.000Z,0.0004924190050898259,0.0004930075025335269,0.00045214415665847956,0.00045214415665847956,6167446.750056696
1759178700000,2025-09-29T20:45:00.000Z,0.00045214415665847956,0.00045214415665847956,0.00044075979429984317,0.00044075979429984317,2212436.3152528796
1759179000000,2025-09-29T20:50:00.000Z,0.00044075979429984317,0.00044686968457643386,0.00043873249350512294,0.0004415644197641438,1563189.0907696283
1759179300000,2025-09-29T20:55:00.000Z,0.0004415644197641438,0.00044172608719024627,0.00043935620783051437,0.00043999364034361707,188264.39675916155
1759179600000,2025-09-29T21:00:00.000Z,0.00043999364034361707,0.00045785140075642566,0.00043999364034361707,0.00045785140075642566,3393768.0072835786
1759179900000,2025-09-29T21:05:00.000Z,0.00045785140075642566,0.0004841923497519781,0.00045785140075642566,0.00048183906346322623,5474259.446289781
1759180200000,2025-09-29T21:10:00.000Z,0.00048183906346322623,0.00048183906346322623,0.00046546018285413445,0.000473579609264964,3405872.1154324086
1759180500000,2025-09-29T21:15:00.000Z,0.000473579609264964,0.0004807002016421967,0.000473579609264964,0.0004807002016421967,186485.05039748945
1759180800000,2025-09-29T21:20:00.000Z,0.0004807002016421967,0.0005277709947175583,0.0004807002016421967,0.0005252157340096337,5405341.428071831
1759181100000,2025-09-29T21:25:00.000Z,0.0005252157340096337,0.0005252157340096337,0.0005050353739580242,0.0005056420828796114,2026880.0515010112
1759181400000,2025-09-29T21:30:00.000Z,0.0005056420828796114,0.0005056420828796114,0.00048216719165314017,0.00048518928709718117,2118417.0444200276
1759181700000,2025-09-29T21:35:00.000Z,0.00048518928709718117,0.00048657213155974005,0.0004851791984828355,0.0004851791984828355,386995.1472798057
1759182000000,2025-09-29T21:40:00.000Z,0.0004851791984828355,0.0004877971550021906,0.0004832330173754907,0.0004832330173754907,548007.8463118213
1759182300000,2025-09-29T21:45:00.000Z,0.0004832330173754907,0.00048736110199078036,0.0004744975013321378,0.00048736110199078036,3950365.904795753
1759182600000,2025-09-29T21:50:00.000Z,0.00048736110199078036,0.00048736110199078036,0.0004843823970200273,0.000484849498445756,446013.49477559095
1759182900000,2025-09-29T21:55:00.000Z,0.000484849498445756,0.00048571541114204744,0.00048377661019665183,0.00048377661019665183,390160.72218584095
1759183200000,2025-09-29T22:00:00.000Z,0.00048377661019665183,0.00048659253934737714,0.00047285922016326604,0.00048154923989422797,1435845.9888808453
1759183500000,2025-09-29T22:05:00.000Z,0.00048154923989422797,0.00048154923989422797,0.000478105068004848,0.0004809351409306506,951508.6639830831
1759183800000,2025-09-29T22:10:00.000Z,0.0004809351409306506,0.0004994675917719957,0.0004809351409306506,0.0004988114553381632,2339998.56581017
1759184100000,2025-09-29T22:15:00.000Z,0.0004988114553381632,0.0004988114553381632,0.0004987287220612136,0.0004987287220612136,69573.32154350556
1759184400000,2025-09-29T22:20:00.000Z,0.0004987287220612136,0.0005152107951530884,0.0004980920390814308,0.0005152107951530884,1683487.548440217
1759184700000,2025-09-29T22:25:00.000Z,0.0005152107951530884,0.0005152107951530884,0.00048056265202348867,0.00048056265202348867,3261364.8111013984
1759185000000,2025-09-29T22:30:00.000Z,0.00048056265202348867,0.00048056265202348867,0.00045156842614437647,0.00045156842614437647,3082019.1155049936
1759185300000,2025-09-29T22:35:00.000Z,0.00045156842614437647,0.00045156842614437647,0.0004472156187228488,0.0004472156187228488,439185.84227292344
1759185600000,2025-09-29T22:40:00.000Z,0.0004472156187228488,0.0004768210978144878,0.0004472156187228488,0.0004768210978144878,3174151.8349112356
1759185900000,2025-09-29T22:45:00.000Z,0.0004768210978144878,0.0004768210978144878,0.00047479453439388316,0.00047479453439388316,33063.359054816035
1759186200000,2025-09-29T22:50:00.000Z,0.00047479453439388316,0.00047479453439388316,0.0004667470977082464,0.0004667470977082464,1149712.6457036403
1759186500000,2025-09-29T22:55:00.000Z,0.0004667470977082464,0.0004667470977082464,0.0004425296845295285,0.0004425296845295285,5071156.263538639
1759186800000,2025-09-29T23:00:00.000Z,0.0004425296845295285,0.00045718718868253673,0.0004425296845295285,0.00045718718868253673,2507046.924123452
1759187100000,2025-09-29T23:05:00.000Z,0.00045718718868253673,0.00045718718868253673,0.00045230032131715267,0.00045230032131715267,286218.2556204965
1759187400000,2025-09-29T23:10:00.000Z,0.00045230032131715267,0.00045230032131715267,0.0004233857470546776,0.00043026224743759195,5383762.865519429
1759187700000,2025-09-29T23:15:00.000Z,0.00043026224743759195,0.00043026224743759195,0.00040700137686606937,0.00041307903410551296,4287779.195615418
1759188000000,2025-09-29T23:20:00.000Z,0.00041307903410551296,0.00044317515632037415,0.00039495791485756116,0.00044047991593835773,15464769.833777184
1759188300000,2025-09-29T23:25:00.000Z,0.00044047991593835773,0.00044047991593835773,0.00041405409024032,0.00041405409024032,3300595.6083689053
1759188600000,2025-09-29T23:30:00.000Z,0.00041405409024032,0.00042953448795069035,0.00040880508212723236,0.00042953448795069035,2055233.080225255
1759188900000,2025-09-29T23:35:00.000Z,0.00042953448795069035,0.00048737208708228997,0.00042953448795069035,0.00048303190679806977,10227573.049764793
1759189200000,2025-09-29T23:40:00.000Z,0.00048303190679806977,0.0004914164852240318,0.0004470052217786568,0.00045399310877172646,14677248.347994806
1759189500000,2025-09-29T23:45:00.000Z,0.00045399310877172646,0.00045473687013453367,0.0004345503693998989,0.00043942956419647504,9662094.90588252
1759189800000,2025-09-29T23:50:00.000Z,0.00043942956419647504,0.00044611714041140895,0.00043942956419647504,0.0004449382888249086,3193043.7331191725
1759190100000,2025-09-29T23:55:00.000Z,0.0004449382888249086,0.000453768418206604,0.0004449382888249086,0.0004508762124687701,1474213.1564179766
1759190400000,2025-09-30T00:00:00.000Z,0.0004508762124687701,0.000478102426801326,0.0004508762124687701,0.00047534968397119345,6483384.016989456
1759190700000,2025-09-30T00:05:00.000Z,0.00047534968397119345,0.0004838183078204517,0.0004692211742111676,0.0004692211742111676,3480223.113028448
1759191000000,2025-09-30T00:10:00.000Z,0.0004692211742111676,0.0004692211742111676,0.000434526727763646,0.000434526727763646,5651135.303290296
1759191300000,2025-09-30T00:15:00.000Z,0.000434526727763646,0.00043587954770532957,0.00041870224588834237,0.00042548173844511014,3656071.3683773153
1759191600000,2025-09-30T00:20:00.000Z,0.00042548173844511014,0.0004284344882094498,0.0003969673263900652,0.00040218179780020724,8865217.750656396
1759191900000,2025-09-30T00:25:00.000Z,0.00040218179780020724,0.00043072926342111557,0.000396044598180504,0.00042234449170597727,6623438.591870788
1759192200000,2025-09-30T00:30:00.000Z,0.00042234449170597727,0.0004384445938875992,0.00042234449170597727,0.0004384445938875992,2714896.513429043
1759192500000,2025-09-30T00:35:00.000Z,0.0004384445938875992,0.00044494440629994883,0.0004384445938875992,0.00043922196834888426,1312980.5668053015
1759192800000,2025-09-30T00:40:00.000Z,0.00043922196834888426,0.00044249257913977575,0.0004352061353012482,0.0004405333584157936,2086312.9491080511
1759193100000,2025-09-30T00:45:00.000Z,0.0004405333584157936,0.0004445135725120693,0.0004380688925776921,0.0004380688925776921,750686.0191917447
1759193400000,2025-09-30T00:50:00.000Z,0.0004380688925776921,0.0004380688925776921,0.0004267638278824114,0.0004267638278824114,2046817.4421131262
1759193700000,2025-09-30T00:55:00.000Z,0.0004267638278824114,0.0004267638278824114,0.000412743790467092,0.00041898750142196347,1840567.85203107
1759194000000,2025-09-30T01:00:00.000Z,0.00041898750142196347,0.0004433805695465886,0.0004079842129885915,0.0004433805695465886,5917748.738277262
1759194300000,2025-09-30T01:05:00.000Z,0.0004433805695465886,0.0004653398660455084,0.00044190975208596115,0.0004648752545957112,4246970.119892681
1759194600000,2025-09-30T01:10:00.000Z,0.0004648752545957112,0.00046550098515054104,0.0004574371157571741,0.0004615967493417934,944201.7568295071
1759194900000,2025-09-30T01:15:00.000Z,0.0004615967493417934,0.00047181440650617234,0.0004574641498906007,0.00047181440650617234,1948773.5066301727
1759195200000,2025-09-30T01:20:00.000Z,0.00047181440650617234,0.0005019959666690419,0.00047181440650617234,0.0005019959666690419,7206650.865490013
1759195500000,2025-09-30T01:25:00.000Z,0.0005019959666690419,0.0005413407476422675,0.0005019959666690419,0.0005317815082217368,9462569.176320361
1759195800000,2025-09-30T01:30:00.000Z,0.0005317815082217368,0.0005317815082217368,0.0005127206030559862,0.0005127206030559862,2809198.816586529
1759196100000,2025-09-30T01:35:00.000Z,0.0005127206030559862,0.0005477162651610966,0.0005082909173338876,0.0005477162651610966,4369017.884537605
1759196400000,2025-09-30T01:40:00.000Z,0.0005477162651610966,0.0005612390923217482,0.0005323974126939474,0.0005363287172233335,5723143.069008005
1759196700000,2025-09-30T01:45:00.000Z,0.0005363287172233335,0.000567177595328397,0.0005353029316322507,0.0005666606762331844,3457816.1293387483
1759197000000,2025-09-30T01:50:00.000Z,0.0005666606762331844,0.000579898832046238,0.000516269910643206,0.0005360375959823635,7121671.7666018065
1759197300000,2025-09-30T01:55:00.000Z,0.0005360375959823635,0.0005414107061558907,0.000518800248164362,0.000518800248164362,2853209.970389731
1759197600000,2025-09-30T02:00:00.000Z,0.000518800248164362,0.000536224298121128,0.000518800248164362,0.0005248109165374753,4897111.298112303
1759197900000,2025-09-30T02:05:00.000Z,0.0005248109165374753,0.0005265424414252285,0.0005194498152071061,0.0005265424414252285,1228383.28310804
1759198200000,2025-09-30T02:10:00.000Z,0.0005265424414252285,0.0005407435784335192,0.0005265424414252285,0.0005407435784335192,1030748.3019601937
1759198500000,2025-09-30T02:15:00.000Z,0.0005407435784335192,0.0005407435784335192,0.0005255957991293926,0.0005266471318248784,2064646.6131477645
1759198800000,2025-09-30T02:20:00.000Z,0.0005266471318248784,0.0005266471318248784,0.0004914820006973723,0.0005187127739326379,5431958.348699186
1759199100000,2025-09-30T02:25:00.000Z,0.0005187127739326379,0.0005785112115616025,0.0005164064120146796,0.0005499316543718246,14930176.994668256
1759199400000,2025-09-30T02:30:00.000Z,0.0005499316543718246,0.0005517724426305275,0.0005375969560652779,0.0005420887233542781,2441394.258592361
1759199700000,2025-09-30T02:35:00.000Z,0.0005420887233542781,0.0005430218496167227,0.0005306597994267219,0.0005364415270320442,2436577.296931823
1759200000000,2025-09-30T02:40:00.000Z,0.0005364415270320442,0.0005364415270320442,0.0005315584152741056,0.0005353200610192959,546893.2106473363
1759200300000,2025-09-30T02:45:00.000Z,0.0005353200610192959,0.0005719742302173845,0.000535077370775127,0.0005369655982655369,8904784.559020575
1759200600000,2025-09-30T02:50:00.000Z,0.0005369655982655369,0.0005374458362612673,0.0005136126171427273,0.0005374458362612673,4833500.287762193
1759200900000,2025-09-30T02:55:00.000Z,0.0005374458362612673,0.0005469523784778455,0.0005374458362612673,0.0005433251697018144,1142213.985699779
1759201200000,2025-09-30T03:00:00.000Z,0.0005433251697018144,0.0005433251697018144,0.0005340988914280966,0.0005340988914280966,806638.5888272673
1759201500000,2025-09-30T03:05:00.000Z,0.0005340988914280966,0.0005340988914280966,0.000475554972744172,0.0005007158704730344,10816608.35918
1759201800000,2025-09-30T03:10:00.000Z,0.0005007158704730344,0.0005095680234804907,0.0005007158704730344,0.0005052085903708478,663828.1609411215
1759202100000,2025-09-30T03:15:00.000Z,0.0005052085903708478,0.0005068541953307562,0.00044303459831882295,0.0004481479859407684,11970658.428957624
1759202400000,2025-09-30T03:20:00.000Z,0.0004481479859407684,0.0004661391529559204,0.0004481479859407684,0.0004581854739176467,5125043.643318076
1759202700000,2025-09-30T03:25:00.000Z,0.0004581854739176467,0.0004619477810812851,0.00042984426688938627,0.00044378975860257956,5693791.082751891
1759203000000,2025-09-30T03:30:00.000Z,0.00044378975860257956,0.00046796114707142137,0.00044378975860257956,0.000465552769432286,4325732.596349916
1759203300000,2025-09-30T03:35:00.000Z,0.000465552769432286,0.000465552769432286,0.0004611672602537479,0.0004639299384836656,1012162.5374146116
1759203600000,2025-09-30T03:40:00.000Z,0.0004639299384836656,0.00047795611096347173,0.0004639299384836656,0.0004756085865773079,2414754.1590289087
1759203900000,2025-09-30T03:45:00.000Z,0.0004756085865773079,0.0004943659631001592,0.00046796024143486826,0.00047043470435792484,5670846.095649944
1759204200000,2025-09-30T03:50:00.000Z,0.00047043470435792484,0.00047536543705814326,0.0004678598352530656,0.00047536543705814326,1129508.6493785337
1759204500000,2025-09-30T03:55:00.000Z,0.00047536543705814326,0.00047844052262655706,0.00047536543705814326,0.00047773969224820784,284124.2131396524
1759204800000,2025-09-30T04:00:00.000Z,0.00047773969224820784,0.00047886131944013485,0.00046892071455956837,0.00046892071455956837,1069329.6260084826
1759205100000,2025-09-30T04:05:00.000Z,0.00046892071455956837,0.00046892071455956837,0.0003793945066326919,0.0004210889707800979,29690635.65473088
1759205400000,2025-09-30T04:10:00.000Z,0.0004210889707800979,0.0004668624776353062,0.0004069832361714445,0.00041455970512658256,16432858.767806383
1759205700000,2025-09-30T04:15:00.000Z,0.00041455970512658256,0.00041972356536370875,0.00039482449754901935,0.0004034007199332673,13250162.051732609
1759206000000,2025-09-30T04:20:00.000Z,0.0004034007199332673,0.00042363233568993214,0.0004034007199332673,0.0004140691883400219,7335255.253391209
1759206300000,2025-09-30T04:25:00.000Z,0.0004140691883400219,0.0004253259060449253,0.0003674346295476662,0.00039073805440642735,26229611.650066346
1759206600000,2025-09-30T04:30:00.000Z,0.00039073805440642735,0.00039600662883698147,0.0003829153953777576,0.0003940318238740096,7184857.826795969
1759206900000,2025-09-30T04:35:00.000Z,0.0003940318238740096,0.00039699315760501324,0.0003815815662391293,0.00038865941663560966,4597001.048430309
1759207200000,2025-09-30T04:40:00.000Z,0.00038865941663560966,0.0003958012963583691,0.00038663356617515987,0.0003881147305813634,2374983.0663765157
1759207500000,2025-09-30T04:45:00.000Z,0.0003881147305813634,0.0004060037704948418,0.0003817449451430002,0.0003982818858635476,5646553.139076685
1759207800000,2025-09-30T04:50:00.000Z,0.0003982818858635476,0.0004124622715445748,0.00039320474298578506,0.00039320474298578506,7884650.427822608
1759208100000,2025-09-30T04:55:00.000Z,0.00039320474298578506,0.00041177109292019374,0.00039320474298578506,0.0003978731845426166,9528868.337715752
1759208400000,2025-09-30T05:00:00.000Z,0.0003978731845426166,0.00041726083359764737,0.00039631446869760947,0.0004019095715217194,5728914.794976343
1759208700000,2025-09-30T05:05:00.000Z,0.0004019095715217194,0.00042622854715991163,0.0004019095715217194,0.00042622854715991163,6058302.330283741
1759209000000,2025-09-30T05:10:00.000Z,0.00042622854715991163,0.0004419733018353871,0.00042622854715991163,0.00043679048711309205,3651425.838339191
1759209300000,2025-09-30T05:15:00.000Z,0.00043679048711309205,0.0004703807607807342,0.00043085369290504695,0.0004486736370926127,14943907.50927226
1759209600000,2025-09-30T05:20:00.000Z,0.0004486736370926127,0.0005364441226616692,0.0004379861883979145,0.0004921697768717557,35966186.474575885
1759209900000,2025-09-30T05:25:00.000Z,0.0004921697768717557,0.0004921697768717557,0.000464051730623711,0.0004685547609538057,3504058.773379364
1759210200000,2025-09-30T05:30:00.000Z,0.0004685547609538057,0.0004685547609538057,0.0004550069650172514,0.0004550069650172514,2241022.147223897
1759210500000,2025-09-30T05:35:00.000Z,0.0004550069650172514,0.00045951472086826396,0.0004544074945555167,0.00045776760288241964,3063441.8237733003
1759210800000,2025-09-30T05:40:00.000Z,0.00045776760288241964,0.00046083548332542893,0.0004358868329366417,0.00043866602140283035,4457658.261412959
1759211100000,2025-09-30T05:45:00.000Z,0.00043866602140283035,0.00044489396158388063,0.00043866602140283035,0.00044489396158388063,563352.7374537064
1759211400000,2025-09-30T05:50:00.000Z,0.00044489396158388063,0.0004481278353512493,0.00044489396158388063,0.0004481278353512493,275709.40785029525
1759211700000,2025-09-30T05:55:00.000Z,0.0004481278353512493,0.0004945665546643722,0.0004481278353512493,0.0004932183192812734,6196319.854279731
1759212000000,2025-09-30T06:00:00.000Z,0.0004932183192812734,0.0004932183192812734,0.0004691706115739518,0.0004709332538579747,3906513.387077353
1759212300000,2025-09-30T06:05:00.000Z,0.0004709332538579747,0.00047682661004791227,0.00042019522399141184,0.00043650301076822066,15554331.08377317
1759212600000,2025-09-30T06:10:00.000Z,0.00043650301076822066,0.00043773586130919006,0.0003765113477961207,0.00043773586130919006,22959785.05666021
1759212900000,2025-09-30T06:15:00.000Z,0.00043773586130919006,0.0004474873636658082,0.000431446804751283,0.000431446804751283,8538770.104251467
1759213200000,2025-09-30T06:20:00.000Z,0.000431446804751283,0.00047588427590076695,0.000431446804751283,0.00046728574905843383,11557377.579454383
1759213500000,2025-09-30T06:25:00.000Z,0.00046728574905843383,0.000468297699592088,0.0004456560112700127,0.000454805674489903,5428414.497852444
1759213800000,2025-09-30T06:30:00.000Z,0.000454805674489903,0.0004560428480711564,0.0004502767256341035,0.0004543331093192415,1435316.1786518453
1759214100000,2025-09-30T06:35:00.000Z,0.0004543331093192415,0.0004543331093192415,0.00042133708297577857,0.00043388737178556825,9024346.481580658
