{
  "main": {
    "id": "befc760479a24607",
    "type": "split",
    "children": [
      {
        "id": "545c8bd76f524f4d",
        "type": "tabs",
        "children": [
          {
            "id": "84ac041c3697c800",
            "type": "leaf",
            "state": {
              "type": "markdown",
              "state": {
                "file": "Handlers/ohlcv/coverage-dashboard.md",
                "mode": "source",
                "source": false
              },
              "icon": "lucide-file",
              "title": "coverage-dashboard"
            }
          }
        ]
      }
    ],
    "direction": "vertical"
  },
  "left": {
    "id": "e33bd560f3597dc8",
    "type": "split",
    "children": [
      {
        "id": "92b0a899c24674b6",
        "type": "tabs",
        "children": [
          {
            "id": "ed9b30ae6a60dfe3",
            "type": "leaf",
            "state": {
              "type": "file-explorer",
              "state": {
                "sortOrder": "alphabetical",
                "autoReveal": false
              },
              "icon": "lucide-folder-closed",
              "title": "Files"
            }
          },
          {
            "id": "f8efc1ddd673ac84",
            "type": "leaf",
            "state": {
              "type": "search",
              "state": {
                "query": "",
                "matchingCase": false,
                "explainSearch": false,
                "collapseAll": false,
                "extraContext": false,
                "sortOrder": "alphabetical"
              },
              "icon": "lucide-search",
              "title": "Search"
            }
          },
          {
            "id": "1ddc5687eeb45dd2",
            "type": "leaf",
            "state": {
              "type": "bookmarks",
              "state": {},
              "icon": "lucide-bookmark",
              "title": "Bookmarks"
            }
          }
        ]
      }
    ],
    "direction": "horizontal",
    "width": 300
  },
  "right": {
    "id": "f317a6f28e7b1c52",
    "type": "split",
    "children": [
      {
        "id": "9397a6a0e207b765",
        "type": "tabs",
        "children": [
          {
            "id": "51c55ef067a84e63",
            "type": "leaf",
            "state": {
              "type": "backlink",
              "state": {
                "file": "Handlers/ohlcv/coverage-dashboard.md",
                "collapseAll": false,
                "extraContext": false,
                "sortOrder": "alphabetical",
                "showSearch": false,
                "searchQuery": "",
                "backlinkCollapsed": false,
                "unlinkedCollapsed": true
              },
              "icon": "links-coming-in",
              "title": "Backlinks for coverage-dashboard"
            }
          },
          {
            "id": "db9939e32e9c06d7",
            "type": "leaf",
            "state": {
              "type": "outgoing-link",
              "state": {
                "file": "Handlers/ohlcv/coverage-dashboard.md",
                "linksCollapsed": false,
                "unlinkedCollapsed": true
              },
              "icon": "links-going-out",
              "title": "Outgoing links from coverage-dashboard"
            }
          },
          {
            "id": "b1e1c8b518021af1",
            "type": "leaf",
            "state": {
              "type": "tag",
              "state": {
                "sortOrder": "frequency",
                "useHierarchy": true,
                "showSearch": false,
                "searchQuery": ""
              },
              "icon": "lucide-tags",
              "title": "Tags"
            }
          },
          {
            "id": "9fe623e76274ae02",
            "type": "leaf",
            "state": {
              "type": "all-properties",
              "state": {
                "sortOrder": "frequency",
                "showSearch": false,
                "searchQuery": ""
              },
              "icon": "lucide-archive",
              "title": "All properties"
            }
          },
          {
            "id": "4621530bde21a6db",
            "type": "leaf",
            "state": {
              "type": "outline",
              "state": {
                "file": "Handlers/ohlcv/coverage-dashboard.md",
                "followCursor": false,
                "showSearch": false,
                "searchQuery": ""
              },
              "icon": "lucide-list",
              "title": "Outline of coverage-dashboard"
            }
          }
        ]
      }
    ],
    "direction": "horizontal",
    "width": 300,
    "collapsed": true
  },
  "left-ribbon": {
    "hiddenItems": {
      "switcher:Open quick switcher": false,
      "graph:Open graph view": false,
      "canvas:Create new canvas": false,
      "daily-notes:Open today's daily note": false,
      "templates:Insert template": false,
      "command-palette:Open command palette": false,
      "bases:Create new base": false
    }
  },
  "active": "84ac041c3697c800",
  "lastOpenFiles": [
    "Handlers/ohlcv/analyze-detailed-coverage.md",
    "Handlers/ohlcv/alert-coverage-map.md",
    "Handlers/backtest/v1-baseline-optimizer.md",
    "Main Commands/Backtesting Workflows.md",
    "Handlers/backtest/baseline.md",
    "Handlers/artifacts/tag-artifact.md",
    "Handlers/artifacts/list-artifacts.md",
    "Handlers/artifacts/get-artifact.md"
  ]
}