tokenAddress,alertTime,entryTime,exitTime,pnl,pnlPercent,holdDuration,entryPrice,exitPrice,strategy
3pqL1GCZeSszT22SxnViRL3EjDojXKGygWbLnkquRkCm,2025-07-19T06:04:46.000+10:00,2025-07-19T06:04:46.000+10:00,2025-07-19T06:10:00.000+10:00,0.7920150000000001,-20.798499999999986,5,0.000754612622574105,0.0005976645162680299,Basic_6h_20pctSL_NoClamp
12XvRbmvA3AY8La3brnQGcMR5HBp7Cn3Fxc5kKiQ86FY,2025-07-20T05:55:25.000+10:00,2025-07-20T05:55:25.000+10:00,2025-07-20T11:15:00.000+10:00,0.7920150000000001,-20.798499999999986,319,0.0007061778499012307,0.0005593034497895233,Basic_6h_20pctSL_NoClamp
BDWvvvKUS9c3C4Rz1w9tk5uD519CzD2f6n7zBk2Bbonk,2025-07-20T06:56:22.000+10:00,2025-07-20T06:56:22.000+10:00,2025-07-20T08:00:00.000+10:00,0.7920150000000002,-20.798499999999976,63,0.0016546500261394642,0.0013105076404528481,Basic_6h_20pctSL_NoClamp
4ZJf38dnj9ENz62uCG4E15RbmHi6ZQdQkXp9gEw9bonk,2025-07-21T02:46:45.000+10:00,2025-07-21T02:46:45.000+10:00,2025-07-21T02:55:00.000+10:00,0.792015,-20.798499999999997,8,0.00004848533434135712,0.00003840111207836996,Basic_6h_20pctSL_NoClamp
5bXVGNnGhCFAK9KPh1S9whFkhVxZy1mREWFbqB499xUP,2025-07-21T18:04:35.000+10:00,2025-07-21T18:04:35.000+10:00,2025-07-21T23:00:00.000+10:00,0.7920150000000001,-20.798499999999986,295,0.0006536443158215311,0.00051769610279539,Basic_6h_20pctSL_NoClamp
9YSxnbqfDbZBYnH9RadDs3w7UEgN3mSqj8DT5E8gbonk,2025-07-22T00:56:49.000+10:00,2025-07-22T00:56:49.000+10:00,2025-07-22T01:05:00.000+10:00,0.7920150000000001,-20.798499999999986,8,0.00008634575531621833,0.00006838713339677467,Basic_6h_20pctSL_NoClamp
mvKXAM1ZMSTRS3t4xUEjvxv2k4j8UMpbquUa3qebonk,2025-07-22T01:40:31.000+10:00,2025-07-22T01:40:31.000+10:00,2025-07-22T07:40:31.000+10:00,0.8642255081728918,-13.577449182710822,360,0.00013123891900939814,0.0001134200214729581,Basic_6h_20pctSL_NoClamp
Bzx6NPUUSukdSy9jCwsTJFeHwpuZtuh4ffgasb69bonk,2025-07-22T02:34:20.000+10:00,2025-07-22T02:34:20.000+10:00,2025-07-22T03:15:00.000+10:00,0.7920150000000001,-20.798499999999986,40,0.00012307888028897343,0.0000974803193720713,Basic_6h_20pctSL_NoClamp
4daoTLufDmV3ods48Zh8rymaZKBLtgEvuH9qALYLbonk,2025-07-22T04:29:00.000+10:00,2025-07-22T04:29:00.000+10:00,2025-07-22T04:35:00.000+10:00,0.7920150000000001,-20.798499999999986,6,0.007818380808319121,0.00619227487590087,Basic_6h_20pctSL_NoClamp
7TJBcvSYxi35Q3LbEiQsFE5PkVZdBYnua8jKnR4Cbonk,2025-07-22T18:19:12.000+10:00,2025-07-22T18:19:12.000+10:00,2025-07-22T18:20:00.000+10:00,0.792015,-20.798499999999997,0,0.0001555476957017712,0.00012319610821123831,Basic_6h_20pctSL_NoClamp
vLieQF5eDqUuuk8RzRaqgAHkXr7bSEBZaWk9Zfibonk,2025-07-24T10:41:22.000+10:00,2025-07-24T10:41:22.000+10:00,2025-07-24T10:45:00.000+10:00,0.7920150000000001,-20.798499999999986,3,0.003129300136916054,0.0024784526479395687,Basic_6h_20pctSL_NoClamp
3FAHQ9SwsoXQP5NXbNtJXKvGVZPN1F288yYdPq1Ubonk,2025-07-24T21:26:24.000+10:00,2025-07-24T21:26:24.000+10:00,2025-07-24T21:30:00.000+10:00,0.7920150000000002,-20.798499999999976,3,0.00001822885544032127,0.000014437526941566054,Basic_6h_20pctSL_NoClamp
3neBuVfPsd38xXrEybBkLCCLzFMjaj1ERSmoGWqPbonk,2025-07-25T03:49:16.000+10:00,2025-07-25T03:49:16.000+10:00,2025-07-25T03:50:00.000+10:00,0.792015,-20.798499999999997,0,0.0003061517189977987,0.00024247675372204155,Basic_6h_20pctSL_NoClamp
6hNY5ucPXHwECo5UmVvLgBQEZrqNUbTNi7jMfm8dbonk,2025-07-26T02:04:22.000+10:00,2025-07-26T02:04:22.000+10:00,2025-07-26T02:10:00.000+10:00,0.7920150000000001,-20.798499999999986,5,0.00007940239535679282,0.00006288788815851027,Basic_6h_20pctSL_NoClamp
F3fCeo9wYRENiFSRpL8uvi2m1XWsdrKpwD3dBgQpbonk,2025-07-27T10:55:10.000+10:00,2025-07-27T10:55:10.000+10:00,2025-07-27T12:00:00.000+10:00,0.7920150000000001,-20.798499999999986,64,0.0003670765527573502,0.00029073013593211274,Basic_6h_20pctSL_NoClamp
BFgdzMkTPdKKJeTipv2njtDEwhKxkgFueJQfJGt1jups,2025-07-27T22:43:28.000+10:00,2025-07-27T22:43:28.000+10:00,2025-07-28T04:43:28.000+10:00,0.836980825779528,-16.301917422047197,360,0.5867502759550899,0.4910987304952571,Basic_6h_20pctSL_NoClamp
8AKBy6SkaerTMWZAad47yQxZnvrEk59DvhcHLHUsbonk,2025-07-28T02:13:28.000+10:00,2025-07-28T02:13:28.000+10:00,2025-07-28T02:30:00.000+10:00,0.792015,-20.798499999999997,16,0.0019226789783649365,0.0015227905910497053,Basic_6h_20pctSL_NoClamp
6XedAXEew6u2Bypk2TZcX8QysT9eZBe5zXd22bSCbonk,2025-07-29T05:11:54.000+10:00,2025-07-29T05:11:54.000+10:00,2025-07-29T11:11:54.000+10:00,1.2976010363883215,29.76010363883215,360,0.0041379935447756235,0.005369464712269033,Basic_6h_20pctSL_NoClamp
G95DeH1mNbG48MWsfRx1WXngtUhHvjWE97P4piXZbonk,2025-07-29T05:12:07.000+10:00,2025-07-29T05:12:07.000+10:00,2025-07-29T06:05:00.000+10:00,0.7920150000000001,-20.798499999999986,52,0.00031485379808352535,0.00024936893088912336,Basic_6h_20pctSL_NoClamp
JD6xTq3Rn63VxvtJ2xza76SEXTj1CzwUSuAaKAWvmLYr,2025-07-30T00:25:35.000+10:00,2025-07-30T00:25:35.000+10:00,2025-07-30T01:55:00.000+10:00,0.7920150000000001,-20.798499999999986,89,0.00023895468725872713,0.0001892556966292208,Basic_6h_20pctSL_NoClamp
HWMYPcKxRoSHyBGEA5SZfFpDkKWBeiXwx2PYoxTTbonk,2025-07-30T22:53:52.000+10:00,2025-07-30T22:53:52.000+10:00,2025-07-30T23:45:00.000+10:00,0.792015,-20.798499999999997,51,0.00015568573243967905,0.00012330543537821242,Basic_6h_20pctSL_NoClamp
AuRK3tsrbjTNasc7EJ4HSLAJUZqFYLH3Q8A4BsHnbonk,2025-07-30T23:38:32.000+10:00,2025-07-30T23:38:32.000+10:00,2025-07-31T00:45:00.000+10:00,0.7920150000000001,-20.798499999999986,66,0.00011280328596983924,0.00008934189453740224,Basic_6h_20pctSL_NoClamp
6T7xYGQxtSRjKFpJHvX1ondUnULLLyx8iKsGmM7Xbonk,2025-07-30T23:43:58.000+10:00,2025-07-30T23:43:58.000+10:00,2025-07-30T23:45:00.000+10:00,0.7920150000000001,-20.798499999999986,1,0.001338485322009103,0.0010601004523110398,Basic_6h_20pctSL_NoClamp
9UqvpBQHXTtHdfGuXJBuHNfzDoP43Sid3tpHPABFbonk,2025-07-31T04:16:53.000+10:00,2025-07-31T04:16:53.000+10:00,2025-07-31T04:25:00.000+10:00,0.7920150000000001,-20.798499999999986,8,0.000050422728123534515,0.000039935557014761196,Basic_6h_20pctSL_NoClamp
5umdEnYVe9c7YsGWzBAW1xbBGYDF6BwW8qruFmmPbonk,2025-08-01T14:18:04.000+10:00,2025-08-01T14:18:04.000+10:00,2025-08-01T15:25:00.000+10:00,0.7920150000000001,-20.798499999999986,66,0.00009049910351892304,0.00007167664747353984,Basic_6h_20pctSL_NoClamp
CvbYok7aFZJXjBKrWeXsC42ejki5iWm9tSUdSGspbonk,2025-08-01T20:53:27.000+10:00,2025-08-01T20:53:27.000+10:00,2025-08-01T21:00:00.000+10:00,0.7920150000000002,-20.798499999999976,6,0.00005773810776293235,0.000045729447419858875,Basic_6h_20pctSL_NoClamp
GDB8bt9XYjGeuvt1qFmk84K4TqmhSppc3a9HqdHWbonk,2025-08-01T23:56:16.000+10:00,2025-08-01T23:56:16.000+10:00,2025-08-02T00:00:00.000+10:00,0.7920150000000001,-20.798499999999986,3,0.00017269969822855463,0.0001367807514924887,Basic_6h_20pctSL_NoClamp
ATEe3MqHCzy4dKMm9DgCvd2cYBKxMTCPPb1ZnLnmbonk,2025-08-02T07:29:50.000+10:00,2025-08-02T07:29:50.000+10:00,2025-08-02T07:35:00.000+10:00,0.7920150000000001,-20.798499999999986,5,0.0003171033276979886,0.0002511505920867225,Basic_6h_20pctSL_NoClamp
9mAnyxAq8JQieHT7Lc47PVQbTK7ZVaaog8LwAbFzBAGS,2025-08-03T00:23:35.000+10:00,2025-08-03T00:23:35.000+10:00,2025-08-03T00:40:00.000+10:00,0.7920150000000001,-20.798499999999986,16,0.00286141154467057,0.0022662808645522617,Basic_6h_20pctSL_NoClamp
GGPApiztn5oKBgy869ZncbsUDeZtNxneyHrusqkKbonk,2025-08-03T02:29:55.000+10:00,2025-08-03T02:29:55.000+10:00,2025-08-03T03:50:00.000+10:00,0.792015,-20.798499999999997,80,0.0004999566878044951,0.0003959731960914772,Basic_6h_20pctSL_NoClamp
5ZV64yZ8FsBAa9vwYGztCB3VvNhXKifrsJqufbYNbonk,2025-08-03T10:56:12.000+10:00,2025-08-03T10:56:12.000+10:00,2025-08-03T11:00:00.000+10:00,0.7920150000000001,-20.798499999999986,3,0.0001212245964294369,0.00009601169874106048,Basic_6h_20pctSL_NoClamp
6J5cjSYzohhiq5v8yTnchEcsG8W7DsM8SZaQ2G63bonk,2025-08-03T21:21:52.000+10:00,2025-08-03T21:21:52.000+10:00,2025-08-03T21:30:00.000+10:00,0.792015,-20.798499999999997,8,0.000257310169498864,0.0002037935138956428,Basic_6h_20pctSL_NoClamp
8cNRL9gfQgg4N4wpVZy3o11ahUmUYHAd5KJPvXKmbonk,2025-08-03T23:01:21.000+10:00,2025-08-03T23:01:21.000+10:00,2025-08-03T23:05:00.000+10:00,0.7920150000000001,-20.798499999999986,3,0.0006169352116853559,0.0004886219416829772,Basic_6h_20pctSL_NoClamp
4Vqd6qh5m2t1QjLSuzXzMtYvbnRkjXbvttuHRZ7mbonk,2025-08-04T06:52:41.000+10:00,2025-08-04T06:52:41.000+10:00,2025-08-04T06:55:00.000+10:00,0.7920150000000001,-20.798499999999986,2,0.00007507576127312132,0.00005946112906473119,Basic_6h_20pctSL_NoClamp
3cVapUxMFr7xjpBL3ih8uHTfcCj4xsAXuBDCGtN4bonk,2025-08-04T11:26:26.000+10:00,2025-08-04T11:26:26.000+10:00,2025-08-04T11:35:00.000+10:00,0.7920150000000001,-20.798499999999986,8,0.0010712107816501924,0.0008484150072286773,Basic_6h_20pctSL_NoClamp
39f1sAdJU2ZXrC7stzCt1GixP6ukS3KjUNavVwkNbonk,2025-08-04T12:13:50.000+10:00,2025-08-04T12:13:50.000+10:00,2025-08-04T12:20:00.000+10:00,0.7920150000000002,-20.798499999999976,6,0.00009869551235633894,0.00007816832621890581,Basic_6h_20pctSL_NoClamp
6ieMTp3XMjtLUGzzqEwekdgPCgBt9aW8nAE6uhuBBAGS,2025-08-04T20:35:06.000+10:00,2025-08-04T20:35:06.000+10:00,2025-08-04T20:45:00.000+10:00,0.7920150000000001,-20.798499999999986,9,0.0008177405443272753,0.0006476627772153671,Basic_6h_20pctSL_NoClamp
H4d1qh5avAiqnwwDR6FNneXaQBP7eKdq1eZC6yEWbonk,2025-08-05T02:35:37.000+10:00,2025-08-05T02:35:37.000+10:00,2025-08-05T02:50:00.000+10:00,0.7920150000000001,-20.798499999999986,14,0.00009590368570420021,0.00007595715763301214,Basic_6h_20pctSL_NoClamp
9MDPFweULzcNFNx88N7dLc8yy5tc5WPTfXRD4pYcbonk,2025-08-05T08:54:08.000+10:00,2025-08-05T08:54:08.000+10:00,2025-08-05T08:55:00.000+10:00,0.792015,-20.798499999999997,0,0.0001330442077383456,0.00010537300819188579,Basic_6h_20pctSL_NoClamp
GbzLdAPEJU3fLtSvkPxo8U6pHFhjpACiPWMSv69Mbonk,2025-08-05T17:45:54.000+10:00,2025-08-05T17:45:54.000+10:00,2025-08-05T18:15:00.000+10:00,0.7920150000000001,-20.798499999999986,29,0.0003481997705981729,0.00027577944131031195,Basic_6h_20pctSL_NoClamp
FkHRbb5EUNEQxCjPySRV2ejWauZYFwC3yXneU83cS6V1,2025-08-06T05:05:28.000+10:00,2025-08-06T05:05:28.000+10:00,2025-08-06T05:10:00.000+10:00,0.7920150000000001,-20.798499999999986,4,0.0001514306137162432,0.00011993531752247038,Basic_6h_20pctSL_NoClamp
9Enb2cGtfYyAjCQedPUYd6Hfq2gkqzKH114KkDRZpump,2025-08-06T18:04:04.000+10:00,2025-08-06T18:04:04.000+10:00,2025-08-06T18:05:00.000+10:00,0.7920150000000002,-20.798499999999976,0,0.000847233290145223,0.000671021474294369,Basic_6h_20pctSL_NoClamp
AXAEjYZYMitWgXw6xy5zfCeQ2UvsViShmMgxL1Bfpump,2025-08-07T16:30:51.000+10:00,2025-08-07T16:30:51.000+10:00,2025-08-07T16:35:00.000+10:00,0.7920150000000001,-20.798499999999986,4,0.00007016026727789641,0.00005556798408810313,Basic_6h_20pctSL_NoClamp
Febtvdd39xZ23FVwC6ANTk1HmGJgSWhiywPmRA3ipump,2025-08-08T00:33:15.000+10:00,2025-08-08T00:33:15.000+10:00,2025-08-08T00:40:00.000+10:00,0.792015,-20.798499999999997,6,0.00008923063416298216,0.00007067200071659432,Basic_6h_20pctSL_NoClamp
812yrzmkLpv85PPxF4TMkVY3orjtjfNVZ6Vuw6Nwpump,2025-08-08T08:53:02.000+10:00,2025-08-08T08:53:02.000+10:00,2025-08-08T08:55:00.000+10:00,0.7920150000000001,-20.798499999999986,1,0.00012462152864056722,0.00009870212000625887,Basic_6h_20pctSL_NoClamp
45peQFd9KD5pb8inMDN4RFGXdsyQEZY3qFDgvrgpBAGS,2025-08-08T10:20:19.000+10:00,2025-08-08T10:20:19.000+10:00,2025-08-08T10:30:00.000+10:00,0.7920150000000001,-20.798499999999986,9,0.0008432828225837215,0.0006678926447286463,Basic_6h_20pctSL_NoClamp
47sfyWY62hjMhzrQ8VshpY8yv3Hsf6pq3Qqf4Bhdpump,2025-08-08T17:33:56.000+10:00,2025-08-08T17:33:56.000+10:00,2025-08-08T17:40:00.000+10:00,0.7920150000000001,-20.798499999999986,6,0.0010437033244035663,0.0008266286884774907,Basic_6h_20pctSL_NoClamp
6NPE165SHwcNcrWYZauv4Rdj4SnjFC2zrgCsGQdZbonk,2025-08-08T18:31:49.000+10:00,2025-08-08T18:31:49.000+10:00,2025-08-08T18:45:00.000+10:00,0.7920150000000001,-20.798499999999986,13,0.000036546574548651296,0.00002894543524115006,Basic_6h_20pctSL_NoClamp
AuH3dMUG5DYK471EtJDPPh9ytX9n68efUZi1cUunWR1r,2025-08-08T22:10:57.000+10:00,2025-08-08T22:10:57.000+10:00,2025-08-08T22:20:00.000+10:00,0.7920150000000001,-20.798499999999986,9,0.00041686340235773514,0.00033016206761836165,Basic_6h_20pctSL_NoClamp
4H2Qjr8rsCj5MpaJXoVyJUC6XkaDupqEAre3r4JqBAGS,2025-08-09T01:29:17.000+10:00,2025-08-09T01:29:17.000+10:00,2025-08-09T01:35:00.000+10:00,0.792015,-20.798499999999997,5,0.00035193574975518545,0.0002787383928423532,Basic_6h_20pctSL_NoClamp
ESBCnCXtEZDmX8QnHU6qMZXd9mvjSAZVoYaLKKADBAGS,2025-08-09T02:59:57.000+10:00,2025-08-09T02:59:57.000+10:00,2025-08-09T06:00:00.000+10:00,0.792015,-20.798499999999997,180,0.01400213578898124,0.011089901576909977,Basic_6h_20pctSL_NoClamp
BdzqtaLRenyWMntL6Mj5KLVuPehYFrK3PxiBsVnNBAGS,2025-08-09T10:18:29.000+10:00,2025-08-09T10:18:29.000+10:00,2025-08-09T10:20:00.000+10:00,0.7920150000000001,-20.798499999999986,1,0.00016713539880818966,0.00013237374288706835,Basic_6h_20pctSL_NoClamp
AhiEuwGafsTbu2oUkk1Tmbprg1wdUvWiUCLVvAwvBAGS,2025-08-10T00:09:20.000+10:00,2025-08-10T00:09:20.000+10:00,2025-08-10T00:10:00.000+10:00,0.7920150000000001,-20.798499999999986,0,0.0009289975303785275,0.0007357799790227496,Basic_6h_20pctSL_NoClamp
FwvJmYJZB9jS6d6A3HYCcYW3xpqdE4c6JqdGbFRttyLk,2025-08-10T17:01:13.000+10:00,2025-08-10T17:01:13.000+10:00,2025-08-10T17:05:00.000+10:00,0.7920150000000002,-20.798499999999976,3,0.00007667465533425242,0.000060727477144557944,Basic_6h_20pctSL_NoClamp
5zCETicUCJqJ5Z3wbfFPZqtSpHPYqnggs1wX7ZRpump,2025-08-10T20:04:15.000+10:00,2025-08-10T20:04:15.000+10:00,2025-08-11T02:04:15.000+10:00,0.9776570895629704,-2.234291043702963,360,0.02875846871841555,0.028115920827533874,Basic_6h_20pctSL_NoClamp
5KZzC4Ffk7gUsgCFZAsQYosjmmFysZKJ5vzHaefbbRPa,2025-08-10T23:05:18.000+10:00,2025-08-10T23:05:18.000+10:00,2025-08-10T23:10:00.000+10:00,0.7920150000000001,-20.798499999999986,4,0.00018808647775261523,0.00014896731167723758,Basic_6h_20pctSL_NoClamp
HoQYRCnUeyZZyFiPtYDw48kHyGwjsaUXJxDVtxcK4yPg,2025-08-11T04:31:15.000+10:00,2025-08-11T04:31:15.000+10:00,2025-08-11T04:35:00.000+10:00,0.792015,-20.798499999999997,3,0.0006649057304904414,0.0005266153121343869,Basic_6h_20pctSL_NoClamp
hC16Tp4jsvU7oi9hGz4Q142FubFxNza6ParQSMkbonk,2025-08-11T17:17:45.000+10:00,2025-08-11T17:17:45.000+10:00,2025-08-11T19:00:00.000+10:00,0.7920150000000002,-20.798499999999976,102,0.0004533455793674412,0.00035905649904270404,Basic_6h_20pctSL_NoClamp
5wpkx5vYrCFYAKZa4wKJSGqkysKFrC1m7tjaodbHpump,2025-08-11T18:28:04.000+10:00,2025-08-11T18:28:04.000+10:00,2025-08-11T18:35:00.000+10:00,0.792015,-20.798499999999997,6,0.00001683701617476723,0.000013335169365658268,Basic_6h_20pctSL_NoClamp
A6TLrvDAzVwuVzRom4brG5URF4HrgiqmwydHzrqMpump,2025-08-11T19:32:59.000+10:00,2025-08-11T19:32:59.000+10:00,2025-08-11T20:00:00.000+10:00,0.792015,-20.798499999999997,27,0.0003312531791349077,0.00026235748667253393,Basic_6h_20pctSL_NoClamp
2e1ZJUrpvPa8MC2U3vr5gDyL3myNbA8XGJ6hK2ToJtM5,2025-08-12T20:27:26.000+10:00,2025-08-12T20:27:26.000+10:00,2025-08-12T20:50:00.000+10:00,0.792015,-20.798499999999997,22,0.0017817421729353366,0.0014111665270973807,Basic_6h_20pctSL_NoClamp
7Am9zxtsCAvVeQvHCodT9LG3daMKRNg4rsUrFfvLpump,2025-08-12T20:38:05.000+10:00,2025-08-12T20:38:05.000+10:00,2025-08-12T20:40:00.000+10:00,0.7920150000000001,-20.798499999999986,1,0.00022798536898151867,0.00018056783201389755,Basic_6h_20pctSL_NoClamp
9hStzhJie5w3NqGDFRz59kRnw4Psf2mWSkYhe5eapump,2025-08-12T22:07:40.000+10:00,2025-08-12T22:07:40.000+10:00,2025-08-12T22:10:00.000+10:00,0.7920150000000002,-20.798499999999976,2,0.00005495188321760928,0.000043522715786594826,Basic_6h_20pctSL_NoClamp
H9ruWiJAR9pMC8gZpKTpPUn1TWhDK68cEJy7tVcN61jD,2025-08-12T22:32:01.000+10:00,2025-08-12T22:32:01.000+10:00,2025-08-12T22:35:00.000+10:00,0.7920150000000001,-20.798499999999986,2,0.0003793240119576893,0.00030043030733066934,Basic_6h_20pctSL_NoClamp
CDNubqZrgnSyraAuEE6BTHsMYj91YMxMsanSy8f1fh2F,2025-08-13T03:35:55.000+10:00,2025-08-13T03:35:55.000+10:00,2025-08-13T03:40:00.000+10:00,0.792015,-20.798499999999997,4,0.0002489371473144011,0.00019716195473021538,Basic_6h_20pctSL_NoClamp
HfinDxme8FDh66WMkd2GTGz4Eh1Wf2gBGTGZ62x3pump,2025-08-13T07:22:33.000+10:00,2025-08-13T07:22:33.000+10:00,2025-08-13T08:00:00.000+10:00,0.792015,-20.798499999999997,37,0.00018290826531499682,0.00014486608975345722,Basic_6h_20pctSL_NoClamp
fmGLjVuQfBLbWPo5zxc8sSss3ixMW3u3bRP95uGpump,2025-08-13T07:41:58.000+10:00,2025-08-13T07:41:58.000+10:00,2025-08-13T07:50:00.000+10:00,0.7920149999999999,-20.798500000000008,8,0.009866968427328126,0.007814786998970286,Basic_6h_20pctSL_NoClamp
3Sf6oKCeEqCuco4aYtKHHDTBYLAWHiL47QjvkW1UYDEG,2025-08-14T07:42:39.000+10:00,2025-08-14T07:42:39.000+10:00,2025-08-14T07:45:00.000+10:00,0.7920150000000001,-20.798499999999986,2,0.0006811219065406596,0.0005394587668088006,Basic_6h_20pctSL_NoClamp
NJxAmP4tJZyRVaU5i2jG2ZmfguXzDjCQ67ZqRyBh111,2025-08-15T01:03:04.000+10:00,2025-08-15T01:03:04.000+10:00,2025-08-15T01:05:00.000+10:00,0.792015,-20.798499999999997,1,147138.8360786441,116536.1652568273,Basic_6h_20pctSL_NoClamp
G1DXVVmqJs8Ei79QbK41dpgk2WtXSGqLtx9of7o8BAGS,2025-08-15T08:05:51.000+10:00,2025-08-15T08:05:51.000+10:00,2025-08-15T08:10:00.000+10:00,0.792015,-20.798499999999997,4,0.004901957793553078,0.003882424101860941,Basic_6h_20pctSL_NoClamp
w6iohhdC6zbq2DP1uwtmvXPJibbFroDnni1A222bonk,2025-08-16T00:26:40.000+10:00,2025-08-16T00:26:40.000+10:00,2025-08-16T03:00:00.000+10:00,0.7920150000000001,-20.798499999999986,153,0.004650979473340553,0.0036836455075778185,Basic_6h_20pctSL_NoClamp
9HKTs558C1gbgRaAD8NV6K9bn3BPhqTWgu8geHaFpump,2025-08-17T09:18:28.000+10:00,2025-08-17T09:18:28.000+10:00,2025-08-17T10:15:00.000+10:00,0.792015,-20.798499999999997,56,0.00017534829263393358,0.0001388784779904649,Basic_6h_20pctSL_NoClamp
CbEnREJWhZaR2DCcPKh9amUY1n7nyvS4DVsC6XxUpump,2025-08-18T09:36:28.000+10:00,2025-08-18T09:36:28.000+10:00,2025-08-18T09:50:00.000+10:00,0.7920150000000001,-20.798499999999986,13,0.0003801277920358559,0.0003010669132092785,Basic_6h_20pctSL_NoClamp
QUSQ4P9mtUnfKTtiZR6R21261EuPDdce1fiQjerpump,2025-08-18T11:12:36.000+10:00,2025-08-18T11:12:36.000+10:00,2025-08-18T11:15:00.000+10:00,0.7920150000000001,-20.798499999999986,2,0.00003997219189217742,0.0000316585755614829,Basic_6h_20pctSL_NoClamp
3Rt9t4vM1KShncfMgya69ahrktmKewnHz11FUhdapump,2025-08-18T21:20:52.000+10:00,2025-08-18T21:20:52.000+10:00,2025-08-19T00:55:00.000+10:00,0.7920150000000002,-20.798499999999976,214,0.0005013542951227416,0.00039708012205163834,Basic_6h_20pctSL_NoClamp
Ey3XV7Cw3tE4dUXoFC4zoNujRXN7u7dBf21vsZFcbonk,2025-08-19T14:08:32.000+10:00,2025-08-19T14:08:32.000+10:00,2025-08-19T14:55:00.000+10:00,0.7920150000000002,-20.798499999999976,46,0.0007359076422231314,0.0005828498912553536,Basic_6h_20pctSL_NoClamp
HdbEDKyseqhfyBf1HyMg9z7myWAVKZA1XNTatd3SiTPE,2025-08-19T14:22:34.000+10:00,2025-08-19T14:22:34.000+10:00,2025-08-19T14:25:00.000+10:00,0.792015,-20.798499999999997,2,0.00008260297527410273,0.00006542279546171848,Basic_6h_20pctSL_NoClamp
WW3n3o75qQcbUPPycap8QM7TgJZ1Geddv6XVX9pVXjQ,2025-08-19T23:24:27.000+10:00,2025-08-19T23:24:27.000+10:00,2025-08-19T23:25:00.000+10:00,0.792015,-20.798499999999997,0,0.010409026909421665,0.0082441054476656,Basic_6h_20pctSL_NoClamp
4XX1eopNE9K7nfx74vStT2BADt8Qh7LtyXCQQAkA9V89,2025-08-20T06:04:16.000+10:00,2025-08-20T06:04:16.000+10:00,2025-08-20T06:20:00.000+10:00,0.7920150000000001,-20.798499999999986,15,0.000008297232449295193,0.000006571532558328533,Basic_6h_20pctSL_NoClamp
GEJiRjPoyRHh8yKJX4c2r3VgrtvquyLP3nBqzP8Vpump,2025-08-20T09:20:43.000+10:00,2025-08-20T09:20:43.000+10:00,2025-08-20T09:30:00.000+10:00,0.792015,-20.798499999999997,9,0.000040265185606109104,0.0000318906309778225,Basic_6h_20pctSL_NoClamp
7doC787yS9xCGQCd5z9FBB67SqWj2DZU2VBwh4G3pump,2025-08-20T17:36:33.000+10:00,2025-08-20T17:36:33.000+10:00,2025-08-20T17:40:00.000+10:00,0.7920150000000001,-20.798499999999986,3,0.00023269549711392635,0.0001842983241466864,Basic_6h_20pctSL_NoClamp
HsZvkLneVfn3HVEdg649osbjicUEpVFdNZgYH9Mxpump,2025-08-20T18:27:01.000+10:00,2025-08-20T18:27:01.000+10:00,2025-08-20T18:30:00.000+10:00,0.7920150000000001,-20.798499999999986,2,0.00022127977589441895,0.00017525690170501826,Basic_6h_20pctSL_NoClamp
F8nWrsDrgk2sANrHjmryGf98gBkLoyAumATc3HLVoH1D,2025-08-21T00:10:35.000+10:00,2025-08-21T00:10:35.000+10:00,2025-08-21T00:15:00.000+10:00,0.7920150000000001,-20.798499999999986,4,0.000128007823137497,0.00010138411604224469,Basic_6h_20pctSL_NoClamp
492tHX2UMkR6PvhTrZ8mdFrjJDUWp5zUdMmpAWRgpump,2025-08-21T00:43:50.000+10:00,2025-08-21T00:43:50.000+10:00,2025-08-21T00:45:00.000+10:00,0.7920150000000001,-20.798499999999986,1,0.00014814625442042685,0.0001173340556947944,Basic_6h_20pctSL_NoClamp
E3HweDeKWhF1TLaM5sJuY81BPUGWihJ9mpemXDFwpump,2025-08-21T00:51:51.000+10:00,2025-08-21T00:51:51.000+10:00,2025-08-21T01:20:00.000+10:00,0.7920150000000001,-20.798499999999986,28,0.00014295891472833168,0.00011322560484855963,Basic_6h_20pctSL_NoClamp
YoTQ2v3sjKygiGT3Jn1yGxQvPErRDXVAfXVPwnApump,2025-08-21T02:48:40.000+10:00,2025-08-21T02:48:40.000+10:00,2025-08-21T02:50:00.000+10:00,0.7920149999999999,-20.798500000000008,1,0.00019470214994604166,0.00015420702328951418,Basic_6h_20pctSL_NoClamp
HcTwgEvBYzopr3LYXqikFpf37XhtPYVwkibCqvM3H8sV,2025-08-21T04:53:19.000+10:00,2025-08-21T04:53:19.000+10:00,2025-08-21T04:55:00.000+10:00,0.7920150000000001,-20.798499999999986,1,0.0005085817664171944,0.0004028043877289143,Basic_6h_20pctSL_NoClamp
vqQi5RnhCgNt112JDE3bDgFCeBu6EUvViNT1jTnpump,2025-08-23T03:59:13.000+10:00,2025-08-23T03:59:13.000+10:00,2025-08-23T04:00:00.000+10:00,0.7920150000000002,-20.798499999999976,0,0.0001862741809633185,0.00014753194543566274,Basic_6h_20pctSL_NoClamp
7nsbGjYk85fkDk1uNFqVCyLZYtXxiZoLZncfLLC7pump,2025-08-23T22:09:59.000+10:00,2025-08-23T22:09:59.000+10:00,2025-08-23T22:50:00.000+10:00,0.792015,-20.798499999999997,40,0.00017461929267229505,0.00013830109908584778,Basic_6h_20pctSL_NoClamp
Co4692bPPQXAqqxSLAeTTvF1bnhY26FUWt2YuWQPBgfU,2025-08-24T01:16:15.000+10:00,2025-08-24T01:16:15.000+10:00,2025-08-24T06:00:00.000+10:00,0.792015,-20.798499999999997,283,0.0011697616277878305,0.0009264687556323786,Basic_6h_20pctSL_NoClamp
ooPKiXjyNhhosfVqriFv1KiktVsxx2ujd4pZc3Xpump,2025-08-24T04:51:02.000+10:00,2025-08-24T04:51:02.000+10:00,2025-08-24T04:55:00.000+10:00,0.7920150000000001,-20.798499999999986,3,0.00004080880592908608,0.00003232118642792512,Basic_6h_20pctSL_NoClamp
FdpEvMwXM99WsCr5zwrQ5BqgQTSLULpewpXjfs7ABAGS,2025-08-24T22:12:35.000+10:00,2025-08-24T22:12:35.000+10:00,2025-08-25T03:50:00.000+10:00,0.7920150000000001,-20.798499999999986,337,0.0006851972819514263,0.000542686525264759,Basic_6h_20pctSL_NoClamp
7igth4c6og8kQtdEYT7fxDGmbod7HVrofQJur5Fqpump,2025-08-25T06:26:45.000+10:00,2025-08-25T06:26:45.000+10:00,2025-08-25T07:00:00.000+10:00,0.7920150000000001,-20.798499999999986,33,0.000014507536156754785,0.000011490186249192144,Basic_6h_20pctSL_NoClamp
cFXwo8FqJxZeYNwrUf5xSABJZoCHnrtKiS7DaFyCoiN,2025-08-25T09:17:18.000+10:00,2025-08-25T09:17:18.000+10:00,2025-08-25T09:25:00.000+10:00,0.7920150000000001,-20.798499999999986,7,0.5455525620176932,0.43208581240644334,Basic_6h_20pctSL_NoClamp
44sVpouhWHXzADVsVUo863tvgmaw6LNQo25fYRs1pump,2025-08-26T10:33:48.000+10:00,2025-08-26T10:33:48.000+10:00,2025-08-26T10:35:00.000+10:00,0.792015,-20.798499999999997,1,0.0009031508894861642,0.0007153090517363844,Basic_6h_20pctSL_NoClamp
CdtV6PREwJDWgApj4YB4x5Kmwo3mbNuWMdkEXqyypump,2025-08-27T07:40:27.000+10:00,2025-08-27T07:40:27.000+10:00,2025-08-27T13:40:27.000+10:00,1.1193034538545725,11.930345385457253,360,0.0028872219607965484,0.0032316775127643475,Basic_6h_20pctSL_NoClamp
DxiYSR3KTArNUyQWSXJKAxbu73NUKds64EG9dQNEpump,2025-08-27T10:55:22.000+10:00,2025-08-27T10:55:22.000+10:00,2025-08-27T11:00:00.000+10:00,0.7920150000000001,-20.798499999999986,4,0.0018566188709976507,0.0014704699951132046,Basic_6h_20pctSL_NoClamp
8kS3v66xtYZ8mF2MH9SSD7o9Wi3ujt6wzPqy4Bq1pump,2025-08-27T23:10:34.000+10:00,2025-08-27T23:10:34.000+10:00,2025-08-27T23:15:00.000+10:00,0.7920150000000002,-20.798499999999976,4,0.0000628790968614806,0.00004980118790074557,Basic_6h_20pctSL_NoClamp
B3zWuNcVQK9YVHngeDH7UFwsmudWnNhFn89T1AQcpump,2025-08-28T01:11:15.000+10:00,2025-08-28T01:11:15.000+10:00,2025-08-28T01:20:00.000+10:00,0.7920150000000001,-20.798499999999986,8,0.0009598380933377014,0.0007602061674948597,Basic_6h_20pctSL_NoClamp
DMwbVy48dWVKGe9z1pcVnwF3HLMLrqWdDLfbvx8RchhK,2025-08-29T03:18:47.000+10:00,2025-08-29T03:18:47.000+10:00,2025-08-29T03:30:00.000+10:00,0.7920150000000001,-20.798499999999986,11,0.012323295420126308,0.00976023482217134,Basic_6h_20pctSL_NoClamp
EVUNTZPwJVir35s2EgMdnpF1Lh787S8bZgKSVApZpump,2025-08-29T04:17:24.000+10:00,2025-08-29T04:17:24.000+10:00,2025-08-29T04:25:00.000+10:00,0.7920150000000001,-20.798499999999986,7,0.00008286158095400553,0.0000656276150392867,Basic_6h_20pctSL_NoClamp
2xMRHEpzjBroKEQTMjeafvR9BdmaJsxuivB7wnazyzLJ,2025-08-29T18:27:49.000+10:00,2025-08-29T18:27:49.000+10:00,2025-08-29T18:35:00.000+10:00,0.7920150000000002,-20.798499999999976,7,0.0002274888274280968,0.00018017456365546414,Basic_6h_20pctSL_NoClamp
3vz82EWYv8xnc7Cm7qSgERcpMeqw92PcX8PBz88npump,2025-08-31T22:29:06.000+10:00,2025-08-31T22:29:06.000+10:00,2025-08-31T22:50:00.000+10:00,0.7920150000000001,-20.798499999999986,20,0.003934092683318012,0.0031158604165781156,Basic_6h_20pctSL_NoClamp
AkuXKTbE8rnYCdpnW8eE1xtKfKfQ3uhwXS3dk9cbpump,2025-09-01T00:43:48.000+10:00,2025-09-01T00:43:48.000+10:00,2025-09-01T00:45:00.000+10:00,0.7920150000000001,-20.798499999999986,1,0.00020773045026131434,0.0001645256325637149,Basic_6h_20pctSL_NoClamp
463vBSJt4CurDqEnojG3ykMy3Lf9GQF2hFV27JeZpump,2025-09-01T15:07:44.000+10:00,2025-09-01T15:07:44.000+10:00,2025-09-01T21:07:44.000+10:00,1.6393231403785846,63.93231403785846,360,0.00028637022482250733,0.000469453336266954,Basic_6h_20pctSL_NoClamp
ERYH7V18RFsXhq7XGbojkpamb5dw6Qyto4kd1Ripump,2025-09-02T03:26:34.000+10:00,2025-09-02T03:26:34.000+10:00,2025-09-02T03:45:00.000+10:00,0.7920150000000001,-20.798499999999986,18,0.00024964313825047863,0.00019772111014145286,Basic_6h_20pctSL_NoClamp
HMcQvSj8hEqdkbyPbEUmiU6mnu5k2Ki5y5J65ebpump,2025-09-02T22:17:34.000+10:00,2025-09-02T22:17:34.000+10:00,2025-09-02T22:20:00.000+10:00,0.792015,-20.798499999999997,2,0.00010684051443745281,0.0000846192900421792,Basic_6h_20pctSL_NoClamp
FJbgkf8kcpiAfkeEqWd9bLhkebbeiRwowFsc7UXvpump,2025-09-03T16:34:05.000+10:00,2025-09-03T16:34:05.000+10:00,2025-09-03T22:34:05.000+10:00,0.9140989795650585,-8.590102043494152,360,0.0005715501766290836,0.0005224534332268743,Basic_6h_20pctSL_NoClamp
85y3AuomcSaUv8tBkxDeoB2GV7HhJrkvxr37PDu8pump,2025-09-04T00:44:24.000+10:00,2025-09-04T00:44:24.000+10:00,2025-09-04T00:45:00.000+10:00,0.7920150000000001,-20.798499999999986,0,0.00013675955402245256,0.00010831561817909278,Basic_6h_20pctSL_NoClamp
dh1yPPKTsqR25aVVpbp24rHTjc7VbyhFPGiQyrypump,2025-09-04T00:44:40.000+10:00,2025-09-04T00:44:40.000+10:00,2025-09-04T02:30:00.000+10:00,0.7920150000000001,-20.798499999999986,105,0.0007238257017765888,0.000573280813192585,Basic_6h_20pctSL_NoClamp
APUbZBpZC5ftvXMRVuEKX31kijEcJVJgnUtZA1mypump,2025-09-04T17:28:49.000+10:00,2025-09-04T17:28:49.000+10:00,2025-09-04T17:30:00.000+10:00,0.7920150000000001,-20.798499999999986,1,0.00007800853519195219,0.00006178393000005402,Basic_6h_20pctSL_NoClamp
C3nqHvDhCSvkN6MrSrZfz4mLBVjqyjNHckXkeTLXpump,2025-09-05T08:48:30.000+10:00,2025-09-05T08:48:30.000+10:00,2025-09-05T10:20:00.000+10:00,0.7920150000000001,-20.798499999999986,91,0.000005148769678290456,0.000004077902816751216,Basic_6h_20pctSL_NoClamp
FfptCUbN78XmFB9A51Q9v4KGXJHiSkHV36dUfjVmpump,2025-09-05T08:49:01.000+10:00,2025-09-05T08:49:01.000+10:00,2025-09-05T11:00:00.000+10:00,0.7920150000000001,-20.798499999999986,130,0.0005891885970181284,0.00046664620666731307,Basic_6h_20pctSL_NoClamp
5XW1SaAZyBrptY6Bi5BvjUg699mRkNXc8yR18Zaapump,2025-09-05T20:17:05.000+10:00,2025-09-05T20:17:05.000+10:00,2025-09-05T20:20:00.000+10:00,0.7920150000000001,-20.798499999999986,2,0.00015847736376298267,0.00012551644926073874,Basic_6h_20pctSL_NoClamp
8s7cWUKhNotsPToAxdNBx9bLhf7kSrNw23Siuf3ipump,2025-09-05T22:12:05.000+10:00,2025-09-05T22:12:05.000+10:00,2025-09-05T22:20:00.000+10:00,0.7920150000000001,-20.798499999999986,7,0.00007550878768442852,0.000059804092477882664,Basic_6h_20pctSL_NoClamp
GBPWprBUACQTi1NXUM7h9j6SxbRawxJs2ma2XaiPpump,2025-09-06T03:07:12.000+10:00,2025-09-06T03:07:12.000+10:00,2025-09-06T03:10:00.000+10:00,0.7920150000000001,-20.798499999999986,2,0.00011355624305669452,0.00008993824784454792,Basic_6h_20pctSL_NoClamp
CqvyYjAFWE6pUK9WqfXcmvs4ptUfJcGj5BqdbEBFpump,2025-09-06T05:37:36.000+10:00,2025-09-06T05:37:36.000+10:00,2025-09-06T05:40:00.000+10:00,0.792015,-20.798499999999997,2,0.00021600236922370502,0.00017107711646071274,Basic_6h_20pctSL_NoClamp
ACbRrERR5GJnADhLhhanxrDCXJzGhyF64SKihbzBpump,2025-09-06T18:41:22.000+10:00,2025-09-06T18:41:22.000+10:00,2025-09-06T18:45:00.000+10:00,0.792015,-20.798499999999997,3,0.00018758967432258613,0.00014857383590860307,Basic_6h_20pctSL_NoClamp
BP8xvhTXJKWwNNwgc4TAhM5tWcLx4pEVRTFUr8dpump,2025-09-08T03:12:38.000+10:00,2025-09-08T03:12:38.000+10:00,2025-09-08T06:45:00.000+10:00,0.7920150000000001,-20.798499999999986,212,0.0002656193874631351,0.000210374539161615,Basic_6h_20pctSL_NoClamp
B4qwwAtNFwcVuDfatzuriLEbkQEAwMJ6m1DKdTEtpump,2025-09-08T22:32:36.000+10:00,2025-09-08T22:32:36.000+10:00,2025-09-08T22:40:00.000+10:00,0.7920150000000001,-20.798499999999986,7,0.000058176277032087164,0.000046076484053568527,Basic_6h_20pctSL_NoClamp
EGMF3kB8WY5uCGXA7P3TVWFYZuasZbepedrQhCVupump,2025-09-09T05:09:45.000+10:00,2025-09-09T05:09:45.000+10:00,2025-09-09T05:15:00.000+10:00,0.7920150000000001,-20.798499999999986,5,0.00008317727111332826,0.00006587764638082269,Basic_6h_20pctSL_NoClamp
9iGZQZ2d4Xbhif8ZrjxCJvqf42Uki7avmoao3uaeKJMg,2025-09-09T12:21:18.000+10:00,2025-09-09T12:21:18.000+10:00,2025-09-09T13:05:00.000+10:00,0.7920150000000002,-20.798499999999976,43,0.000051140539668253135,0.00004050407452535152,Basic_6h_20pctSL_NoClamp
2cxnk5oK5UG6e9b3JDftgKzzJ72nRdie5ZxHrspLpump,2025-09-09T23:52:24.000+10:00,2025-09-09T23:52:24.000+10:00,2025-09-09T23:55:00.000+10:00,0.792015,-20.798499999999997,2,0.0002976075006909759,0.0002357096046597633,Basic_6h_20pctSL_NoClamp
76rTxzztXjJe7AUaBi7jQ5J61MFgpQgB4Cc934sWbonk,2025-09-10T10:03:18.000+10:00,2025-09-10T10:03:18.000+10:00,2025-09-10T16:03:18.000+10:00,1.1169714293617363,11.697142936173632,360,0.016565542185165642,0.01850323733271661,Basic_6h_20pctSL_NoClamp
5Qw7bkvj13Atg1ftzUKrQu9p7YrDiQmJTrhwchM1pump,2025-09-10T13:30:39.000+10:00,2025-09-10T13:30:39.000+10:00,2025-09-10T13:35:00.000+10:00,0.792015,-20.798499999999997,4,0.0007472498179757514,0.0005918330645840648,Basic_6h_20pctSL_NoClamp
6q4Ze3r8UnxiHHxz9yQyrFQYMMhPTeJNdZuzumn8pump,2025-09-10T23:43:42.000+10:00,2025-09-10T23:43:42.000+10:00,2025-09-11T05:43:42.000+10:00,1.4329263011117412,43.29263011117413,360,0.00006176643440354477,0.00008850674838273241,Basic_6h_20pctSL_NoClamp
CEqFiJoB6HLncfeieBw3PKKm9wyqrpSHV3VH4qZApump,2025-09-11T05:28:52.000+10:00,2025-09-11T05:28:52.000+10:00,2025-09-11T05:30:00.000+10:00,0.7920150000000001,-20.798499999999986,1,0.0027791361076240865,0.002201117484279891,Basic_6h_20pctSL_NoClamp
Hwui6yPX8iPWxs1bD95zaiwrEJ3md2tksweVADsmpump,2025-09-12T02:28:23.000+10:00,2025-09-12T02:28:23.000+10:00,2025-09-12T02:40:00.000+10:00,0.792015,-20.798499999999997,11,0.00008282902107698277,0.00006560182712828651,Basic_6h_20pctSL_NoClamp
BsyJvHG7UxTJmBaBy45pMLWx9ZyDTkvSeN3rwpYVpump,2025-09-12T02:49:39.000+10:00,2025-09-12T02:49:39.000+10:00,2025-09-12T02:55:00.000+10:00,0.792015,-20.798499999999997,5,0.0002448371247024268,0.00019391467532119258,Basic_6h_20pctSL_NoClamp
CfVs3waH2Z9TM397qSkaipTDhA9wWgtt8UchZKfwkYiu,2025-09-12T03:26:18.000+10:00,2025-09-12T03:26:18.000+10:00,2025-09-12T09:26:18.000+10:00,0.9672651915784383,-3.2734808421561734,360,0.004203038857155013,0.004065453185377664,Basic_6h_20pctSL_NoClamp
3arUrpH3nzaRJbbpVgY42dcqSq9A5BFgUxKozZ4npump,2025-09-13T07:57:38.000+10:00,2025-09-13T07:57:38.000+10:00,2025-09-13T13:57:38.000+10:00,1.6334777064102823,63.347770641028234,360,0.01591566783141095,0.025997888585241068,Basic_6h_20pctSL_NoClamp
HegMoXeaVf8sUsHsqW8KEQtTzwHGZKuK5y8sMSCNpump,2025-09-13T15:50:15.000+10:00,2025-09-13T15:50:15.000+10:00,2025-09-13T15:55:00.000+10:00,0.7920150000000002,-20.798499999999976,4,0.0015829056980583068,0.0012536850564476502,Basic_6h_20pctSL_NoClamp
EXoMAHnw2Gw5fXJTektedLJDVn9vn8tLTEQX7gHccQKR,2025-09-13T21:02:41.000+10:00,2025-09-13T21:02:41.000+10:00,2025-09-13T22:15:00.000+10:00,0.792015,-20.798499999999997,72,13.259012324727854,10.501336646369332,Basic_6h_20pctSL_NoClamp
6GTBQj1w2AH7xTLrCGijFTHFyjBUZL1Zq2jX1AdSpump,2025-09-13T23:07:04.000+10:00,2025-09-13T23:07:04.000+10:00,2025-09-14T05:07:04.000+10:00,0.9740359956452024,-2.596400435479762,360,0.0003233629725231281,0.0003149671748963573,Basic_6h_20pctSL_NoClamp
85ioZLv1JYA7z8YxAQ7PXeSCFbQWfn7J5L1ftbxQpump,2025-09-14T08:12:39.000+10:00,2025-09-14T08:12:39.000+10:00,2025-09-14T08:30:00.000+10:00,0.7920150000000001,-20.798499999999986,17,0.0011358797751481555,0.0008996338201139666,Basic_6h_20pctSL_NoClamp
7Pnqg1S6MYrL6AP1ZXcToTHfdBbTB77ze6Y33qBBpump,2025-09-14T10:29:10.000+10:00,2025-09-14T10:29:10.000+10:00,2025-09-14T16:29:10.000+10:00,0.8939280119188644,-10.60719880811356,360,0.025448121675488173,0.022748788816438503,Basic_6h_20pctSL_NoClamp
HQDTzNa4nQVetoG6aCbSLX9kcH7tSv2j2sTV67Etpump,2025-09-14T10:33:28.000+10:00,2025-09-14T10:33:28.000+10:00,2025-09-14T10:40:00.000+10:00,0.7920150000000001,-20.798499999999986,6,0.004361551444963223,0.003454414167682548,Basic_6h_20pctSL_NoClamp
Fzpo8vGJRRB9d8h9hv5FdNuvskTSXc55GGFvNpZupump,2025-09-14T18:30:15.000+10:00,2025-09-14T18:30:15.000+10:00,2025-09-15T00:30:15.000+10:00,1.0246588736969555,2.465887369695552,360,0.001081499323067206,0.0011081678782780633,Basic_6h_20pctSL_NoClamp
5UB6vnMU7b6khnUjCoPqWbXCdmJWssWREJDwH147pump,2025-09-15T01:39:10.000+10:00,2025-09-15T01:39:10.000+10:00,2025-09-15T01:45:00.000+10:00,0.7920150000000001,-20.798499999999986,5,0.00324225718594382,0.002567916325125295,Basic_6h_20pctSL_NoClamp
A2vb8eA7HiRpb19fA2Dxz3XT8Mb1XxuNC6Su4aThVeLo,2025-09-15T03:09:49.000+10:00,2025-09-15T03:09:49.000+10:00,2025-09-15T03:15:00.000+10:00,0.7920150000000001,-20.798499999999986,5,0.001658861140900555,0.0013138429065103533,Basic_6h_20pctSL_NoClamp
B8YVF2CA2hv2LnPdWpjNmqcS7g3tqhYkYm3wugcvHELP,2025-09-15T09:49:47.000+10:00,2025-09-15T09:49:47.000+10:00,2025-09-15T09:55:00.000+10:00,0.7920150000000001,-20.798499999999986,5,0.002450935255933186,0.0019411774867279228,Basic_6h_20pctSL_NoClamp
FyB8VxxYAaVVchAgbB1kvjWdw26ovaD4ipwV1j8epump,2025-09-15T22:25:46.000+10:00,2025-09-15T22:25:46.000+10:00,2025-09-15T22:30:00.000+10:00,0.7920150000000001,-20.798499999999986,4,0.0023542053501819636,0.0018645659504243682,Basic_6h_20pctSL_NoClamp
Gtj3QCZgZNbqzpqQVKzpakgAbTEwPt6LdiLjWYNZpump,2025-09-16T02:42:48.000+10:00,2025-09-16T02:42:48.000+10:00,2025-09-16T02:45:00.000+10:00,0.7920150000000001,-20.798499999999986,2,0.00011287733583775299,0.00008940054314353795,Basic_6h_20pctSL_NoClamp
CzNzRibBZHKgLMB7U3CX6p75E61Hv9GdhR1Vcn78pump,2025-09-16T02:45:30.000+10:00,2025-09-16T02:45:30.000+10:00,2025-09-16T02:55:00.000+10:00,0.792015,-20.798499999999997,9,0.0006708942623465048,0.000531358319192367,Basic_6h_20pctSL_NoClamp
9NBPWsCCRUbD7iQaZSCnx1uuwySrHooozb7k3mrRpump,2025-09-16T16:45:34.000+10:00,2025-09-16T16:45:34.000+10:00,2025-09-16T22:45:34.000+10:00,1.0958660746457656,9.586607464576558,360,0.0003869310780702095,0.00042402464168325477,Basic_6h_20pctSL_NoClamp
23Fg93TH9qnhMuTL4zTqZAYTsMztieA9bhWUixu3pump,2025-09-16T21:06:10.000+10:00,2025-09-16T21:06:10.000+10:00,2025-09-16T21:15:00.000+10:00,0.792015,-20.798499999999997,8,0.0003155797064049678,0.0002499438611683306,Basic_6h_20pctSL_NoClamp
5PpWbYsDosMGEre1PThdXhHjN85S1RX7fsLMDRi3pump,2025-09-18T01:02:20.000+10:00,2025-09-18T01:02:20.000+10:00,2025-09-18T01:10:00.000+10:00,0.792015,-20.798499999999997,7,0.00013243885011577378,0.00010489355587444458,Basic_6h_20pctSL_NoClamp
