TradeNumber,TokenAddress,AlertTime,EntryTime,ExitTime,EntryPrice,ExitPrice,PnL,PnLPercent,MaxReached,HoldDurationMinutes,IsWin
1,56UDDutoCf2iGMhfCTjmKuyseeJCpnMhcKPjoyFQbonk,2025-07-18T19:23:45.000Z,2025-07-20T02:00:00.000+10:00,2025-07-20T04:00:00.000+10:00,0.00000741,0.00001073,1.449615,44.96,1.0000,120,Yes
2,8qGR2zjDDXBins24urtvRMEWiE7tUr6xJ8nUCbY6bonk,2025-07-18T19:23:58.000Z,2025-07-23T02:00:00.000+10:00,2025-07-23T04:00:00.000+10:00,0.00001338,0.00001068,0.798009,-20.20,1.0000,120,No
3,GBZ9knZmAsCSPzxPqrFEKCXX5JBx1Yr3LKDxnKNqpump,2025-07-18T20:14:53.000Z,2025-07-19T16:00:00.000+10:00,2025-07-19T17:00:00.000+10:00,0.00006461,0.00005117,0.792015,-20.80,1.0000,60,No
4,4F6ELbjNxSHF7e23i9iKM9YcaPF4HuvFGhGPrQwWEUse,2025-07-19T16:00:45.000Z,2025-07-22T07:00:00.000+10:00,2025-07-23T13:00:00.000+10:00,0.00000571,0.00000570,0.998116,-0.19,1.0093,1800,No
5,4Qtz3GigvxHYpHCMVAo4mYpWJYk8jfBr8RPVcysAbonk,2025-07-19T19:27:48.000Z,2025-07-23T21:00:00.000+10:00,2025-07-24T01:00:00.000+10:00,0.00001492,0.00001286,0.861506,-13.85,1.0000,240,No
6,HKZQxDqqw1U7MmzEcjc4JocEnZJ75nBKudcKs8xgbonk,2025-07-20T20:08:04.000Z,2025-07-21T14:00:00.000+10:00,2025-07-21T16:00:00.000+10:00,0.00001881,0.00001609,0.855261,-14.47,1.0000,120,No
7,3UofsdJQyTe8PF3HMUR8KEB13wtwGkk4qyAhgLCgbonk,2025-07-21T10:49:56.000Z,2025-07-23T22:00:00.000+10:00,2025-07-23T23:00:00.000+10:00,0.00017815,0.00014109,0.792015,-20.80,1.0318,60,No
8,G6kPdKoUjmXkXq6Skuon1mg77q4E3YXuUGjgadXL4pQt,2025-07-22T07:55:13.000Z,2025-07-24T17:00:00.000+10:00,2025-07-24T19:00:00.000+10:00,0.00000580,0.00000558,0.961190,-3.88,1.0000,120,No
9,6S3nudT5wn6RNmnY1pXLLyJoEMM53HF5tg6Baqrmbonk,2025-07-22T08:00:00.000Z,2025-07-27T23:00:00.000+10:00,2025-07-28T08:00:00.000+10:00,0.00000551,0.00000540,0.980198,-1.98,1.0000,540,No
10,CfVs3waH2Z9TM397qSkaipTDhA9wWgtt8UchZKfwkYiu,2025-07-22T20:31:48.000Z,2025-07-24T12:00:00.000+10:00,2025-07-24T15:00:00.000+10:00,0.00770225,0.00744587,0.966714,-3.33,1.0900,180,No
11,CQkgAQg5qCor8UMee5s8SzGkpjoYxCxrNzUuhwAnbonk,2025-07-23T09:29:31.000Z,2025-07-26T03:00:00.000+10:00,2025-07-26T05:00:00.000+10:00,0.00026231,0.00028045,1.069152,6.92,1.0292,120,Yes
12,82KE946ifcZKs5dwTtpX6Mp8bXHCHVncRmKVxmQZbonk,2025-07-23T21:56:09.000Z,2025-07-26T18:00:00.000+10:00,2025-07-26T20:00:00.000+10:00,0.00001266,0.00001345,1.062245,6.22,1.0000,120,Yes
13,GxzvWxCzNN3MTEZzTRx7RnP3yg4dmD8Ez8Ssu8wSbonk,2025-07-24T00:39:16.000Z,2025-07-25T10:00:00.000+10:00,2025-07-25T11:00:00.000+10:00,0.00146010,0.00155482,1.064872,6.49,1.0189,60,Yes
14,5MU4Fm65xmn19D5a1bmTruzvKZbeX9EQsU2EeEEFbonk,2025-07-24T23:04:08.000Z,2025-07-27T05:00:00.000+10:00,2025-07-27T07:00:00.000+10:00,0.00000789,0.00000744,0.943657,-5.63,1.0000,120,No
15,Ey3fqTdSfQHGNqhcp5L11qSXT7QS69Lg6bqcNyPypump,2025-07-25T01:21:36.000Z,2025-07-26T03:00:00.000+10:00,2025-07-26T05:00:00.000+10:00,0.00002378,0.00002583,1.086408,8.64,1.0287,120,Yes
16,F8YiEaC9qyKPEtLQK1Yi5QZazsYgNWn8JD83Dh4Mbonk,2025-07-27T02:12:56.000Z,2025-07-31T02:00:00.000+10:00,2025-07-31T04:00:00.000+10:00,0.00000900,0.00000837,0.930193,-6.98,1.0000,120,No
17,2RKZuckB4kwvKEFhSCBa57DU9oWdtRcF5dgyb6N9jups,2025-07-27T13:28:15.000Z,2025-07-28T19:00:00.000+10:00,2025-07-28T21:00:00.000+10:00,0.00232879,0.00184444,0.792015,-20.80,1.1004,120,No
18,Ga5GipNAgM4MHNEC5nuyU5Xb44CZpsj9sAPmrLRsjups,2025-07-28T07:32:19.000Z,2025-07-31T01:00:00.000+10:00,2025-07-31T22:00:00.000+10:00,0.00000507,0.00000502,0.989640,-1.04,1.0462,1260,No
19,Hio3BG49VvoRwFqgg4avYpwewLvNrVZn78P3w5Jwbonk,2025-07-28T07:32:27.000Z,2025-07-31T04:00:00.000+10:00,2025-07-31T12:00:00.000+10:00,0.00000574,0.00000563,0.980198,-1.98,1.0000,480,No
20,A8b6B5PxDkhD9JNrPg25fbtALMvme8B1JvoJkYfCbonk,2025-07-28T17:44:33.000Z,2025-07-29T10:00:00.000+10:00,2025-07-29T12:00:00.000+10:00,0.00029244,0.00023162,0.792015,-20.80,1.0200,120,No
21,0x338ede32eF54b28a9a755D07144b4a7061DD4444,2025-07-29T06:15:09.000Z,2025-08-02T11:00:00.000+10:00,2025-08-02T13:00:00.000+10:00,0.00008242,0.00010621,1.288607,28.86,1.8502,120,Yes
22,GV6yc4NBPYAMzNGo1SiiUF6DqzBYryCuynVCYh2ebonk,2025-07-29T10:37:30.000Z,2025-07-31T11:00:00.000+10:00,2025-07-31T12:00:00.000+10:00,0.00000514,0.00000521,1.013991,1.40,1.1388,60,Yes
23,BSojgEsXyvHfjZM9Uc4KuELrDqXauHZzrw8oeaZHbonk,2025-07-29T13:27:52.000Z,2025-07-31T14:00:00.000+10:00,2025-07-31T15:00:00.000+10:00,0.00000663,0.00000718,1.082820,8.28,1.0000,60,Yes
24,AUondHfWHCZwDq7cFv2nC3uEbToUcAKd54cHzxedbonk,2025-07-30T09:49:37.000Z,2025-07-31T11:00:00.000+10:00,2025-07-31T13:00:00.000+10:00,0.00000670,0.00000635,0.948399,-5.16,1.0000,120,No
25,Bg422kWRLrArkAMnGDZv3GTmYDrFKhuC2MGzSoxxjups,2025-07-30T09:49:53.000Z,2025-07-31T14:00:00.000+10:00,2025-07-31T16:00:00.000+10:00,0.00010122,0.00011943,1.179804,17.98,1.0832,120,Yes
26,6cHJn25Pay6nd4JJsKKZ8Fmm2NL43t8BY5Mp1hhiUb56,2025-07-30T09:50:05.000Z,2025-08-03T06:00:00.000+10:00,2025-08-03T08:00:00.000+10:00,0.00001992,0.00002046,1.027078,2.71,1.0000,120,Yes
27,35Wfh9AtZoFvj1P7dqrM8S2Fp3vxH161Yw7jHKmtbonk,2025-07-31T16:44:42.000Z,2025-08-01T23:00:00.000+10:00,2025-08-02T02:00:00.000+10:00,0.00004021,0.00003611,0.897865,-10.21,1.0220,180,No
28,yNdBHZXkU6R3dBXE7q5DFoDx5gBwnPDtbEFMSJsbonk,2025-07-31T21:10:31.000Z,2025-08-01T18:00:00.000+10:00,2025-08-01T20:00:00.000+10:00,0.00017884,0.00018353,1.026223,2.62,1.1936,120,Yes
29,CvbYok7aFZJXjBKrWeXsC42ejki5iWm9tSUdSGspbonk,2025-08-01T08:05:27.000Z,2025-08-02T01:00:00.000+10:00,2025-08-02T02:00:00.000+10:00,0.00001654,0.00001666,1.007082,0.71,1.2506,60,Yes
30,8Ejzgzic8ubyoARqXjJX6S2mYkGxiKHJx5rb5feBbonk,2025-08-01T08:46:37.000Z,2025-08-02T01:00:00.000+10:00,2025-08-02T03:00:00.000+10:00,0.00054752,0.00043365,0.792015,-20.80,1.1678,120,No
31,3MwfC8upr8dWxFfTKNZTk4SWfHa8Vx6XE6VCCZYbbonk,2025-08-01T15:45:00.000Z,2025-08-02T11:00:00.000+10:00,2025-08-02T13:00:00.000+10:00,0.00012375,0.00031646,2.557323,155.73,1.3385,120,Yes
32,AVXvi73TrnRtScxzkNBxvth9uy8dHUrjaZoDwgzsbonk,2025-08-02T10:35:29.000Z,2025-08-03T16:00:00.000+10:00,2025-08-03T18:00:00.000+10:00,0.00000736,0.00001217,1.652061,65.21,1.0346,120,Yes
33,FxsVw7C2bseKiAdJmQ8qQ2uSVNnwnzw8ceceD3Exbonk,2025-08-02T10:35:52.000Z,2025-08-03T08:00:00.000+10:00,2025-08-03T10:00:00.000+10:00,0.00001556,0.00001672,1.074411,7.44,1.3561,120,Yes
34,FQt3RH31JCPXvVaXKc1uZACbshjYvvBfaqST4465bonk,2025-08-02T13:49:40.000Z,2025-08-04T10:00:00.000+10:00,2025-08-04T18:00:00.000+10:00,0.00000714,0.00000648,0.907233,-9.28,1.0000,480,No
35,BKZ1bkVGAasKZzwcahL5L8t1M7ofmx7VJ5PyPfHtbonk,2025-08-02T14:14:42.000Z,2025-08-06T21:00:00.000+10:00,2025-08-07T00:00:00.000+10:00,0.00003478,0.00002755,0.792015,-20.80,1.1541,180,No
36,H3xf2oWYPP4hNFckPiXjpFj9UzMhLWapxZAorK4dbonk,2025-08-03T13:01:52.000Z,2025-08-08T02:00:00.000+10:00,2025-08-08T04:00:00.000+10:00,0.00000426,0.00000406,0.953589,-4.64,1.0000,120,No
37,J3u73qgyeuaeunH1uwsT6QLFa24YNeZSjSEdCjAebonk,2025-08-03T20:42:07.000Z,2025-08-05T06:00:00.000+10:00,2025-08-05T08:00:00.000+10:00,0.00170589,0.00172611,1.011854,1.19,1.3431,120,Yes
38,BWyTW2sqbyJwZWWgCcZCEEzLxqauXGeEwgoighhKbonk,2025-08-04T08:13:35.000Z,2025-08-05T15:00:00.000+10:00,2025-08-05T16:00:00.000+10:00,0.00008670,0.00011909,1.373603,37.36,1.9387,60,Yes
39,H8xQ6poBjB9DTPMDTKWzWPrnxu4bDEhybxiouF8Ppump,2025-08-04T08:13:54.000Z,2025-08-05T12:00:00.000+10:00,2025-08-05T13:00:00.000+10:00,0.02578007,0.02494885,0.967757,-3.22,1.0093,60,No
40,CY2k3sedfk8x3ejAYFcYp4krzoPvpxk6y8ejRywUbonk,2025-08-04T11:37:58.000Z,2025-08-07T12:00:00.000+10:00,2025-08-07T14:00:00.000+10:00,0.00011194,0.00014202,1.268707,26.87,1.1964,120,Yes
41,E4UXzztPWk4PqRk1qjeJj8V2kZe949RWnjWXT5arBAGS,2025-08-05T10:48:13.000Z,2025-08-08T01:00:00.000+10:00,2025-08-08T04:00:00.000+10:00,0.00000432,0.00000438,1.014994,1.50,1.0848,180,Yes
42,Cyq8R8jBaZtwCRR4UkjEsXmdEbQB3jmkvhoSRELGdYCy,2025-08-05T14:31:51.000Z,2025-08-06T09:00:00.000+10:00,2025-08-06T11:00:00.000+10:00,0.00001181,0.00001514,1.281955,28.20,1.6326,120,Yes
43,C8TAiQvkW5PVHwaEtyafAyEEqT8wgnAYAa8goHfKbonk,2025-08-05T14:50:49.000Z,2025-08-08T12:00:00.000+10:00,2025-08-08T22:00:00.000+10:00,0.00000836,0.00000780,0.933078,-6.69,1.0000,600,No
44,E2gYJLgwup3DPaqYDXKj4kfHb6n4PR2CQyrvt6a2bonk,2025-08-05T19:06:18.000Z,2025-08-08T09:00:00.000+10:00,2025-08-10T07:00:00.000+10:00,0.00000360,0.00000365,1.013221,1.32,1.0297,2760,Yes
45,DQ4wBK1LoZwhahx18GuDTDCwbFZ8ZfFV3VSk3V3bBAGS,2025-08-05T22:43:23.000Z,2025-08-06T17:00:00.000+10:00,2025-08-06T19:00:00.000+10:00,0.00005507,0.00005308,0.963916,-3.61,1.1928,120,No
46,DqKym6x8pGN35evcEdZSYtvGwyBkhuvxAp36nN2qbonk,2025-08-06T02:33:38.000Z,2025-08-09T04:00:00.000+10:00,2025-08-09T16:00:00.000+10:00,0.00000797,0.00000830,1.042335,4.23,1.1746,720,Yes
47,48pUu784zSCHhKzrJYuWrVK8fG48pdXqFGnFmmeYpump,2025-08-06T07:10:56.000Z,2025-08-08T13:00:00.000+10:00,2025-08-08T15:00:00.000+10:00,0.00000508,0.00000466,0.916040,-8.40,1.0000,120,No
48,8j5AbN6wRk4Ru7bAYBL3qCtuftMijWKQFeFZz14vbonk,2025-08-06T09:25:45.000Z,2025-08-08T23:00:00.000+10:00,2025-08-09T01:00:00.000+10:00,0.00005914,0.00005164,0.873202,-12.68,1.1641,120,No
49,347k5f1WLRYe81roRcLBWDR6k3eCRunaqetQPW6pbonk,2025-08-06T17:29:03.000Z,2025-08-07T19:00:00.000+10:00,2025-08-07T21:00:00.000+10:00,0.00797025,0.00824481,1.034447,3.44,1.0633,120,Yes
50,7N8DAjVAavYGTGHdT2uQ2pGpPNRs9tvZTiPvVMKSpump,2025-08-06T17:50:38.000Z,2025-08-09T06:00:00.000+10:00,2025-08-09T22:00:00.000+10:00,0.00000732,0.00000724,0.988764,-1.12,1.0109,960,No
51,AXAEjYZYMitWgXw6xy5zfCeQ2UvsViShmMgxL1Bfpump,2025-08-07T07:37:18.000Z,2025-08-08T03:00:00.000+10:00,2025-08-08T05:00:00.000+10:00,0.00001534,0.00001536,1.001271,0.13,1.1269,120,Yes
52,8DWHinfJAHKJoUBrgx4PHdp1dDDLbh485FqXxgg4pump,2025-08-07T07:49:31.000Z,2025-08-08T00:00:00.000+10:00,2025-08-08T02:00:00.000+10:00,0.00000555,0.00000530,0.956481,-4.35,1.0000,120,No
53,4Z5b1Y8FrarrXeQxUpBenipQLyEWtfpdrStEGQwXbonk,2025-08-07T09:04:27.000Z,2025-08-08T23:00:00.000+10:00,2025-08-09T01:00:00.000+10:00,0.00004353,0.00004091,0.939901,-6.01,1.0000,120,No
54,G2ajLzpiW6tPvRqdjz6QfFKyArrh7zh66Zi1rmoppump,2025-08-07T09:04:46.000Z,2025-08-08T02:00:00.000+10:00,2025-08-08T04:00:00.000+10:00,0.00078617,0.00091335,1.161765,16.18,1.0894,120,Yes
55,HDbQ3c7ynSZKfg1UXhx2nNBwL3Phf9kNEbFEyZFrpump,2025-08-07T13:02:57.000Z,2025-08-09T19:00:00.000+10:00,2025-08-09T21:00:00.000+10:00,0.00000412,0.00000408,0.991346,-0.87,1.0161,120,No
56,45peQFd9KD5pb8inMDN4RFGXdsyQEZY3qFDgvrgpBAGS,2025-08-07T23:20:04.000Z,2025-08-08T17:00:00.000+10:00,2025-08-08T18:00:00.000+10:00,0.00071041,0.00067282,0.947081,-5.29,1.3831,60,No
57,2kBaWJjNf2XiEWjg4qhWtTXoVN5EvJAvZPv8vyWB8A4M,2025-08-07T23:48:45.000Z,2025-08-08T20:00:00.000+10:00,2025-08-08T22:00:00.000+10:00,0.00019048,0.00015938,0.836734,-16.33,1.2415,120,No
58,Apy5m5hs6d4WELhH7cx94gSMQhA8L57ao8pWU1F1SJ7E,2025-08-08T10:23:01.000Z,2025-08-11T07:00:00.000+10:00,2025-08-12T02:00:00.000+10:00,0.00000387,0.00000386,0.997256,-0.27,1.0087,1140,No
59,6NPE165SHwcNcrWYZauv4Rdj4SnjFC2zrgCsGQdZbonk,2025-08-08T12:35:00.000Z,2025-08-12T10:00:00.000+10:00,2025-08-12T12:00:00.000+10:00,0.00004213,0.00005929,1.407392,40.74,1.5051,120,Yes
60,61uiuu5aAc2HG1ZQaHd3opfLnK6cM4FQnE1jRi28pump,2025-08-08T18:05:28.000Z,2025-08-09T14:00:00.000+10:00,2025-08-09T15:00:00.000+10:00,0.00736172,0.00620815,0.843302,-15.67,1.1277,60,No
61,F99yo5w7xAomdipXeSecz1ykrQHcZyHjgh69Qh1KFdE7,2025-08-09T12:06:00.000Z,2025-08-12T06:00:00.000+10:00,2025-08-12T15:00:00.000+10:00,0.00000855,0.00000800,0.935816,-6.42,1.0000,540,No
62,AhiEuwGafsTbu2oUkk1Tmbprg1wdUvWiUCLVvAwvBAGS,2025-08-09T14:28:23.000Z,2025-08-10T09:00:00.000+10:00,2025-08-10T10:00:00.000+10:00,0.00077434,0.00100179,1.293735,29.37,1.7243,60,Yes
63,DY3zvicBEMYek2XmnpmpMEzGhMGixzsAaQjaKJRQBAGS,2025-08-10T13:36:17.000Z,2025-08-13T20:00:00.000+10:00,2025-08-14T01:00:00.000+10:00,0.00004571,0.00003621,0.792015,-20.80,1.0000,300,No
64,EBjpEFZAsJzN33RpKGCGr7bpsSCJSqpkA1VQqnj1pump,2025-08-10T22:15:02.000Z,2025-08-16T13:00:00.000+10:00,2025-08-16T15:00:00.000+10:00,0.00000638,0.00000637,0.997685,-0.23,1.0000,120,No
65,Fmmtw8PgDLBkxnMdukJTi8k5QQbr4Ux8PEiJrPw2nFZJ,2025-08-10T23:57:19.000Z,2025-08-13T10:00:00.000+10:00,2025-08-13T12:00:00.000+10:00,0.00002938,0.00003426,1.166029,16.60,1.0000,120,Yes
66,XbKWBmYo8GTRmLjf4qNCvLNZeDFKzVLvkEawVrypump,2025-08-11T07:38:55.000Z,2025-08-12T15:00:00.000+10:00,2025-08-12T17:00:00.000+10:00,0.00002536,0.00002009,0.792015,-20.80,1.0000,120,No
67,AYdYfG4zSSTKN6dHqaB7fXXZWwh8QwHzejTtaLi3pump,2025-08-11T16:55:30.000Z,2025-08-12T22:00:00.000+10:00,2025-08-13T01:00:00.000+10:00,0.00006422,0.00006298,0.980721,-1.93,1.2976,180,No
68,13brVmLV1DkUHzL1K9NevD6EfXeC5wvZPMAszFENpump,2025-08-11T23:16:19.000Z,2025-08-13T08:00:00.000+10:00,2025-08-13T10:00:00.000+10:00,0.00000401,0.00000395,0.985134,-1.49,1.0000,120,No
69,83Drf2NuUfN899TxuCzQpf21VHEgpSizEVGZdPchcRP9,2025-08-12T04:15:38.000Z,2025-08-13T05:00:00.000+10:00,2025-08-13T06:00:00.000+10:00,0.00000648,0.00000696,1.074880,7.49,1.0614,60,Yes
70,EtKq5MVm8vFFVAYHX9Y7rYMQu2aWfXDxt7eEnZDjpBvm,2025-08-12T14:03:53.000Z,2025-08-13T16:00:00.000+10:00,2025-08-13T18:00:00.000+10:00,0.00064762,0.00065805,1.016116,1.61,1.0546,120,Yes
71,Boun7CYwd668AbxSQDNTijzEmweY91cW6DKuwAbJBAGS,2025-08-12T14:42:51.000Z,2025-08-13T07:55:00.000+10:00,2025-08-13T09:00:00.000+10:00,0.00015097,0.00013961,0.924732,-7.53,1.3571,65,No
72,HfinDxme8FDh66WMkd2GTGz4Eh1Wf2gBGTGZ62x3pump,2025-08-12T15:17:10.000Z,2025-08-13T22:00:00.000+10:00,2025-08-14T00:00:00.000+10:00,0.00002097,0.00001661,0.792015,-20.80,1.0000,120,No
73,Gr3QaZG25FoLyPcKgTMXZKgQnoJvVzxvcGkHmoZf2LRE,2025-08-13T16:44:39.000Z,2025-08-15T03:00:00.000+10:00,2025-08-15T05:00:00.000+10:00,0.00000871,0.00000833,0.956414,-4.36,1.0000,120,No
74,6yMfYLz3F2n4SzbZFMaB4ra2BhxqjNq7bwG5XNKNATNn,2025-08-14T02:27:35.000Z,2025-08-18T02:00:00.000+10:00,2025-08-18T09:00:00.000+10:00,0.00000951,0.00000776,0.815255,-18.47,1.0000,420,No
75,GxsHBeXtCBuseqKVL5q4km5aRHgRdidpeTnn3dUmAHc1,2025-08-14T19:31:30.000Z,2025-08-17T23:00:00.000+10:00,2025-08-18T01:00:00.000+10:00,0.00000655,0.00000877,1.339270,33.93,1.0000,120,Yes
76,7ZRH7HkfLFEjhQcZVgST9B1zJj3MQVCo4A1Uy7bXpump,2025-08-14T19:33:55.000Z,2025-08-16T12:00:00.000+10:00,2025-08-16T13:00:00.000+10:00,0.00000527,0.00000516,0.979891,-2.01,1.1102,60,No
77,G1DXVVmqJs8Ei79QbK41dpgk2WtXSGqLtx9of7o8BAGS,2025-08-14T22:10:53.000Z,2025-08-15T17:00:00.000+10:00,2025-08-15T18:00:00.000+10:00,0.00053938,0.00050152,0.929806,-7.02,1.2870,60,No
78,fnrSitJucNJYkQmxcFNvMBWjDmucySkKQC9bS69pump,2025-08-15T13:16:38.000Z,2025-08-16T13:00:00.000+10:00,2025-08-16T23:00:00.000+10:00,0.00000746,0.00000768,1.030582,3.06,1.0919,600,Yes
79,DXPBK2xiFAQtPn3gJw5vdTorUA3th72GqPhC7wAepump,2025-08-15T17:28:45.000Z,2025-08-16T13:00:00.000+10:00,2025-08-16T14:00:00.000+10:00,0.00001198,0.00001308,1.091802,9.18,1.0997,60,Yes
80,7vvLRMwm5mnGfNUGzsaiJsfG84msxf3JotU8xJrEpump,2025-08-15T18:37:09.000Z,2025-08-16T15:00:00.000+10:00,2025-08-16T16:00:00.000+10:00,0.00030871,0.00038201,1.237438,23.74,1.2508,60,Yes
81,GmM459uWGUE96TiNotBLX3LFWUzUh83Pf4ijQQ7Epump,2025-08-16T06:59:24.000Z,2025-08-17T08:00:00.000+10:00,2025-08-17T09:00:00.000+10:00,0.00001000,0.00001024,1.023773,2.38,1.2428,60,Yes
82,4FjsoVGxG9UYxT6JnxZCbfoXKuBskhg3pJM9ux4spump,2025-08-16T07:12:41.000Z,2025-08-17T05:00:00.000+10:00,2025-08-17T12:00:00.000+10:00,0.00000558,0.00000547,0.980198,-1.98,1.0000,420,No
83,G3C8bR1ogqcV9vqwv8iBjKPoZ5tsKaW6JJEeWFpgpump,2025-08-16T08:28:03.000Z,2025-08-17T05:00:00.000+10:00,2025-08-17T06:00:00.000+10:00,0.00027838,0.00028658,1.029476,2.95,1.4851,60,Yes
84,FJv6JHhiQmVPpauia3VLxNBTNBL3S2uKtDB8u6X1SpUq,2025-08-16T08:43:22.000Z,2025-08-17T04:00:00.000+10:00,2025-08-17T05:00:00.000+10:00,0.00023760,0.00023830,1.002926,0.29,1.3254,60,Yes
85,98grnXKE6oaymTBUnhkurXzXUYfFbkzzzVwEzFxSpump,2025-08-16T12:07:42.000Z,2025-08-18T02:00:00.000+10:00,2025-08-18T04:00:00.000+10:00,0.00000601,0.00000588,0.978037,-2.20,1.0000,120,No
86,CGdaM7nVe8nbhGoUwuYhYJenYEqg1PM3Nn4oX52Zpump,2025-08-16T22:56:49.000Z,2025-08-20T18:00:00.000+10:00,2025-08-20T20:00:00.000+10:00,0.00005171,0.00004095,0.792015,-20.80,1.1117,120,No
87,A7CBQGYvZ3JhBCrHEhVkSBpyyooCygw91tZbcV2gpump,2025-08-17T01:15:59.000Z,2025-08-17T18:00:00.000+10:00,2025-08-17T19:00:00.000+10:00,0.00057137,0.00048304,0.845411,-15.46,1.1662,60,No
88,EG6WeiR2DymUVVjNHEU4MEJXmWnzXJhk3JerRy4gpump,2025-08-18T11:46:15.000Z,2025-08-19T06:00:00.000+10:00,2025-08-19T07:00:00.000+10:00,0.00175331,0.00170927,0.974883,-2.51,1.2527,60,No
89,HhJ5gsWi1nvDFza5MNxNvjjx6bsx1mPUdRvpMCtzL777,2025-08-19T14:18:41.000Z,2025-08-20T17:00:00.000+10:00,2025-08-20T19:00:00.000+10:00,0.00003434,0.00008421,2.452416,145.24,6.2420,120,Yes
90,4raipeHt1RgCHay17Go697RQcpiC25XSqBzP9seNpump,2025-08-20T09:24:12.000Z,2025-08-21T08:00:00.000+10:00,2025-08-21T15:00:00.000+10:00,0.00000561,0.00000547,0.975282,-2.47,1.0000,420,No
91,5exX2YZUgHBGAAP4LT5Lj4v7XvcvGGFYQpcGxG5PBAGS,2025-08-20T12:56:36.000Z,2025-08-22T18:00:00.000+10:00,2025-08-22T20:00:00.000+10:00,0.00003267,0.00003356,1.027065,2.71,1.0870,120,Yes
92,F8nWrsDrgk2sANrHjmryGf98gBkLoyAumATc3HLVoH1D,2025-08-20T13:45:46.000Z,2025-08-22T15:00:00.000+10:00,2025-08-22T17:00:00.000+10:00,0.00000471,0.00000463,0.983262,-1.67,1.0000,120,No
93,EwEJ5R1im54MowvsGwYUkyfWRMV1qcRL21PumVd4pump,2025-08-21T00:50:46.000Z,2025-08-21T21:00:00.000+10:00,2025-08-21T23:00:00.000+10:00,0.00001110,0.00001089,0.981312,-1.87,1.0000,120,No
94,139MhRAbVZP2b5gSrrhsJuyar36EU5YbAv61n6NHcook,2025-08-21T06:30:58.000Z,2025-08-23T08:00:00.000+10:00,2025-08-23T10:00:00.000+10:00,0.00000564,0.00000552,0.980198,-1.98,1.0000,120,No
95,2gZcjozCdghULQXFoR6rUBbid7C3FfH4ofNMaKYmk777,2025-08-21T11:24:17.000Z,2025-08-22T19:00:00.000+10:00,2025-08-22T21:00:00.000+10:00,0.00013603,0.00012234,0.899353,-10.06,1.4033,120,No
96,265hjz8cttBqrdqbkdPoERbxBrajAXfetdXZcCJdpump,2025-08-21T20:06:43.000Z,2025-08-22T19:00:00.000+10:00,2025-08-22T20:00:00.000+10:00,0.00001915,0.00001766,0.922417,-7.76,1.0000,60,No
97,5b6APSxi45LoARCaPKDeE7z6DCG3cBrCtcKMq4kMpump,2025-08-22T08:53:33.000Z,2025-08-23T16:00:00.000+10:00,2025-08-23T17:00:00.000+10:00,0.00001073,0.00001441,1.343016,34.30,1.5258,60,Yes
98,BnszRWbs9LxSzsCUUS57HMTNNtyDHFsnmZ1mVhAYdaos,2025-08-24T11:13:46.000Z,2025-08-25T11:00:00.000+10:00,2025-08-25T12:00:00.000+10:00,0.01564971,0.01440978,0.920770,-7.92,1.1413,60,No
99,314maDmQEb16rn1YdUMNoPBYWK43sy2B6vdv9bhepump,2025-08-24T15:03:30.000Z,2025-08-26T18:00:00.000+10:00,2025-08-27T01:00:00.000+10:00,0.00000520,0.00000510,0.980791,-1.92,1.0000,420,No
100,54zCo58WndTqFqiN7fB47LdRU8fdyC1aPLJE2utWpump,2025-08-24T18:33:45.000Z,2025-08-28T00:00:00.000+10:00,2025-08-28T05:00:00.000+10:00,0.00001095,0.00001353,1.235829,23.58,1.6302,300,Yes
101,ATfVVL4r1P6kDjzuoTwPbSccW4kstRb9qHUU6W72rFRm,2025-08-25T17:12:44.000Z,2025-08-26T18:00:00.000+10:00,2025-08-26T19:00:00.000+10:00,0.00001203,0.00001131,0.940156,-5.98,1.0000,60,No
102,GAJAfL8QKhvasFJwhBZEbS46ydauenL6tHX3BGvZtnf5,2025-08-26T01:12:20.000Z,2025-08-27T04:00:00.000+10:00,2025-08-27T09:00:00.000+10:00,0.00000387,0.00000381,0.986150,-1.38,1.0094,300,No
103,ErRfNVFQn182QcfjtU7zpQgWjFxCsAvuada6emNspump,2025-08-26T12:42:13.000Z,2025-08-29T00:00:00.000+10:00,2025-08-29T05:00:00.000+10:00,0.00000521,0.00000504,0.966793,-3.32,1.0000,300,No
104,9qDB8H9AFjk1G7ED5rGfK5HfRaD1ePZqZB4KMphipump,2025-08-26T17:49:17.000Z,2025-08-27T19:00:00.000+10:00,2025-08-27T20:00:00.000+10:00,0.00003833,0.00003036,0.792015,-20.80,1.1119,60,No
105,8SgTUjbBrrZXMMN4mxzkaew4mjCjqwfPEGRqGkomgLrQ,2025-08-27T11:07:51.000Z,2025-08-31T11:00:00.000+10:00,2025-08-31T17:00:00.000+10:00,0.00000649,0.00000636,0.980198,-1.98,1.0000,360,No
106,HT8pK8kzwvCu3SAc9cbxK3BvrTL79yZmwKcvCg5spump,2025-08-28T13:22:52.000Z,2025-08-29T15:00:00.000+10:00,2025-08-29T16:00:00.000+10:00,0.00000716,0.00000697,0.972650,-2.74,1.0000,60,No
107,G6kwGRzsNBMPoPypeAoMdM7j7TjaaJgs61tYkAmtbonk,2025-08-29T18:41:19.000Z,2025-08-30T15:00:00.000+10:00,2025-08-30T17:00:00.000+10:00,0.00001269,0.00001991,1.568642,56.86,1.4751,120,Yes
108,5ScfchcMYjFDGa2fwNZ1Z8wd5wuK15YYRPf2RBoMpump,2025-08-29T21:04:17.000Z,2025-09-02T15:00:00.000+10:00,2025-09-02T18:00:00.000+10:00,0.00014003,0.00013298,0.949656,-5.03,1.0706,180,No
109,2dHg5x2tY2MHrH512TEdsD3tB7yr52EaLQF9xLoPpump,2025-08-30T00:35:47.000Z,2025-09-02T13:00:00.000+10:00,2025-09-02T23:00:00.000+10:00,0.00000604,0.00000589,0.974037,-2.60,1.0000,600,No
110,zEaBGmr3WA6WqVqGXL7gqazqcsQV8xvAVvDmCYopump,2025-08-30T13:02:15.000Z,2025-09-02T20:00:00.000+10:00,2025-09-02T22:00:00.000+10:00,0.00000643,0.00000633,0.984006,-1.60,1.0000,120,No
111,eS4Kpm4HkAnzmxHdwTiZnWXnot38LEMQuENTqbEpump,2025-08-30T18:56:10.000Z,2025-08-31T15:00:00.000+10:00,2025-08-31T16:00:00.000+10:00,0.00001029,0.00000869,0.844975,-15.50,1.0000,60,No
112,5s1aWCDHMG3kNQ3GupHdC7PHNVk9Xuv9wNBYafp7pump,2025-08-31T02:50:16.000Z,2025-09-04T17:00:00.000+10:00,2025-09-04T22:00:00.000+10:00,0.00000601,0.00000589,0.980198,-1.98,1.0000,300,No
113,4daoTLufDmV3ods48Zh8rymaZKBLtgEvuH9qALYLbonk,2025-09-01T12:24:23.000Z,2025-09-04T12:00:00.000+10:00,2025-09-04T14:00:00.000+10:00,0.00160244,0.00152056,0.948905,-5.11,1.0000,120,No
114,HMcQvSj8hEqdkbyPbEUmiU6mnu5k2Ki5y5J65ebpump,2025-09-02T11:49:55.000Z,2025-09-03T08:00:00.000+10:00,2025-09-03T09:00:00.000+10:00,0.00002137,0.00003441,1.609752,60.98,2.6773,60,Yes
115,FwnQ5RU5ZULg2m1QzMA5cE8g3PzuGJ8uET9CPXedbonk,2025-09-03T00:04:58.000Z,2025-09-05T03:00:00.000+10:00,2025-09-05T05:00:00.000+10:00,0.00002280,0.00002146,0.941404,-5.86,1.0839,120,No
116,FwZxfG6WHcAAJD5ShYZZQNQCNgtrw2oniQhoDXR5pump,2025-09-03T06:52:36.000Z,2025-09-04T16:00:00.000+10:00,2025-09-04T20:00:00.000+10:00,0.00118844,0.00120562,1.014453,1.45,1.2602,240,Yes
117,8TdjqFtj46otni95rN6UsCWjYa5YJAKTt3QVe778pump,2025-09-03T09:46:42.000Z,2025-09-04T18:00:00.000+10:00,2025-09-04T20:00:00.000+10:00,0.00001525,0.00001537,1.008053,0.81,1.1561,120,Yes
118,HGwdb6RQsMTqXpjBiy5BEAXHcpanmJr3c1Dj84r5pump,2025-09-03T09:47:05.000Z,2025-09-04T03:00:00.000+10:00,2025-09-04T05:00:00.000+10:00,0.00043258,0.00039160,0.905275,-9.47,1.3124,120,No
119,uur6otqQU6TmqwvTVZeJdri21CchzcM8hKSk55npump,2025-09-03T12:38:06.000Z,2025-09-04T13:00:00.000+10:00,2025-09-04T14:00:00.000+10:00,0.00002387,0.00003232,1.354099,35.41,1.8605,60,Yes
120,Chp53HVmU6odzDR8PYGPTDcf4CHGAf94EqMfV7dmpump,2025-09-03T14:02:51.000Z,2025-09-06T13:00:00.000+10:00,2025-09-06T15:00:00.000+10:00,0.00000814,0.00000806,0.990213,-0.98,1.0000,120,No
121,BavfvxRdmGgw7U7bnoHmCcQGtQeMQBvAjQMeHbd3pump,2025-09-03T14:04:13.000Z,2025-09-04T16:00:00.000+10:00,2025-09-04T18:00:00.000+10:00,0.00000507,0.00000497,0.980198,-1.98,1.0000,120,No
122,9chL6hYzFk39tG8P4tmuCBUXKC3F7PziUmbVrUsnpump,2025-09-03T21:01:20.000Z,2025-09-06T05:00:00.000+10:00,2025-09-06T06:00:00.000+10:00,0.00000466,0.00000451,0.968510,-3.15,1.0797,60,No
123,BdnT54ZRAjds8TXhP24Phi1g6jwjkjJqfSudWTTfpump,2025-09-04T00:00:14.000Z,2025-09-05T16:00:00.000+10:00,2025-09-06T10:00:00.000+10:00,0.00000827,0.00000953,1.151758,15.18,1.2566,1080,Yes
124,6cVVihZj83avLo2KAVZxPwZugaUGGJsYcToFu9iQpump,2025-09-04T13:16:41.000Z,2025-09-07T13:00:00.000+10:00,2025-09-07T14:00:00.000+10:00,0.00000464,0.00000451,0.972750,-2.73,1.0000,60,No
125,5XW1SaAZyBrptY6Bi5BvjUg699mRkNXc8yR18Zaapump,2025-09-05T10:00:37.000Z,2025-09-06T07:00:00.000+10:00,2025-09-06T09:00:00.000+10:00,0.00009420,0.00008547,0.907310,-9.27,1.0000,120,No
126,8ZVFtcC2Ma5VEXzzNEJ8VQE3LKbmyW2sxU4tnfAbpump,2025-09-06T11:49:22.000Z,2025-09-07T18:00:00.000+10:00,2025-09-07T19:00:00.000+10:00,0.00000577,0.00000765,1.325058,32.51,1.2859,60,Yes
127,5DYeeW5mvDPbNBt2qPM1dqUT1YDrBZsEaFxzMq28pump,2025-09-06T14:00:54.000Z,2025-09-07T11:00:00.000+10:00,2025-09-07T13:00:00.000+10:00,0.00003702,0.00004315,1.165491,16.55,1.3177,120,Yes
128,BuQtVLGBUX8QNrCTVTsDjHuusYGJhFhFetAYZcHHpump,2025-09-06T23:29:16.000Z,2025-09-08T03:00:00.000+10:00,2025-09-08T14:00:00.000+10:00,0.00000951,0.00001347,1.416083,41.61,1.5303,660,Yes
129,Cph1zxsCUz18v6aa2hiUYwfVkSV7BSFHmCaJLqQspump,2025-09-07T00:40:49.000Z,2025-09-07T20:00:00.000+10:00,2025-09-07T22:00:00.000+10:00,0.00136987,0.00125422,0.915576,-8.44,1.0648,120,No
130,0xA524B11473b7Ce7EB1dc883A585e64471A734444,2025-09-07T15:30:11.000Z,2025-09-08T09:00:00.000+10:00,2025-09-08T10:00:00.000+10:00,0.00252275,0.00208864,0.827923,-17.21,1.0890,60,No
131,8vNhMFNTxwq4mLsqLYU5PM8nF63Gwt8chd8hdfg53ots,2025-09-07T16:14:42.000Z,2025-09-08T18:00:00.000+10:00,2025-09-08T20:00:00.000+10:00,0.00000786,0.00000725,0.922099,-7.79,1.0156,120,No
132,9iGZQZ2d4Xbhif8ZrjxCJvqf42Uki7avmoao3uaeKJMg,2025-09-09T02:24:15.000Z,2025-09-10T20:00:00.000+10:00,2025-09-11T02:00:00.000+10:00,0.00000463,0.00000458,0.989194,-1.08,1.0083,360,No
133,9REyzkNmHEgvPCFh54RgynvnE7VZWscTkWba5Stfpump,2025-09-09T03:20:10.000Z,2025-09-11T01:00:00.000+10:00,2025-09-11T12:00:00.000+10:00,0.00000547,0.00000534,0.975871,-2.41,1.0027,660,No
134,HfVnabiJCByE8ko6DWZvKKLUKMVRVs2chTKUeyEqpump,2025-09-09T08:23:24.000Z,2025-09-10T03:00:00.000+10:00,2025-09-10T04:00:00.000+10:00,0.00019486,0.00023596,1.210881,21.09,1.5558,60,Yes
135,vGkx5sjF4EWWwrhQdCHVnrCr1tz4U41Cgb2gidPpump,2025-09-09T08:42:39.000Z,2025-09-10T08:00:00.000+10:00,2025-09-10T11:00:00.000+10:00,0.00000611,0.00000599,0.980198,-1.98,1.0000,180,No
136,31CpU1HiteSbAvUZbWn4bxgf15k2WCXw67o8nphkpump,2025-09-10T19:13:15.000Z,2025-09-11T14:00:00.000+10:00,2025-09-11T15:00:00.000+10:00,0.00029067,0.00032453,1.116487,11.65,1.0000,60,Yes
137,DQJ32MFHKj7Y7f4YpRJYpheiFGmS1fiGaLZj9KGZpump,2025-09-10T19:16:53.000Z,2025-09-11T21:00:00.000+10:00,2025-09-11T23:00:00.000+10:00,0.00002700,0.00003350,1.240730,24.07,1.0085,120,Yes
138,6HFnmGqFqLN3c54ZwgQ43FmE5PpPVD1vR1K5Fhg7pump,2025-09-11T09:16:31.000Z,2025-09-13T12:00:00.000+10:00,2025-09-13T15:00:00.000+10:00,0.00001058,0.00001082,1.022291,2.23,1.2046,180,Yes
139,8BVgid3GzQGgyoeTs8QZmwMWGbdqfm9EAVRQFueSpump,2025-09-11T12:58:47.000Z,2025-09-12T10:00:00.000+10:00,2025-09-12T17:00:00.000+10:00,0.00001859,0.00001472,0.792015,-20.80,1.0645,420,No
140,By6gwWneQu5YXnX7nXyQA3wVg3U42Xfg54ufX1DCpump,2025-09-11T18:56:13.000Z,2025-09-17T01:00:00.000+10:00,2025-09-17T03:00:00.000+10:00,0.00000548,0.00000594,1.083104,8.31,1.0000,120,Yes
141,k3LobZc5BiZGYykxquAUGM8covay2ZFG5U3jZpZpump,2025-09-11T21:29:12.000Z,2025-09-12T19:00:00.000+10:00,2025-09-12T23:00:00.000+10:00,0.00027695,0.00035404,1.278336,27.83,1.6037,240,Yes
142,Aj9UZQTevreQfzm9VCQuqzjkUG7qeCov5xYjVY2kpump,2025-09-12T02:28:13.000Z,2025-09-13T10:00:00.000+10:00,2025-09-13T12:00:00.000+10:00,0.00011627,0.00011697,1.006039,0.60,1.0434,120,Yes
143,2oFymDJhPxzjPwLk4RBMpjosVoxaLFM8oj1K8rpepump,2025-09-12T07:21:27.000Z,2025-09-13T04:00:00.000+10:00,2025-09-13T05:00:00.000+10:00,0.00075413,0.00093943,1.245711,24.57,1.3047,60,Yes
144,2YMTGyWoGGPpaHt81QFTpfkom99hbT1yPHbAZs6ppump,2025-09-13T06:41:46.000Z,2025-09-15T04:00:00.000+10:00,2025-09-15T07:00:00.000+10:00,0.00000619,0.00000600,0.969735,-3.03,1.0000,180,No
145,AnPFg1EGFGvoVoJdBvDKCZaq6uGvUUMEoBce1EFbpump,2025-09-13T11:58:39.000Z,2025-09-16T17:00:00.000+10:00,2025-09-16T21:00:00.000+10:00,0.00000657,0.00000634,0.965069,-3.49,1.0000,240,No
146,FfHh87LEFAd9BdrDE4dMwbUEjUV1GkJqVGExUkoMpump,2025-09-13T12:48:04.000Z,2025-09-14T05:45:00.000+10:00,2025-09-14T06:50:00.000+10:00,0.00009508,0.00011813,1.242385,24.24,1.0117,65,Yes
147,FGSAjUa9h3STFg1bnCTJM1qSUdxYmVg9iXPJMrtwhNqo,2025-09-13T20:14:06.000Z,2025-09-15T10:00:00.000+10:00,2025-09-15T11:00:00.000+10:00,0.00001239,0.00002353,1.898700,89.87,1.0637,60,Yes
148,HQDTzNa4nQVetoG6aCbSLX9kcH7tSv2j2sTV67Etpump,2025-09-13T23:15:01.000Z,2025-09-14T19:35:00.000+10:00,2025-09-14T20:40:00.000+10:00,0.00344147,0.00337491,0.980657,-1.93,1.0639,65,No
149,FabUKQ4QzkPZmBV6avdSVHXGQ5uQAbUJzoit7FPxpump,2025-09-13T23:15:11.000Z,2025-09-15T23:00:00.000+10:00,2025-09-16T03:00:00.000+10:00,0.00000697,0.00000683,0.980198,-1.98,1.0000,240,No
150,2wQMQKkPSq4uGedrP9eBABqEMMY2adWPZfbK59UVpump,2025-09-14T21:02:32.000Z,2025-09-15T14:00:00.000+10:00,2025-09-15T16:00:00.000+10:00,0.00003039,0.00002967,0.976334,-2.37,1.1222,120,No
151,AhP7ojZMRMMcmxwr6S1UubGWagFbDuU36tTj7ZYypump,2025-09-14T21:07:07.000Z,2025-09-15T16:00:00.000+10:00,2025-09-15T17:00:00.000+10:00,0.00021307,0.00021745,1.020527,2.05,1.2488,60,Yes
152,2mZTriANyJWibcjn1A5CMe9rjJq6ifSjXNqrB4Zjpump,2025-09-15T12:43:00.000Z,2025-09-16T07:00:00.000+10:00,2025-09-16T08:00:00.000+10:00,0.00000485,0.00000471,0.971274,-2.87,1.0000,60,No
153,Gtj3QCZgZNbqzpqQVKzpakgAbTEwPt6LdiLjWYNZpump,2025-09-15T16:38:19.000Z,2025-09-16T20:00:00.000+10:00,2025-09-16T21:00:00.000+10:00,0.00134141,0.00164283,1.224703,22.47,1.6234,60,Yes
154,G1LrXHhzkg8DL1qsh6qifvcpdYXpfiQCrTJrxjfz9oev,2025-09-17T15:52:35.000Z,2025-09-19T04:00:00.000+10:00,2025-09-19T09:00:00.000+10:00,0.00000537,0.00000518,0.965567,-3.44,1.0000,300,No
155,BVR5FbQk89KmfUM4W2eQdccjpXF29ZWTMuwPioEVpump,2025-09-17T19:05:36.000Z,2025-09-19T03:00:00.000+10:00,2025-09-19T04:00:00.000+10:00,0.00000547,0.00000534,0.976759,-2.32,1.0000,60,No
156,AwMgv6xdT9muCzjavM2BicBVYX5j3oXHajtX2aJCpump,2025-09-17T20:54:01.000Z,2025-09-18T13:00:00.000+10:00,2025-09-18T14:00:00.000+10:00,0.00021125,0.00018187,0.860911,-13.91,1.1899,60,No
157,46VscZKg246cRqW7WTdfyDKH6yBVaPVWMn2erLMCuBLV,2025-09-17T21:20:27.000Z,2025-09-19T15:00:00.000+10:00,2025-09-19T17:00:00.000+10:00,0.00002193,0.00002150,0.980198,-1.98,1.0000,120,No
158,ARyMXvnjPEUZcdqCfr5Qb9tk6jZwh9YvNTQt2CAcpump,2025-09-19T08:46:17.000Z,2025-09-20T02:00:00.000+10:00,2025-09-20T03:00:00.000+10:00,0.00019860,0.00025846,1.301460,30.15,1.5521,60,Yes
159,HPEN3oNk9X7AVkqyc5tK9LdxKs9qgZZLt24Wyo2jpump,2025-09-19T18:07:44.000Z,2025-09-20T20:00:00.000+10:00,2025-09-20T21:00:00.000+10:00,0.00000977,0.00000933,0.955746,-4.43,1.0000,60,No
160,0xb963fac7d013324460d8e8d547c7fd8431386925,2025-09-20T14:21:25.000Z,2025-09-23T06:00:00.000+10:00,2025-09-23T08:00:00.000+10:00,0.00000000,0.00000000,0.817321,-18.27,1.1296,120,No
161,2yNvFD47HRJBrxk21bLbaaN2MYnezTuD1X6WgaN7pump,2025-09-23T14:18:00.000Z,2025-09-24T19:00:00.000+10:00,2025-09-24T20:00:00.000+10:00,0.00002085,0.00001735,0.832020,-16.80,1.1058,60,No
162,0x9A6BC5A1e98F4dD267711133A9095f17e8ad273b,2025-09-23T19:11:12.000Z,2025-09-24T12:00:00.000+10:00,2025-09-24T13:00:00.000+10:00,0.03987063,0.03302115,0.828207,-17.18,1.0106,60,No
163,0xb20c3c3f44b2af0ee93ab5ebddb32acca0fe04a2,2025-09-24T12:09:21.000Z,2025-09-26T08:00:00.000+10:00,2025-09-26T10:00:00.000+10:00,0.16105600,0.15831079,0.982955,-1.70,1.4842,120,No
164,BkVhSD77bUoYN2arYYCnzaBPkxFVbg4KsQYmHjKgpump,2025-09-25T00:28:12.000Z,2025-09-26T08:00:00.000+10:00,2025-09-26T09:00:00.000+10:00,0.00001165,0.00001114,0.956275,-4.37,1.4418,60,No
165,Gtas1jTXjD4EpYqDFKk7cEaArFSdaUXKu6bGhbSvpump,2025-09-27T08:59:30.000Z,2025-09-28T10:00:00.000+10:00,2025-09-28T11:00:00.000+10:00,0.00007192,0.00006554,0.911210,-8.88,1.1554,60,No
166,0x590d543d9353dc75637a58b8c008fcecf5344444,2025-09-28T23:01:54.000Z,2025-09-30T02:00:00.000+10:00,2025-09-30T03:00:00.000+10:00,0.00001315,0.00001224,0.931080,-6.89,1.0000,60,No
167,4E5gVEbkZTwGBbipC1AEqiXkFZSarckthAi5EbPepump,2025-09-30T14:30:38.000Z,2025-10-01T12:00:00.000+10:00,2025-10-01T13:00:00.000+10:00,0.00006295,0.00004986,0.792015,-20.80,1.0265,60,No
168,0x73b84f7e3901f39fc29f3704a03126d317ab4444,2025-10-03T00:56:52.000Z,2025-10-03T23:00:00.000+10:00,2025-10-04T01:00:00.000+10:00,0.00647758,0.00615144,0.949651,-5.03,1.2957,120,No
169,0x9186d2c673894c5e3c4f3fe02e4ae4eadc1181ce,2025-10-06T13:38:54.000Z,2025-10-07T13:00:00.000+11:00,2025-10-07T14:00:00.000+11:00,0.79055986,0.78530838,0.993357,-0.66,1.0683,60,No
170,0xB741BF4f2EEeab6b042213552f1b9742f05344A3,2025-10-07T12:45:44.000Z,2025-10-08T11:00:00.000+11:00,2025-10-08T13:00:00.000+11:00,0.00002093,0.00001866,0.891430,-10.86,1.0000,120,No
171,0x658f9461282ab3e9785c743acf6d48c3ce714444,2025-10-08T19:04:45.000Z,2025-10-13T03:00:00.000+11:00,2025-10-13T21:00:00.000+11:00,0.00000491,0.00000482,0.980198,-1.98,1.0000,1080,No
172,3yqZuWiddzCRpHnT5C6biczyjNH8E8SiqVJiJZE3pump,2025-10-08T20:03:37.000Z,2025-10-09T22:00:00.000+11:00,2025-10-09T23:00:00.000+11:00,0.00004127,0.00005377,1.303074,30.31,1.1050,60,Yes
173,0x918a8618072dfdc96e0aede343321966a4404444,2025-10-10T12:25:13.000Z,2025-10-13T04:00:00.000+11:00,2025-10-14T05:00:00.000+11:00,0.00000679,0.00000645,0.950561,-4.94,1.0070,1500,No
174,0x9798DA338fe83caF52D7533b48B8aeD0913C4444,2025-10-13T17:42:56.000Z,2025-10-15T12:00:00.000+11:00,2025-10-15T13:00:00.000+11:00,0.00041721,0.00043432,1.041009,4.10,1.0991,60,Yes
175,DTmPoqGYD7nReNSUUAGhZGXUocje9SsxwxDQSCU2EBMb,2025-10-14T18:01:40.000Z,2025-10-15T20:00:00.000+11:00,2025-10-15T21:00:00.000+11:00,0.00001887,0.00002573,1.363507,36.35,1.1427,60,Yes
176,Cm2XEvvh9qD9VNzLmdS8oo1MN88da3gpjzYM6crdpump,2025-10-16T18:44:45.000Z,2025-10-17T20:00:00.000+11:00,2025-10-17T22:00:00.000+11:00,0.00002096,0.00002335,1.114179,11.42,1.1226,120,Yes
177,8v8cZuz7d74Ei5Ued1nuNvKtVPAfKCpXUqvQ8h8epump,2025-10-17T19:30:09.000Z,2025-10-18T14:00:00.000+11:00,2025-10-18T15:00:00.000+11:00,0.00000847,0.00000833,0.983995,-1.60,1.0226,60,No
178,0x974269a39b1b5d60da44cf965ebbc5cb2d794444,2025-10-23T13:48:16.000Z,2025-10-24T23:00:00.000+11:00,2025-10-25T01:00:00.000+11:00,0.00001048,0.00001004,0.957868,-4.21,1.0000,120,No
179,kNesN31SJqvyryfoUdUiwmPiPMwjB8ssarREpw1pump,2025-10-24T02:27:15.000Z,2025-10-25T17:00:00.000+11:00,2025-10-25T18:00:00.000+11:00,0.00000407,0.00000396,0.971937,-2.81,1.0000,60,No
180,0x23b35C7f686CAC8297eA6e81A467286481cA4444,2025-10-24T12:15:49.000Z,2025-10-25T13:00:00.000+11:00,2025-10-25T15:00:00.000+11:00,0.00094876,0.00092602,0.976031,-2.40,1.0287,120,No
181,2kQXaTMyf6tojju9bx5Hq24ahdAHBu1E9dkfkxSfpump,2025-10-25T20:24:09.000Z,2025-10-26T20:00:00.000+11:00,2025-10-26T21:00:00.000+11:00,0.00032495,0.00025736,0.792015,-20.80,1.0227,60,No
182,0x74ba6142b659edd2521164fecc92ab733fc24444,2025-10-26T20:39:17.000Z,2025-10-27T14:00:00.000+11:00,2025-10-27T15:00:00.000+11:00,0.00415765,0.00391836,0.942447,-5.76,1.2523,60,No
183,3wPQhXYqy861Nhoc4bahtpf7G3e89XCLfZ67ptEfZUSA,2025-10-27T10:49:47.000Z,2025-10-28T04:00:00.000+11:00,2025-10-28T05:00:00.000+11:00,0.00911414,0.00848592,0.931072,-6.89,1.0485,60,No
184,C3CfYbNbkmSJpTfnbdT4PwZzCX7Jx2GAjwwK6c9Spump,2025-10-27T11:23:25.000Z,2025-10-28T09:00:00.000+11:00,2025-10-28T10:00:00.000+11:00,0.00000526,0.00000482,0.916829,-8.32,1.0000,60,No
185,0xfb3b385379dea099f58af0ad2b96d3b8f4384444,2025-10-27T12:06:50.000Z,2025-10-28T19:00:00.000+11:00,2025-10-28T20:00:00.000+11:00,0.00019005,0.00017416,0.916398,-8.36,1.4343,60,No
186,AUUu7yuTkwq46jLmZJQC9DbuAYWKvmwmpTUq6VLMpump,2025-10-28T01:08:20.000Z,2025-10-29T00:00:00.000+11:00,2025-10-29T09:00:00.000+11:00,0.00016125,0.00013538,0.839564,-16.04,1.0000,540,No
187,EPn6sKt9VCDTLCXUqKngqcnaHUbE1gqPS3Unc5aSpump,2025-10-30T14:04:59.000Z,2025-10-31T10:00:00.000+11:00,2025-10-31T11:00:00.000+11:00,0.00002449,0.00003913,1.597596,59.76,1.3605,60,Yes
188,HqVZaYJnEcmKQKRf4K5N8eEuBjkTgpRzVfF7AYBFpump,2025-11-02T13:37:52.000Z,2025-11-03T11:00:00.000+11:00,2025-11-03T13:00:00.000+11:00,0.00112888,0.00116561,1.032535,3.25,1.1197,120,Yes
189,53Ji575Xb4mS78gg99AU1QsbEGagd7o8MrqhURZpump,2025-11-02T15:06:04.000Z,2025-11-04T20:00:00.000+11:00,2025-11-04T22:00:00.000+11:00,0.00000405,0.00000386,0.952115,-4.79,1.0000,120,No
