{
  "run_id": "0d5824f30321",
  "config": {
    "date_from": "2025-05-01",
    "date_to": "2025-06-30",
    "n_trials": 3,
    "tp_range": [
      1.5,
      3.5
    ],
    "sl_range": [
      0.3,
      0.6
    ],
    "train_days": 14,
    "test_days": 7,
    "use_walk_forward": true,
    "n_folds": 1,
    "fold_step_days": 7,
    "interval_seconds": 60,
    "horizon_hours": 48,
    "fee_bps": 30.0,
    "slippage_bps": 50.0,
    "caller_group": null,
    "caller": null,
    "seed": null,
    "use_extended_exits": false,
    "use_tiered_sl": false,
    "use_delayed_entry": false,
    "use_robust_mode": false,
    "top_n_candidates": 30,
    "n_clusters": 3,
    "dd_gentle_threshold": 0.3,
    "dd_brutal_threshold": 0.6,
    "stress_slippage_mult": 2.0,
    "stress_stop_gap_prob": 0.15,
    "validate_champions": false,
    "stress_lanes_preset": "full",
    "resume_run_id": null,
    "run_id": null
  },
  "results": [
    {
      "trial_id": "75264bf1",
      "params": {
        "tp_mult": 2.93,
        "sl_mult": 0.58,
        "intrabar_order": "tp_first"
      },
      "summary": {
        "alerts_total": 311,
        "alerts_ok": 0,
        "alerts_missing": 311,
        "median_ath_mult": null,
        "median_time_to_2x_s": null,
        "median_time_to_4x_s": null,
        "median_dd_initial": null,
        "median_dd_overall": null,
        "median_dd_pre_1_2x": null,
        "median_dd_pre_1_5x": null,
        "median_dd_pre2x": null,
        "median_dd_band_1_2x_to_1_5x": null,
        "median_dd_band_1_5x_to_2x": null,
        "median_dd_after_2x": null,
        "median_dd_after_3x": null,
        "median_peak_pnl_pct": null,
        "median_ret_end": null,
        "pct_hit_1_2x": 0.0,
        "pct_hit_1_5x": 0.0,
        "pct_hit_2x": 0.0,
        "pct_hit_4x": 0.0,
        "dd_pre2x_median": null,
        "time_to_1_2x_median_min": null,
        "time_to_1_5x_median_min": null,
        "time_to_2x_median_min": null,
        "p75_ath": null,
        "p95_ath": null,
        "tp_sl_total_return_pct": 0.0,
        "tp_sl_avg_return_pct": 0.0,
        "tp_sl_win_rate": 0.0,
        "tp_sl_avg_win_pct": 0.0,
        "tp_sl_avg_loss_pct": 0.0,
        "tp_sl_profit_factor": 0.0,
        "tp_sl_expectancy_pct": 0.0,
        "risk_per_trade_pct": 2.0,
        "position_size_pct": 4.761904761904762,
        "risk_adj_total_return_pct": 0.0,
        "risk_adj_avg_return_pct": 0.0,
        "risk_adj_avg_win_pct": 0.0,
        "risk_adj_avg_loss_pct": 0.0,
        "total_r": 0.0,
        "avg_r": 0.0,
        "avg_r_win": 0.0,
        "avg_r_loss": 0.0,
        "r_profit_factor": 0.0,
        "median_time_underwater_pct": null,
        "p75_time_underwater_pct": null,
        "median_time_in_profit_pct": null,
        "median_stall_score": null,
        "pct_high_stall": 0.0,
        "median_time_in_band_1_0_1_2": null,
        "median_time_in_band_1_2_1_5": null,
        "median_time_in_band_1_5_2_0": null,
        "median_time_in_band_2_0_plus": null,
        "median_retention_1_2x_above_1_1x": null,
        "median_retention_1_5x_above_1_3x": null,
        "pct_floor_hold_after_1_2x": 0.0,
        "pct_floor_hold_after_1_5x": 0.0,
        "median_giveback_after_1_5x": null,
        "p75_giveback_after_1_5x": null,
        "median_giveback_after_2x": null,
        "p75_giveback_after_2x": null,
        "headfake_rate": 0.0,
        "median_headfake_depth": null,
        "p50_headfake_depth": null,
        "headfake_recovery_rate": null
      },
      "objective": {
        "avg_r": 0.0,
        "total_r": 0.0,
        "n_trades": 0,
        "dd_magnitude": 0.0,
        "dd_pre_1_2x": null,
        "dd_pre_1_5x": null,
        "dd_pre_2x": null,
        "time_to_2x_min": null,
        "time_to_1_2x_min": null,
        "time_to_1_5x_min": null,
        "hit2x_pct": 0.0,
        "hit_1_2x_pct": 0.0,
        "hit_1_5x_pct": 0.0,
        "median_ath": 1.0,
        "p75_ath": null,
        "p95_ath": null,
        "base_score": 0.0,
        "dd_penalty": 0.0,
        "dd_penalty_breakdown": null,
        "time_boost": 0.0,
        "time_boost_breakdown": null,
        "discipline_bonus": 0.0,
        "tail_bonus": 0.0,
        "retention_1_2x_above_1_1x": null,
        "retention_1_5x_above_1_3x": null,
        "pct_floor_hold_after_1_2x": null,
        "pct_floor_hold_after_1_5x": null,
        "median_giveback_after_1_5x": null,
        "median_giveback_after_2x": null,
        "median_time_underwater_pct": null,
        "median_stall_score": null,
        "headfake_rate": null,
        "median_headfake_depth": null,
        "retention_bonus": 0.0,
        "giveback_penalty": 0.0,
        "time_quality_penalty": 0.0,
        "headfake_penalty": 0.0,
        "confidence": 0.0,
        "raw_score": 0.0,
        "final_score": 0.0,
        "robust_score": -51.6548242086214,
        "n_folds": 1
      },
      "duration_s": 0.686,
      "alerts_ok": 0,
      "alerts_total": 311,
      "train_r": -36.77387130269779,
      "test_r": 0.0,
      "delta_r": 36.77387130269779,
      "ratio": -0.0,
      "pessimistic_r": -5.516080695404669,
      "median_dd_pre2x": 0.0,
      "p75_dd_pre2x": 0.0,
      "hit2x_pct": 0.0,
      "median_t2x_min": null,
      "passes_gates": false
    },
    {
      "trial_id": "79c2a573",
      "params": {
        "tp_mult": 1.78,
        "sl_mult": 0.35,
        "intrabar_order": "sl_first"
      },
      "summary": {
        "alerts_total": 311,
        "alerts_ok": 0,
        "alerts_missing": 311,
        "median_ath_mult": null,
        "median_time_to_2x_s": null,
        "median_time_to_4x_s": null,
        "median_dd_initial": null,
        "median_dd_overall": null,
        "median_dd_pre_1_2x": null,
        "median_dd_pre_1_5x": null,
        "median_dd_pre2x": null,
        "median_dd_band_1_2x_to_1_5x": null,
        "median_dd_band_1_5x_to_2x": null,
        "median_dd_after_2x": null,
        "median_dd_after_3x": null,
        "median_peak_pnl_pct": null,
        "median_ret_end": null,
        "pct_hit_1_2x": 0.0,
        "pct_hit_1_5x": 0.0,
        "pct_hit_2x": 0.0,
        "pct_hit_4x": 0.0,
        "dd_pre2x_median": null,
        "time_to_1_2x_median_min": null,
        "time_to_1_5x_median_min": null,
        "time_to_2x_median_min": null,
        "p75_ath": null,
        "p95_ath": null,
        "tp_sl_total_return_pct": 0.0,
        "tp_sl_avg_return_pct": 0.0,
        "tp_sl_win_rate": 0.0,
        "tp_sl_avg_win_pct": 0.0,
        "tp_sl_avg_loss_pct": 0.0,
        "tp_sl_profit_factor": 0.0,
        "tp_sl_expectancy_pct": 0.0,
        "risk_per_trade_pct": 2.0,
        "position_size_pct": 3.0769230769230766,
        "risk_adj_total_return_pct": 0.0,
        "risk_adj_avg_return_pct": 0.0,
        "risk_adj_avg_win_pct": 0.0,
        "risk_adj_avg_loss_pct": 0.0,
        "total_r": 0.0,
        "avg_r": 0.0,
        "avg_r_win": 0.0,
        "avg_r_loss": 0.0,
        "r_profit_factor": 0.0,
        "median_time_underwater_pct": null,
        "p75_time_underwater_pct": null,
        "median_time_in_profit_pct": null,
        "median_stall_score": null,
        "pct_high_stall": 0.0,
        "median_time_in_band_1_0_1_2": null,
        "median_time_in_band_1_2_1_5": null,
        "median_time_in_band_1_5_2_0": null,
        "median_time_in_band_2_0_plus": null,
        "median_retention_1_2x_above_1_1x": null,
        "median_retention_1_5x_above_1_3x": null,
        "pct_floor_hold_after_1_2x": 0.0,
        "pct_floor_hold_after_1_5x": 0.0,
        "median_giveback_after_1_5x": null,
        "p75_giveback_after_1_5x": null,
        "median_giveback_after_2x": null,
        "p75_giveback_after_2x": null,
        "headfake_rate": 0.0,
        "median_headfake_depth": null,
        "p50_headfake_depth": null,
        "headfake_recovery_rate": null
      },
      "objective": {
        "avg_r": 0.0,
        "total_r": 0.0,
        "n_trades": 0,
        "dd_magnitude": 0.0,
        "dd_pre_1_2x": null,
        "dd_pre_1_5x": null,
        "dd_pre_2x": null,
        "time_to_2x_min": null,
        "time_to_1_2x_min": null,
        "time_to_1_5x_min": null,
        "hit2x_pct": 0.0,
        "hit_1_2x_pct": 0.0,
        "hit_1_5x_pct": 0.0,
        "median_ath": 1.0,
        "p75_ath": null,
        "p95_ath": null,
        "base_score": 0.0,
        "dd_penalty": 0.0,
        "dd_penalty_breakdown": null,
        "time_boost": 0.0,
        "time_boost_breakdown": null,
        "discipline_bonus": 0.0,
        "tail_bonus": 0.0,
        "retention_1_2x_above_1_1x": null,
        "retention_1_5x_above_1_3x": null,
        "pct_floor_hold_after_1_2x": null,
        "pct_floor_hold_after_1_5x": null,
        "median_giveback_after_1_5x": null,
        "median_giveback_after_2x": null,
        "median_time_underwater_pct": null,
        "median_stall_score": null,
        "headfake_rate": null,
        "median_headfake_depth": null,
        "retention_bonus": 0.0,
        "giveback_penalty": 0.0,
        "time_quality_penalty": 0.0,
        "headfake_penalty": 0.0,
        "confidence": 0.0,
        "raw_score": 0.0,
        "final_score": 0.0,
        "robust_score": -50.987162156058844,
        "n_folds": 1
      },
      "duration_s": 0.572,
      "alerts_ok": 0,
      "alerts_total": 311,
      "train_r": -21.936936801307613,
      "test_r": 0.0,
      "delta_r": 21.936936801307613,
      "ratio": -0.0,
      "pessimistic_r": -3.2905405201961417,
      "median_dd_pre2x": 0.0,
      "p75_dd_pre2x": 0.0,
      "hit2x_pct": 0.0,
      "median_t2x_min": null,
      "passes_gates": false
    },
    {
      "trial_id": "dd587bc3",
      "params": {
        "tp_mult": 2.71,
        "sl_mult": 0.42,
        "intrabar_order": "tp_first"
      },
      "summary": {
        "alerts_total": 311,
        "alerts_ok": 0,
        "alerts_missing": 311,
        "median_ath_mult": null,
        "median_time_to_2x_s": null,
        "median_time_to_4x_s": null,
        "median_dd_initial": null,
        "median_dd_overall": null,
        "median_dd_pre_1_2x": null,
        "median_dd_pre_1_5x": null,
        "median_dd_pre2x": null,
        "median_dd_band_1_2x_to_1_5x": null,
        "median_dd_band_1_5x_to_2x": null,
        "median_dd_after_2x": null,
        "median_dd_after_3x": null,
        "median_peak_pnl_pct": null,
        "median_ret_end": null,
        "pct_hit_1_2x": 0.0,
        "pct_hit_1_5x": 0.0,
        "pct_hit_2x": 0.0,
        "pct_hit_4x": 0.0,
        "dd_pre2x_median": null,
        "time_to_1_2x_median_min": null,
        "time_to_1_5x_median_min": null,
        "time_to_2x_median_min": null,
        "p75_ath": null,
        "p95_ath": null,
        "tp_sl_total_return_pct": 0.0,
        "tp_sl_avg_return_pct": 0.0,
        "tp_sl_win_rate": 0.0,
        "tp_sl_avg_win_pct": 0.0,
        "tp_sl_avg_loss_pct": 0.0,
        "tp_sl_profit_factor": 0.0,
        "tp_sl_expectancy_pct": 0.0,
        "risk_per_trade_pct": 2.0,
        "position_size_pct": 3.4482758620689653,
        "risk_adj_total_return_pct": 0.0,
        "risk_adj_avg_return_pct": 0.0,
        "risk_adj_avg_win_pct": 0.0,
        "risk_adj_avg_loss_pct": 0.0,
        "total_r": 0.0,
        "avg_r": 0.0,
        "avg_r_win": 0.0,
        "avg_r_loss": 0.0,
        "r_profit_factor": 0.0,
        "median_time_underwater_pct": null,
        "p75_time_underwater_pct": null,
        "median_time_in_profit_pct": null,
        "median_stall_score": null,
        "pct_high_stall": 0.0,
        "median_time_in_band_1_0_1_2": null,
        "median_time_in_band_1_2_1_5": null,
        "median_time_in_band_1_5_2_0": null,
        "median_time_in_band_2_0_plus": null,
        "median_retention_1_2x_above_1_1x": null,
        "median_retention_1_5x_above_1_3x": null,
        "pct_floor_hold_after_1_2x": 0.0,
        "pct_floor_hold_after_1_5x": 0.0,
        "median_giveback_after_1_5x": null,
        "p75_giveback_after_1_5x": null,
        "median_giveback_after_2x": null,
        "p75_giveback_after_2x": null,
        "headfake_rate": 0.0,
        "median_headfake_depth": null,
        "p50_headfake_depth": null,
        "headfake_recovery_rate": null
      },
      "objective": {
        "avg_r": 0.0,
        "total_r": 0.0,
        "n_trades": 0,
        "dd_magnitude": 0.0,
        "dd_pre_1_2x": null,
        "dd_pre_1_5x": null,
        "dd_pre_2x": null,
        "time_to_2x_min": null,
        "time_to_1_2x_min": null,
        "time_to_1_5x_min": null,
        "hit2x_pct": 0.0,
        "hit_1_2x_pct": 0.0,
        "hit_1_5x_pct": 0.0,
        "median_ath": 1.0,
        "p75_ath": null,
        "p95_ath": null,
        "base_score": 0.0,
        "dd_penalty": 0.0,
        "dd_penalty_breakdown": null,
        "time_boost": 0.0,
        "time_boost_breakdown": null,
        "discipline_bonus": 0.0,
        "tail_bonus": 0.0,
        "retention_1_2x_above_1_1x": null,
        "retention_1_5x_above_1_3x": null,
        "pct_floor_hold_after_1_2x": null,
        "pct_floor_hold_after_1_5x": null,
        "median_giveback_after_1_5x": null,
        "median_giveback_after_2x": null,
        "median_time_underwater_pct": null,
        "median_stall_score": null,
        "headfake_rate": null,
        "median_headfake_depth": null,
        "retention_bonus": 0.0,
        "giveback_penalty": 0.0,
        "time_quality_penalty": 0.0,
        "headfake_penalty": 0.0,
        "confidence": 0.0,
        "raw_score": 0.0,
        "final_score": 0.0,
        "robust_score": -52.159007169046276,
        "n_folds": 1
      },
      "duration_s": 0.495,
      "alerts_ok": 0,
      "alerts_total": 311,
      "train_r": -47.97793708991718,
      "test_r": 0.0,
      "delta_r": 47.97793708991718,
      "ratio": -0.0,
      "pessimistic_r": -7.196690563487576,
      "median_dd_pre2x": 0.0,
      "p75_dd_pre2x": 0.0,
      "hit2x_pct": 0.0,
      "median_t2x_min": null,
      "passes_gates": false
    }
  ],
  "created_at": "2026-01-06T07:01:32.804029+00:00"
}