{
  "run_id": "e00afe9e646e",
  "config": {
    "date_from": "2025-05-01",
    "date_to": "2025-06-30",
    "n_trials": 3,
    "tp_range": [
      1.5,
      3.5
    ],
    "sl_range": [
      0.3,
      0.6
    ],
    "train_days": 14,
    "test_days": 7,
    "use_walk_forward": true,
    "n_folds": 1,
    "fold_step_days": 7,
    "interval_seconds": 60,
    "horizon_hours": 48,
    "fee_bps": 30.0,
    "slippage_bps": 50.0,
    "caller_group": null,
    "caller": null,
    "seed": null,
    "use_extended_exits": false,
    "use_tiered_sl": false,
    "use_delayed_entry": false,
    "use_robust_mode": false,
    "top_n_candidates": 30,
    "n_clusters": 3,
    "dd_gentle_threshold": 0.3,
    "dd_brutal_threshold": 0.6,
    "stress_slippage_mult": 2.0,
    "stress_stop_gap_prob": 0.15,
    "validate_champions": false,
    "stress_lanes_preset": "full",
    "resume_run_id": null,
    "run_id": null
  },
  "results": [
    {
      "trial_id": "50ce4cef",
      "params": {
        "tp_mult": 2.62,
        "sl_mult": 0.54,
        "intrabar_order": "tp_first"
      },
      "summary": {
        "alerts_total": 311,
        "alerts_ok": 0,
        "alerts_missing": 311,
        "median_ath_mult": null,
        "median_time_to_2x_s": null,
        "median_time_to_4x_s": null,
        "median_dd_initial": null,
        "median_dd_overall": null,
        "median_dd_pre_1_2x": null,
        "median_dd_pre_1_5x": null,
        "median_dd_pre2x": null,
        "median_dd_band_1_2x_to_1_5x": null,
        "median_dd_band_1_5x_to_2x": null,
        "median_dd_after_2x": null,
        "median_dd_after_3x": null,
        "median_peak_pnl_pct": null,
        "median_ret_end": null,
        "pct_hit_1_2x": 0.0,
        "pct_hit_1_5x": 0.0,
        "pct_hit_2x": 0.0,
        "pct_hit_4x": 0.0,
        "dd_pre2x_median": null,
        "time_to_1_2x_median_min": null,
        "time_to_1_5x_median_min": null,
        "time_to_2x_median_min": null,
        "p75_ath": null,
        "p95_ath": null,
        "tp_sl_total_return_pct": 0.0,
        "tp_sl_avg_return_pct": 0.0,
        "tp_sl_win_rate": 0.0,
        "tp_sl_avg_win_pct": 0.0,
        "tp_sl_avg_loss_pct": 0.0,
        "tp_sl_profit_factor": 0.0,
        "tp_sl_expectancy_pct": 0.0,
        "risk_per_trade_pct": 2.0,
        "position_size_pct": 4.347826086956522,
        "risk_adj_total_return_pct": 0.0,
        "risk_adj_avg_return_pct": 0.0,
        "risk_adj_avg_win_pct": 0.0,
        "risk_adj_avg_loss_pct": 0.0,
        "total_r": 0.0,
        "avg_r": 0.0,
        "avg_r_win": 0.0,
        "avg_r_loss": 0.0,
        "r_profit_factor": 0.0,
        "median_time_underwater_pct": null,
        "p75_time_underwater_pct": null,
        "median_time_in_profit_pct": null,
        "median_stall_score": null,
        "pct_high_stall": 0.0,
        "median_time_in_band_1_0_1_2": null,
        "median_time_in_band_1_2_1_5": null,
        "median_time_in_band_1_5_2_0": null,
        "median_time_in_band_2_0_plus": null,
        "median_retention_1_2x_above_1_1x": null,
        "median_retention_1_5x_above_1_3x": null,
        "pct_floor_hold_after_1_2x": 0.0,
        "pct_floor_hold_after_1_5x": 0.0,
        "median_giveback_after_1_5x": null,
        "p75_giveback_after_1_5x": null,
        "median_giveback_after_2x": null,
        "p75_giveback_after_2x": null,
        "headfake_rate": 0.0,
        "median_headfake_depth": null,
        "p50_headfake_depth": null,
        "headfake_recovery_rate": null
      },
      "objective": {
        "avg_r": 0.0,
        "total_r": 0.0,
        "n_trades": 0,
        "dd_magnitude": 0.0,
        "dd_pre_1_2x": null,
        "dd_pre_1_5x": null,
        "dd_pre_2x": null,
        "time_to_2x_min": null,
        "time_to_1_2x_min": null,
        "time_to_1_5x_min": null,
        "hit2x_pct": 0.0,
        "hit_1_2x_pct": 0.0,
        "hit_1_5x_pct": 0.0,
        "median_ath": 1.0,
        "p75_ath": null,
        "p95_ath": null,
        "base_score": 0.0,
        "dd_penalty": 0.0,
        "dd_penalty_breakdown": null,
        "time_boost": 0.0,
        "time_boost_breakdown": null,
        "discipline_bonus": 0.0,
        "tail_bonus": 0.0,
        "retention_1_2x_above_1_1x": null,
        "retention_1_5x_above_1_3x": null,
        "pct_floor_hold_after_1_2x": null,
        "pct_floor_hold_after_1_5x": null,
        "median_giveback_after_1_5x": null,
        "median_giveback_after_2x": null,
        "median_time_underwater_pct": null,
        "median_stall_score": null,
        "headfake_rate": null,
        "median_headfake_depth": null,
        "retention_bonus": 0.0,
        "giveback_penalty": 0.0,
        "time_quality_penalty": 0.0,
        "headfake_penalty": 0.0,
        "confidence": 0.0,
        "raw_score": 0.0,
        "final_score": 0.0,
        "robust_score": -51.89244287567919,
        "n_folds": 1
      },
      "duration_s": 0.499,
      "alerts_ok": 0,
      "alerts_total": 311,
      "train_r": -42.05428612620408,
      "test_r": 0.0,
      "delta_r": 42.05428612620408,
      "ratio": -0.0,
      "pessimistic_r": -6.308142918930613,
      "median_dd_pre2x": 0.0,
      "p75_dd_pre2x": 0.0,
      "hit2x_pct": 0.0,
      "median_t2x_min": null,
      "passes_gates": false
    },
    {
      "trial_id": "e0f8ad18",
      "params": {
        "tp_mult": 2.98,
        "sl_mult": 0.45,
        "intrabar_order": "tp_first"
      },
      "summary": {
        "alerts_total": 311,
        "alerts_ok": 0,
        "alerts_missing": 311,
        "median_ath_mult": null,
        "median_time_to_2x_s": null,
        "median_time_to_4x_s": null,
        "median_dd_initial": null,
        "median_dd_overall": null,
        "median_dd_pre_1_2x": null,
        "median_dd_pre_1_5x": null,
        "median_dd_pre2x": null,
        "median_dd_band_1_2x_to_1_5x": null,
        "median_dd_band_1_5x_to_2x": null,
        "median_dd_after_2x": null,
        "median_dd_after_3x": null,
        "median_peak_pnl_pct": null,
        "median_ret_end": null,
        "pct_hit_1_2x": 0.0,
        "pct_hit_1_5x": 0.0,
        "pct_hit_2x": 0.0,
        "pct_hit_4x": 0.0,
        "dd_pre2x_median": null,
        "time_to_1_2x_median_min": null,
        "time_to_1_5x_median_min": null,
        "time_to_2x_median_min": null,
        "p75_ath": null,
        "p95_ath": null,
        "tp_sl_total_return_pct": 0.0,
        "tp_sl_avg_return_pct": 0.0,
        "tp_sl_win_rate": 0.0,
        "tp_sl_avg_win_pct": 0.0,
        "tp_sl_avg_loss_pct": 0.0,
        "tp_sl_profit_factor": 0.0,
        "tp_sl_expectancy_pct": 0.0,
        "risk_per_trade_pct": 2.0,
        "position_size_pct": 3.6363636363636362,
        "risk_adj_total_return_pct": 0.0,
        "risk_adj_avg_return_pct": 0.0,
        "risk_adj_avg_win_pct": 0.0,
        "risk_adj_avg_loss_pct": 0.0,
        "total_r": 0.0,
        "avg_r": 0.0,
        "avg_r_win": 0.0,
        "avg_r_loss": 0.0,
        "r_profit_factor": 0.0,
        "median_time_underwater_pct": null,
        "p75_time_underwater_pct": null,
        "median_time_in_profit_pct": null,
        "median_stall_score": null,
        "pct_high_stall": 0.0,
        "median_time_in_band_1_0_1_2": null,
        "median_time_in_band_1_2_1_5": null,
        "median_time_in_band_1_5_2_0": null,
        "median_time_in_band_2_0_plus": null,
        "median_retention_1_2x_above_1_1x": null,
        "median_retention_1_5x_above_1_3x": null,
        "pct_floor_hold_after_1_2x": 0.0,
        "pct_floor_hold_after_1_5x": 0.0,
        "median_giveback_after_1_5x": null,
        "p75_giveback_after_1_5x": null,
        "median_giveback_after_2x": null,
        "p75_giveback_after_2x": null,
        "headfake_rate": 0.0,
        "median_headfake_depth": null,
        "p50_headfake_depth": null,
        "headfake_recovery_rate": null
      },
      "objective": {
        "avg_r": 0.0,
        "total_r": 0.0,
        "n_trades": 0,
        "dd_magnitude": 0.0,
        "dd_pre_1_2x": null,
        "dd_pre_1_5x": null,
        "dd_pre_2x": null,
        "time_to_2x_min": null,
        "time_to_1_2x_min": null,
        "time_to_1_5x_min": null,
        "hit2x_pct": 0.0,
        "hit_1_2x_pct": 0.0,
        "hit_1_5x_pct": 0.0,
        "median_ath": 1.0,
        "p75_ath": null,
        "p95_ath": null,
        "base_score": 0.0,
        "dd_penalty": 0.0,
        "dd_penalty_breakdown": null,
        "time_boost": 0.0,
        "time_boost_breakdown": null,
        "discipline_bonus": 0.0,
        "tail_bonus": 0.0,
        "retention_1_2x_above_1_1x": null,
        "retention_1_5x_above_1_3x": null,
        "pct_floor_hold_after_1_2x": null,
        "pct_floor_hold_after_1_5x": null,
        "median_giveback_after_1_5x": null,
        "median_giveback_after_2x": null,
        "median_time_underwater_pct": null,
        "median_stall_score": null,
        "headfake_rate": null,
        "median_headfake_depth": null,
        "retention_bonus": 0.0,
        "giveback_penalty": 0.0,
        "time_quality_penalty": 0.0,
        "headfake_penalty": 0.0,
        "confidence": 0.0,
        "raw_score": 0.0,
        "final_score": 0.0,
        "robust_score": -52.25981163064147,
        "n_folds": 1
      },
      "duration_s": 0.574,
      "alerts_ok": 0,
      "alerts_total": 311,
      "train_r": -50.218036236477104,
      "test_r": 0.0,
      "delta_r": 50.218036236477104,
      "ratio": -0.0,
      "pessimistic_r": -7.5327054354715655,
      "median_dd_pre2x": 0.0,
      "p75_dd_pre2x": 0.0,
      "hit2x_pct": 0.0,
      "median_t2x_min": null,
      "passes_gates": false
    },
    {
      "trial_id": "432fa038",
      "params": {
        "tp_mult": 3.24,
        "sl_mult": 0.34,
        "intrabar_order": "tp_first"
      },
      "summary": {
        "alerts_total": 311,
        "alerts_ok": 0,
        "alerts_missing": 311,
        "median_ath_mult": null,
        "median_time_to_2x_s": null,
        "median_time_to_4x_s": null,
        "median_dd_initial": null,
        "median_dd_overall": null,
        "median_dd_pre_1_2x": null,
        "median_dd_pre_1_5x": null,
        "median_dd_pre2x": null,
        "median_dd_band_1_2x_to_1_5x": null,
        "median_dd_band_1_5x_to_2x": null,
        "median_dd_after_2x": null,
        "median_dd_after_3x": null,
        "median_peak_pnl_pct": null,
        "median_ret_end": null,
        "pct_hit_1_2x": 0.0,
        "pct_hit_1_5x": 0.0,
        "pct_hit_2x": 0.0,
        "pct_hit_4x": 0.0,
        "dd_pre2x_median": null,
        "time_to_1_2x_median_min": null,
        "time_to_1_5x_median_min": null,
        "time_to_2x_median_min": null,
        "p75_ath": null,
        "p95_ath": null,
        "tp_sl_total_return_pct": 0.0,
        "tp_sl_avg_return_pct": 0.0,
        "tp_sl_win_rate": 0.0,
        "tp_sl_avg_win_pct": 0.0,
        "tp_sl_avg_loss_pct": 0.0,
        "tp_sl_profit_factor": 0.0,
        "tp_sl_expectancy_pct": 0.0,
        "risk_per_trade_pct": 2.0,
        "position_size_pct": 3.0303030303030307,
        "risk_adj_total_return_pct": 0.0,
        "risk_adj_avg_return_pct": 0.0,
        "risk_adj_avg_win_pct": 0.0,
        "risk_adj_avg_loss_pct": 0.0,
        "total_r": 0.0,
        "avg_r": 0.0,
        "avg_r_win": 0.0,
        "avg_r_loss": 0.0,
        "r_profit_factor": 0.0,
        "median_time_underwater_pct": null,
        "p75_time_underwater_pct": null,
        "median_time_in_profit_pct": null,
        "median_stall_score": null,
        "pct_high_stall": 0.0,
        "median_time_in_band_1_0_1_2": null,
        "median_time_in_band_1_2_1_5": null,
        "median_time_in_band_1_5_2_0": null,
        "median_time_in_band_2_0_plus": null,
        "median_retention_1_2x_above_1_1x": null,
        "median_retention_1_5x_above_1_3x": null,
        "pct_floor_hold_after_1_2x": 0.0,
        "pct_floor_hold_after_1_5x": 0.0,
        "median_giveback_after_1_5x": null,
        "p75_giveback_after_1_5x": null,
        "median_giveback_after_2x": null,
        "p75_giveback_after_2x": null,
        "headfake_rate": 0.0,
        "median_headfake_depth": null,
        "p50_headfake_depth": null,
        "headfake_recovery_rate": null
      },
      "objective": {
        "avg_r": 0.0,
        "total_r": 0.0,
        "n_trades": 0,
        "dd_magnitude": 0.0,
        "dd_pre_1_2x": null,
        "dd_pre_1_5x": null,
        "dd_pre_2x": null,
        "time_to_2x_min": null,
        "time_to_1_2x_min": null,
        "time_to_1_5x_min": null,
        "hit2x_pct": 0.0,
        "hit_1_2x_pct": 0.0,
        "hit_1_5x_pct": 0.0,
        "median_ath": 1.0,
        "p75_ath": null,
        "p95_ath": null,
        "base_score": 0.0,
        "dd_penalty": 0.0,
        "dd_penalty_breakdown": null,
        "time_boost": 0.0,
        "time_boost_breakdown": null,
        "discipline_bonus": 0.0,
        "tail_bonus": 0.0,
        "retention_1_2x_above_1_1x": null,
        "retention_1_5x_above_1_3x": null,
        "pct_floor_hold_after_1_2x": null,
        "pct_floor_hold_after_1_5x": null,
        "median_giveback_after_1_5x": null,
        "median_giveback_after_2x": null,
        "median_time_underwater_pct": null,
        "median_stall_score": null,
        "headfake_rate": null,
        "median_headfake_depth": null,
        "retention_bonus": 0.0,
        "giveback_penalty": 0.0,
        "time_quality_penalty": 0.0,
        "headfake_penalty": 0.0,
        "confidence": 0.0,
        "raw_score": 0.0,
        "final_score": 0.0,
        "robust_score": -52.165607718045074,
        "n_folds": 1
      },
      "duration_s": 0.51,
      "alerts_ok": 0,
      "alerts_total": 311,
      "train_r": -48.124615956557236,
      "test_r": 0.0,
      "delta_r": 48.124615956557236,
      "ratio": -0.0,
      "pessimistic_r": -7.218692393483585,
      "median_dd_pre2x": 0.0,
      "p75_dd_pre2x": 0.0,
      "hit2x_pct": 0.0,
      "median_t2x_min": null,
      "passes_gates": false
    }
  ],
  "created_at": "2026-01-06T07:02:33.438309+00:00"
}