Trade#,Date,Time,TokenAddress,TokenSymbol,TokenName,Chain,Investment_SOL,PNL_Multiplier,Return_SOL,Profit_SOL,Portfolio_Before_SOL,Portfolio_After_SOL,Max_Multiplier_Reached,HoldDuration_Minutes,TimeToAth_Minutes
1,2025-07-20,22:56:43,LarJmR9bQNUGUNPWaQ2tb6KrBT5DYMtpuuL9W7ELg5w,poorless,POORLESS COIN,solana,0.20000000,2.3431,0.46862577,0.26862577,10.00000000,10.26862577,3.1979,115,115
2,2025-07-21,07:08:14,HjsZ73QxNbXoUnyXXffoXn6kHUKQqdy6GXd4J1N4shot,ENERGY,ENERGY COIN,solana,0.20000000,0.6000,0.12000000,-0.08000000,10.26862577,10.18862577,1.7532,86390,1070
3,2025-07-22,01:12:53,2Pqk7MiMcQWEbXRLz8WPDF3tFkKuumobn7B69i3uEeTe,THC,The Holy Coin,solana,0.20000000,2.9009,0.58017247,0.38017247,10.18862577,10.56879824,4.5259,45,45
4,2025-07-22,06:13:54,G85CQEBqwsoe3qkb5oXXpdZFh7uhYXhDRsQAM4aJuBLV,ORGO,Orgo,solana,0.20000000,0.6000,0.12000000,-0.08000000,10.56879824,10.48879824,1.6076,86385,1125
5,2025-07-23,02:35:54,3MrwYcAvGNNtMcHwscSqFQJ3qhMpKwxZCbprYrz1RYWi,boner,boner,solana,0.20000000,2.3764,0.47527919,0.27527919,10.48879824,10.76407743,3.2771,1160,1160
6,2025-07-24,21:25:57,y31hFyYbrVW4R53Zfka8WJfQpwpMLfCcAjVKAonpump,pumper,First Kid Named After Pumpfun,solana,0.20000000,0.6000,0.12000000,-0.08000000,10.76407743,10.68407743,1.1151,86370,60
7,2025-07-27,06:30:08,HY9af7cfvWjyWVxc6mUcqVt4be1NWk2TawjwuSbujups,TGM,The Great Migration,solana,0.21368155,0.6000,0.12820893,-0.08547262,10.68407743,10.59860481,1.2854,86365,865
8,2025-07-28,05:32:00,5BuqrxLTaWpazYKrh4dz1mCiMNj4WCHiU8ZKnoEDjups,MARS,MARS,solana,0.21368155,0.6000,0.12820893,-0.08547262,10.59860481,10.51313219,1.0993,86365,0
9,2025-07-28,10:28:59,2uaTpSujZBYwBZNXusmW7PqM8Vi4qwbyotnfWhaN9oT9,SLOP,digital slop,solana,0.21368155,0.8800,0.18803976,-0.02564179,10.51313219,10.48749040,2.2559,86370,40
10,2025-07-28,17:39:54,9AfZdS6orGRi6ey4mMwyRnU2yZ6SzMZxcpMroE4rjups,MEOW,Meow,solana,0.21368155,0.6000,0.12820893,-0.08547262,10.48749040,10.40201778,1.3766,86360,5
11,2025-07-29,02:06:47,dgU3DSSTFyHx4j5MKx94V3BB6jMse7EQpGDi6zUuULt,Myst,Mystify,solana,0.21368155,0.8800,0.18803976,-0.02564179,10.40201778,10.37637600,2.5047,86390,95
12,2025-07-31,16:52:57,5hUL8iHMXcUj9AS7yBErJmmTXyRvbdwwUqbtB2udjups,NEMA,Nema,solana,0.21368155,0.6000,0.12820893,-0.08547262,10.37637600,10.29090338,1.1612,86345,135
13,2025-08-01,04:17:10,6pcSWu35Dw4qZjtcn1sdeSHXzxNaY3JVege6xn59DEpQ,LOB,LEAGUE OF BONK,solana,0.21368155,0.6000,0.12820893,-0.08547262,10.29090338,10.20543076,1.4173,86380,25
14,2025-08-02,11:13:10,76jtf8RVt6e8aMfVRvYXoV2iBggqMXotEyUjmAHdjups,SOL,Solana CTO,solana,0.21368155,0.6000,0.12820893,-0.08547262,10.20543076,10.11995814,1.3746,86385,5
15,2025-08-02,21:56:04,9mAnyxAq8JQieHT7Lc47PVQbTK7ZVaaog8LwAbFzBAGS,WATER,TeamWater,solana,0.21368155,0.8800,0.18803976,-0.02564179,10.11995814,10.09431635,2.9878,86340,600
16,2025-08-03,08:15:21,JD5GYKm5dQ7JbTagEvddDuk671VzZdGtDpQt2MM6y8RH,macrohard,macrohard,solana,0.20188633,0.8800,0.17765997,-0.02422636,10.09431635,10.07008999,2.1065,86380,120
17,2025-08-03,19:45:59,9a5DxpveEUcPKjcULbHU1YMDq5FwUZFtPLxw6YRGBAGS,AIRBAGS,AIRBAGS,solana,0.20188633,0.6000,0.12113180,-0.08075453,10.07008999,9.98933546,1.2278,86350,5
18,2025-08-04,18:37:26,5Ste2CMTfyJt2eu1uFYLKrZXTLpAfQ5JEqem2eTjjups,CHAIR,Chair,solana,0.20188633,0.6000,0.12113180,-0.08075453,9.98933546,9.90858093,1.4425,86360,250
19,2025-08-05,18:09:46,5zCETicUCJqJ5Z3wbfFPZqtSpHPYqnggs1wX7ZRpump,SPARK,Illusion of Life,solana,0.20188633,2.4245,0.48947335,0.28758702,9.90858093,10.19616795,3.3917,45,45
20,2025-08-05,21:44:36,5UUH9RTDiSpq6HKS6bp4NdU9PNJpXRXuiw6ShBTBhgH2,TROLL,TROLL,solana,0.20188633,1.4387,0.29046059,0.08857427,10.19616795,10.28474222,2.4704,86355,25035
21,2025-08-06,00:32:52,7oLWGMuGbBm9uwDmffSdxLE98YChFAH1UdY5XpKYLff8,WOJAK,Wojak,solana,0.20188633,2.2659,0.45745203,0.25556570,10.28474222,10.54030792,3.0140,1225,1225
22,2025-08-06,06:27:30,DHNfLi9ad4L9ebZZ6MPcmJbezBcs5ksCx9JFFf1LmF2N,Banger,dudes reply banger to your tweet,solana,0.20188633,0.6000,0.12113180,-0.08075453,10.54030792,10.45955339,1.3615,86310,0
23,2025-08-06,06:52:24,5ghpHpgiew7WuuKY1f3CSMgGHmDiZUeMjZrgDrfzBAGS,GROKPROMPT,grokprompt.fun,solana,0.20188633,0.6000,0.12113180,-0.08075453,10.45955339,10.37879886,1.1976,86285,4805
24,2025-08-06,20:26:02,ArzbUA9b1dq47j4RaFR728Fxkvb5hDBDLd7GJtwWpump,KIKO,Kiko,solana,0.20188633,0.6000,0.12113180,-0.08075453,10.37879886,10.29804433,1.9504,86310,0
25,2025-08-07,16:46:23,83xk8Zz5nwq5W6RkEPJLwPL9rr951xt8XjSDha9irzK5,FIF,Flokiwifhat,solana,0.20188633,2.5518,0.51517696,0.31329064,10.29804433,10.61133496,3.6948,910,910
26,2025-08-07,23:02:39,Cz7LGKdZPpAxonXx23ZYPW3RtDQvjcf17ZDCZEzFpump,401jk,401jk,solana,0.20188633,3.2083,0.64771067,0.44582435,10.61133496,11.05715931,5.2578,53335,52375
27,2025-08-08,02:42:56,CMx7yon2cLzHcXqgHsKJhuU3MmME6noWLQk2rAycBAGS,NYAN,Nyan Cat,solana,0.20188633,0.6000,0.12113180,-0.08075453,11.05715931,10.97640478,1.5885,86295,230
28,2025-08-08,08:59:21,ESBCnCXtEZDmX8QnHU6qMZXd9mvjSAZVoYaLKKADBAGS,BTH,BUY THE HAT,solana,0.20188633,2.2942,0.46316280,0.26127647,10.97640478,11.23768125,3.0814,960,900
29,2025-08-08,09:49:19,2kBaWJjNf2XiEWjg4qhWtTXoVN5EvJAvZPv8vyWB8A4M,GFF,GLASS FULL FOUNDATION,solana,0.20188633,0.8800,0.17765997,-0.02422636,11.23768125,11.21345489,2.9637,86290,610
30,2025-08-08,23:13:59,7obhQyME8iSNktCbCAtiLCpgv3cVqW1PWd31v4Egpump,RAVE,Final Rave Guy,solana,0.20188633,0.6000,0.12113180,-0.08075453,11.21345489,11.13270036,1.0477,86325,5
31,2025-08-09,01:23:20,4H2Qjr8rsCj5MpaJXoVyJUC6XkaDupqEAre3r4JqBAGS,TERMINAGEN,Terminagent,solana,0.20188633,0.6000,0.12113180,-0.08075453,11.13270036,11.05194583,1.3391,86315,0
32,2025-08-09,10:31:37,8J4oASLBU8WdTgeRP4wiucCH4Cpn272R47W9JmduBAGS,SP500,S&P 500,solana,0.20188633,0.6000,0.12113180,-0.08075453,11.05194583,10.97119130,1.7041,86305,625
33,2025-08-10,09:11:01,HHxGTfXuv5hL1b1k8FWf4jrafBjs2VLdi6KjrBhPpump,pelosicoin,this will go up for sure.,solana,0.21942383,0.6000,0.13165430,-0.08776953,10.97119130,10.88342177,1.2414,86325,0
34,2025-08-10,21:01:27,92ZcT2413ZboNzdZFzq2mrqXZeu99wc5kx2fgjMgpump,Shh,Shh Dog,solana,0.21942383,0.6000,0.13165430,-0.08776953,10.88342177,10.79565224,1.1137,86335,40
35,2025-08-11,01:49:06,FYXnJhgLmhcELqsKyAfdKZExFfA7gaskQa5TuEZE9RZT,GRUG,Grug,solana,0.21942383,0.6000,0.13165430,-0.08776953,10.79565224,10.70788271,1.1751,86290,145
36,2025-08-11,22:58:20,FTggXu7nYowpXjScSw7BZjtZDXywLNjK88CGhydDGgMS,rex,no internet,solana,0.21942383,2.2957,0.50372957,0.28430575,10.70788271,10.99218846,3.0850,285,265
37,2025-08-12,03:27:14,3gLJDi8BnPQRhGGuY8PCrZbUG9ZDvKxj8SKh7gPMiqgS,ITALIANO,ITALIANOBRAIN,solana,0.21942383,0.6000,0.13165430,-0.08776953,10.99218846,10.90441893,1.6018,86310,1710
38,2025-08-12,03:59:17,H8xQ6poBjB9DTPMDTKWzWPrnxu4bDEhybxiouF8Ppump,Tokabu,The Spirit of Gambling,solana,0.21942383,0.6000,0.13165430,-0.08776953,10.90441893,10.81664940,1.2222,86280,6360
39,2025-08-12,08:35:46,zJQQ2zZ5ggJKXBpaNNxJdmB2JJodJJvudQUbyZQpump,yarl,yarl,solana,0.21942383,0.6000,0.13165430,-0.08776953,10.81664940,10.72887987,1.6700,86300,75
40,2025-08-12,21:55:24,C6TSrLYAqL8RRMU9hrSZAzY49bCiyXH1TGVYpAF4LpaQ,JORDAN,The Wolf,solana,0.21942383,0.6000,0.13165430,-0.08776953,10.72887987,10.64111034,1.2326,86280,0
41,2025-08-13,00:36:50,9VyGv7D8YTiWN4ci1WSNVpAZmAtc6cxrbMs3F7FK6VLA,Dumb,Dumb Money,solana,0.21942383,0.6000,0.13165430,-0.08776953,10.64111034,10.55334080,1.3204,86300,60
42,2025-08-13,00:52:35,Boun7CYwd668AbxSQDNTijzEmweY91cW6DKuwAbJBAGS,ANDY,Andy by Matt Furie,solana,0.21942383,0.8800,0.19309297,-0.02633086,10.55334080,10.52700995,2.5019,86285,845
43,2025-08-13,08:20:07,Dk3eGnQcc17xJzGib8xHDovL5UjPWZDvTZXXzf6Mpump,Green,The Green Era,solana,0.21942383,0.6000,0.13165430,-0.08776953,10.52700995,10.43924042,1.1494,86315,0
44,2025-08-13,09:10:13,BVPVnNJ7AjYscfdJrUPV7P6XFEkVDo1YnJMin7YoBAGS,VER,Vernus,solana,0.21942383,0.6000,0.13165430,-0.08776953,10.43924042,10.35147088,1.1644,86325,0
45,2025-08-13,16:32:34,5V1HCmgWNR4FdJmhy5ny2kdxsoB2NPrV9LX4d3GXpump,SNOWFALL,Snowfall Edit,solana,0.21942383,0.8800,0.19309297,-0.02633086,10.35147088,10.32514003,2.9458,86305,385
46,2025-08-14,12:21:42,EuwaFjov8s9EMsQ3EYF55S9HnGxShB9w3WvrpV8rpump,btc,buy this coin,solana,0.21942383,0.6000,0.13165430,-0.08776953,10.32514003,10.23737050,1.5203,86315,25
47,2025-08-15,05:44:10,32nNtYR8h8rRBKv8JQd2PM1XroBh8rQica5JWmgpBAGS,BAGTARDIO,Bagtardio,solana,0.21942383,0.6000,0.13165430,-0.08776953,10.23737050,10.14960097,1.1390,86295,25
48,2025-08-15,06:08:17,BGQeuBCLEtLzBD9QUMykinkY5XXNk7oK3Xiem92opump,USAi,US Artificial Intelligence,solana,0.21942383,3.3327,0.73127404,0.51185021,10.14960097,10.66145118,5.5541,20,20
49,2025-08-15,08:16:52,G1DXVVmqJs8Ei79QbK41dpgk2WtXSGqLtx9of7o8BAGS,MRBEAST,MrBeast FUND,solana,0.21942383,0.6000,0.13165430,-0.08776953,10.66145118,10.57368165,1.5930,86320,0
50,2025-08-16,00:25:50,CH29CmCw1HK5ennwEFu7RGbbguUWwno81zxk9S5pump,Ê¨¢‰πêÈ©¨,Happy Horse,solana,0.21942383,0.6000,0.13165430,-0.08776953,10.57368165,10.48591212,1.8263,86310,10
51,2025-08-16,04:35:49,EZC9he3789GZK4teWj2uDniP86cPiqHrC12ea7qLpump,big,a big runner,solana,0.21942383,2.7715,0.60813904,0.38871521,10.48591212,10.87462733,4.2179,25,25
52,2025-08-16,18:42:38,3hFEAFfPBgquhPcuQYJWufENYg9pjMDvgEEsv4jxpump,LYN,Lyn,solana,0.21942383,2.5007,0.54870593,0.32928210,10.87462733,11.20390943,3.5730,375,375
53,2025-08-16,22:13:51,98grnXKE6oaymTBUnhkurXzXUYfFbkzzzVwEzFxSpump,GIKO,Giko Cat,solana,0.21942383,0.8800,0.19309297,-0.02633086,11.20390943,11.17757857,2.6398,86325,180
54,2025-08-16,22:27:06,6Hi2PPiqkwYBY2vxbn1oasbTknvsWRZvNL3PjKZnpump,Sus,Sus,solana,0.21942383,0.6000,0.13165430,-0.08776953,11.17757857,11.08980904,1.3387,86310,50
55,2025-08-17,04:37:43,EaDVr42iPXmaWYeZ4zoGfPhw7r449FymN9vfGntDpump,maingoal,act like i dont know nobody,solana,0.22179618,0.6000,0.13307771,-0.08871847,11.08980904,11.00109056,1.0015,86300,0
56,2025-08-17,20:09:49,8D9CZBsMocuJ8bdnpegGE8auHdFQ1Ez5F66wWAFv3WcN,SNAKE,Snake ,solana,0.22179618,0.6000,0.13307771,-0.08871847,11.00109056,10.91237209,1.3676,86330,13490
57,2025-08-18,04:33:58,J8EcXP9L3YqGf1VWkXhRjPHnq4UJ6QHRaQEZayBciaxT,SLM,Small Language Model,solana,0.22179618,0.6000,0.13307771,-0.08871847,10.91237209,10.82365362,1.4136,86305,30
58,2025-08-18,04:34:35,HoQYRCnUeyZZyFiPtYDw48kHyGwjsaUXJxDVtxcK4yPg,BELIEVE,believe coin,solana,0.22179618,0.6000,0.13307771,-0.08871847,10.82365362,10.73493515,1.0262,86305,10
59,2025-08-18,05:51:44,EG6WeiR2DymUVVjNHEU4MEJXmWnzXJhk3JerRy4gpump,snail,a slow runner,solana,0.22179618,0.6000,0.13307771,-0.08871847,10.73493515,10.64621667,1.7952,86285,1865
60,2025-08-18,12:55:26,GGQnvZju6xqvgGU5BN3rnKnQ5H4LyKRLBy25LGeDpump,Pearl,Physical Kitten,solana,0.22179618,0.6000,0.13307771,-0.08871847,10.64621667,10.55749820,1.6470,86280,5
61,2025-08-20,02:26:14,HhJ5gsWi1nvDFza5MNxNvjjx6bsx1mPUdRvpMCtzL777,Asscend,Asscend,solana,0.22179618,2.4460,0.54251616,0.32071998,10.55749820,10.87821818,3.4429,115,115
62,2025-08-20,05:15:57,4LRePMApBS2HFfX4ZDZK61n87CJ7rAMuN8ZHNQQXjupx,YABAI,YABAI,solana,0.22179618,2.4434,0.54192995,0.32013377,10.87821818,11.19835195,3.4366,6940,6940
63,2025-08-20,09:24:45,Co4692bPPQXAqqxSLAeTTvF1bnhY26FUWt2YuWQPBgfU,BANANA,Banana Chain,solana,0.22179618,2.9137,0.64624905,0.42445287,11.19835195,11.62280482,4.5564,19595,19595
64,2025-08-20,21:51:46,5SmTatunpUm5ob6CKa1qx3bE5xJo8bpavno7iqokpump,dafuq,da fuck cat,solana,0.22179618,0.6000,0.13307771,-0.08871847,11.62280482,11.53408634,1.1540,86285,105
65,2025-08-20,23:15:34,6XfcSDmRXm8EipmbygHJi2tWwUdCCKEGjEsKQeL9pump,BUBBLE,The AI Bubble,solana,0.22179618,0.6000,0.13307771,-0.08871847,11.53408634,11.44536787,1.7626,86320,0
66,2025-08-21,02:49:50,6pvtv14ye2nvxqCR8fc8y7TTU6SkLGyaSVnVNS9V6777,DARK,‚¨õÔ∏è,solana,0.22179618,0.6000,0.13307771,-0.08871847,11.44536787,11.35664940,1.5689,86290,670
67,2025-08-21,03:33:38,HcTwgEvBYzopr3LYXqikFpf37XhtPYVwkibCqvM3H8sV,67,67coin,solana,0.22179618,3.4138,0.75717176,0.53537558,11.35664940,11.89202498,5.7472,40,40
68,2025-08-21,04:22:43,4hPn7KMF8CT6dDWVMC8adPW4hXqTgdtRtnmqcqSM4777,Raptor,Raptor Jesus,solana,0.22179618,0.6000,0.13307771,-0.08871847,11.89202498,11.80330650,1.0188,86315,5
69,2025-08-21,04:40:07,9Xw3areGS4XkLi16WJWTSdvLXxvv57An9czTwZBfpump,Drake-chan,Drake Body Pillow,solana,0.22179618,2.2674,0.50289496,0.28109878,11.80330650,12.08440528,3.0176,135,120
70,2025-08-21,04:40:30,i1f1o1sxUeqizm8pGTnvcF859QdvwPEAQnA935fpump,Agentik,Agentik,solana,0.22179618,0.6000,0.13307771,-0.08871847,12.08440528,11.99568681,1.4234,86295,15
71,2025-08-21,10:41:44,EwEJ5R1im54MowvsGwYUkyfWRMV1qcRL21PumVd4pump,2016,2016 coin,solana,0.22179618,0.6000,0.13307771,-0.08871847,11.99568681,11.90696834,1.2504,86295,15
72,2025-08-22,23:45:04,6d2Wze1KMUxQ28sFLrH9DKfgBXpUJSJYZaRbufucvBLV,LOS,ANALOS,solana,0.22179618,2.5131,0.55739971,0.33560353,11.90696834,12.24257187,3.6027,29170,29170
73,2025-08-23,01:10:27,97B5LdjdeqfAY7gPPt428GdpYFEJuxWgG83QgZpNpump,BUYME,BUY ME,solana,0.22179618,0.8800,0.19518064,-0.02661554,12.24257187,12.21595633,2.2424,86325,155
74,2025-08-23,06:49:08,bS3Y8KCfYmMC93sSc4qQMivQzTu48qnZqjuYbUopump,MERVIN,Mervin,solana,0.22179618,0.6000,0.13307771,-0.08871847,12.21595633,12.12723786,1.5392,86290,260
75,2025-08-23,21:51:57,7nsbGjYk85fkDk1uNFqVCyLZYtXxiZoLZncfLLC7pump,GUD,Gud Candle,solana,0.22179618,0.6000,0.13307771,-0.08871847,12.12723786,12.03851938,1.6457,86285,255
76,2025-08-24,01:10:56,rWqaZ3KaJaiKtVEQo4nuEsxKKr2tHtoeYMf1vVveDjS,PAMP,PAMP,solana,0.24077039,0.8800,0.21187794,-0.02889245,12.03851938,12.00962694,2.7824,86325,1305
77,2025-08-25,00:39:56,5ryWMZbrfyjzrBKFYxAvon26FEwJZrtPiHQwb1jH8777,KENNY,Kennyslowbird,solana,0.24077039,0.6000,0.14446223,-0.09630816,12.00962694,11.91331878,1.2258,86300,380
78,2025-08-25,01:35:39,EJRs2ephB8kZX1w196DBt7q3uvLAVqs6LEVgXEwhpump,AGI,ArtificialGirlfriendIntelligence,solana,0.24077039,0.6000,0.14446223,-0.09630816,11.91331878,11.81701063,1.6729,86300,110
79,2025-08-25,03:29:25,7woPKwozDM1mFeJAiJcEU8Fd3CvbYXVfwnC3W56RndFi,MONOPOLY,MONOPOLY,solana,0.24077039,0.6000,0.14446223,-0.09630816,11.81701063,11.72070247,1.3472,86310,105
80,2025-08-25,09:47:55,HeHzXrdq9mutDFJ2LEGu2fKp7jsnT2toCKfuPswypump,MEOW,Meowcoin,solana,0.24077039,0.8800,0.21187794,-0.02889245,11.72070247,11.69181003,2.3827,86290,430
81,2025-08-25,09:48:07,cFXwo8FqJxZeYNwrUf5xSABJZoCHnrtKiS7DaFyCoiN,WHOLE,Whole Coin,solana,0.24077039,2.4145,0.58134968,0.34057929,11.69181003,12.03238932,3.3680,790,790
82,2025-08-25,17:32:29,FFgQ6kvsHKR4BVLohpmCA9MXeXPtxa7QaNWKpYjzpump,LEGION,Centurion Cat,solana,0.24077039,2.3682,0.57018132,0.32941093,12.03238932,12.36180025,3.2575,80,80
83,2025-08-25,19:06:01,GEgsZXGhMGJbb9k6b7SaPss7wRW5WHwB12mLAjbdpump,GLM,Gambling Language Model,solana,0.24077039,0.6000,0.14446223,-0.09630816,12.36180025,12.26549209,1.3988,86330,50
84,2025-08-26,07:02:26,J7CSUzsM2VfBUaeaer5aGVVLzzUoizBWF1vQX2NLpump,MICROWAVED,MICROWAVED,solana,0.24077039,2.9654,0.71398299,0.47321261,12.26549209,12.73870470,4.6795,1075,1075
85,2025-08-26,09:57:18,5EkcKr582FkAPVnRmaDdnkekTtnNRzNNSxmQxqrFpump,AQC,aqc,solana,0.24077039,2.7577,0.66397708,0.42320669,12.73870470,13.16191139,4.1850,35820,35820
86,2025-08-26,10:43:03,44sVpouhWHXzADVsVUo863tvgmaw6LNQo25fYRs1pump,GF,GoonFi,solana,0.24077039,0.6000,0.14446223,-0.09630816,13.16191139,13.06560323,1.7896,86295,5
87,2025-08-26,11:13:36,kLxcxtkxsrTXQnffM6QQBgv6SX3gYMVx9w14LZZpump,ROTS,Return of the Static,solana,0.24077039,0.6000,0.14446223,-0.09630816,13.06560323,12.96929508,1.4090,86325,270
88,2025-08-26,17:30:16,9uDHmr4h2R6h6mTdhdzXGsT6abRMfx8N3rQxRB2Fpump,Colours,Raise The Colours,solana,0.24077039,0.6000,0.14446223,-0.09630816,12.96929508,12.87298692,1.9769,86305,290
89,2025-08-27,01:15:18,CXbypcjnbV7A5b6XqfkUCUkLiD3czHXoxAsWBYa4pump,jobless,jobless,solana,0.24077039,0.6000,0.14446223,-0.09630816,12.87298692,12.77667877,1.5557,86320,125
90,2025-08-27,01:34:57,9am6SZQqUM5hMomurts3iuUQULEwqsSEdQSkVc9Vpump,PIKA,Surprised Pikachu,solana,0.24077039,0.6000,0.14446223,-0.09630816,12.77667877,12.68037061,1.2766,86305,0
91,2025-08-27,07:33:37,5Tr7EC7GyzEg5AKrMYPHa61uGEFwMo5V1fRtnqpxpump,BRAINROT,Brainrot,solana,0.24077039,11.3511,2.73299947,2.49222909,12.68037061,15.17259970,24.6454,0,0
92,2025-08-27,11:13:01,DxiYSR3KTArNUyQWSXJKAxbu73NUKds64EG9dQNEpump,SSC,South Sea Company,solana,0.24077039,0.6000,0.14446223,-0.09630816,15.17259970,15.07629154,1.2805,86325,0
93,2025-08-27,19:04:03,EPVXXm1NH7z9pxtuRff3LHt8bkY8Ui4BXT5eVTUS7EA3,$lion,The Lion Society ,solana,0.24077039,0.6000,0.14446223,-0.09630816,15.07629154,14.97998339,1.8898,86335,835
94,2025-08-28,00:59:14,B3zWuNcVQK9YVHngeDH7UFwsmudWnNhFn89T1AQcpump,RANDOM,Random Coin,solana,0.24077039,2.9555,0.71159947,0.47082908,14.97998339,15.45081247,4.6560,55,55
95,2025-08-28,06:53:32,CDnLCT7tNSubuQKdLwQjsKJQVsTS7YFfusHXDFQupump,NVDA,NVIDIA6900,solana,0.24077039,0.6000,0.14446223,-0.09630816,15.45081247,15.35450431,1.1207,86285,0
96,2025-08-28,07:43:55,51Yc9NkkNKMbo31XePni6ZFKMFz4d6H273M8CRhCpump,SMS,Stork,solana,0.24077039,2.4101,0.58026979,0.33949941,15.35450431,15.69400372,3.3573,90,90
97,2025-08-28,09:04:05,Ba8JAE3h9YUQnkMFEDdX261Zu8nWpYN7zhad7pYKdaos,DMAN,Dao-Man,solana,0.24077039,0.6000,0.14446223,-0.09630816,15.69400372,15.59769556,1.4411,86335,475
98,2025-08-28,20:48:14,6cyNW42LiScbpQAQfFMFJ3s4z4zcqXdPpSRKsjRJ8Lhv,Luffy,luffy coin,solana,0.24077039,0.6000,0.14446223,-0.09630816,15.59769556,15.50138741,1.5195,86290,7630
99,2025-08-29,19:02:49,FvbZG7ApFyjM9tq4waRpANCws2qqPZCfb46qMqTDYtLw,Speed,AIShowSpeed,solana,0.24077039,0.6000,0.14446223,-0.09630816,15.50138741,15.40507925,1.8968,86335,415
100,2025-08-30,02:14:11,EqGEH6P8BwcHN1xiErPMwWf4QT6f8ZHH58QcWif9pump,ZENITH,Murder Language Model,solana,0.24077039,0.6000,0.14446223,-0.09630816,15.40507925,15.30877110,1.1456,86325,5
101,2025-08-31,04:54:07,Hcn43x1SnXZrRD9f6tuzv94qT51QoRHhaG7ALK7wMGF,USD1DOGE,USD1DOGE,solana,0.30617542,0.6000,0.18370525,-0.12247017,15.30877110,15.18630093,1.8963,86285,25
102,2025-08-31,12:38:25,3sEE9zj79Tzrm7T8geAkzTQDdG4Me637d1aMi9fUpump,nothing,nothing,solana,0.30617542,0.6000,0.18370525,-0.12247017,15.18630093,15.06383076,1.3072,86300,5
103,2025-09-01,15:48:25,EuzDfT3XVdWXXDV3xfzpUkCsajm3yexr2KyQjsN3pump,TROB,The Rape of Britain,solana,0.30617542,0.6000,0.18370525,-0.12247017,15.06383076,14.94136059,1.3526,86290,15
104,2025-09-01,22:06:14,51YWtFnA97ERyvbxhV6Qoxmkqe3H4g5DCr7P5MUpWiFE,WIFE,WIFE COIN,solana,0.30617542,0.8800,0.26943437,-0.03674105,14.94136059,14.90461954,2.1150,86330,8810
105,2025-09-02,22:26:24,HMcQvSj8hEqdkbyPbEUmiU6mnu5k2Ki5y5J65ebpump,KITTY,First Digital Cat (1968),solana,0.30617542,0.8800,0.26943437,-0.03674105,14.90461954,14.86787849,2.0350,86310,15
106,2025-09-03,04:54:49,GGnJAYezJw5MhUg8u7RWnv1dqe7tj2rVrJJ1AmL8pump,SCUM,Scum Token,solana,0.30617542,0.6000,0.18370525,-0.12247017,14.86787849,14.74540832,1.5332,86285,0
107,2025-09-03,07:28:54,D7Z2fUrxECBh91chmnou8u7E9Yaq7inzzcjg9G1Apump,Salary,This will make ur monthly salary,solana,0.30617542,0.6000,0.18370525,-0.12247017,14.74540832,14.62293815,1.2856,86310,2610
108,2025-09-03,08:13:33,FDEF2U9geiWS7sdGPCUo2r1wGswkJr2mmVTECiH6pump,MITCH,idrawline,solana,0.30617542,0.8800,0.26943437,-0.03674105,14.62293815,14.58619710,2.3257,86325,150
109,2025-09-03,16:14:54,HGwdb6RQsMTqXpjBiy5BEAXHcpanmJr3c1Dj84r5pump,PokeSol,PokeSol,solana,0.30617542,2.3362,0.71527415,0.40909873,14.58619710,14.99529583,3.1813,300,260
110,2025-09-04,07:12:38,dh1yPPKTsqR25aVVpbp24rHTjc7VbyhFPGiQyrypump,FOMO,FOMO,solana,0.30617542,0.6000,0.18370525,-0.12247017,14.99529583,14.87282566,1.3707,86325,525
111,2025-09-04,21:14:05,FdpEvMwXM99WsCr5zwrQ5BqgQTSLULpewpXjfs7ABAGS,DEGEN,Degen Social Media,solana,0.30617542,0.6000,0.18370525,-0.12247017,14.87282566,14.75035549,1.6077,86325,105
112,2025-09-04,22:35:04,FfptCUbN78XmFB9A51Q9v4KGXJHiSkHV36dUfjVmpump,KKK,King Kong Kaew,solana,0.30617542,0.6000,0.18370525,-0.12247017,14.75035549,14.62788533,1.6362,86300,15
113,2025-09-04,22:52:07,BFhwU8vyK4v1bm3uva4TXrrhN1md1eSpx75ah245oxSr,pumpguy,pump guy,solana,0.30617542,0.6000,0.18370525,-0.12247017,14.62788533,14.50541516,1.5959,86285,280
114,2025-09-04,22:55:14,82knoLRwHvWQr3tBo2ExUumVCNMsY6Pi51UvRzmEpump,Longshiff,Adam Longshiff,solana,0.30617542,2.3509,0.71980185,0.41362643,14.50541516,14.91904159,3.2165,0,0
115,2025-09-05,04:23:26,8nr9vtxmaRz6hc68wmr7kvVQe2iFYqJJnK6SykLXpump,Humancoin,No AI Was Used to Create This ,solana,0.30617542,0.6000,0.18370525,-0.12247017,14.91904159,14.79657142,1.7601,86315,0
116,2025-09-06,21:48:38,GBUxQFRXQjSPjkxymAUKPfbUbSpRY8Ui7az1HCxtpump,MIR,Mirror Chain,solana,0.30617542,0.6000,0.18370525,-0.12247017,14.79657142,14.67410125,1.2140,86290,15
117,2025-09-06,23:58:27,BV3PUxYhLs1X859A8ev7QaGnQLESnqY7kTaak3Aepump,firecoin,firecoin,solana,0.30617542,0.8800,0.26943437,-0.03674105,14.67410125,14.63736020,2.2290,86280,200
118,2025-09-07,19:30:51,FRsV3m924aGpLMuEekoo3JkkMt1oopaM4JY9ki5YLXrp,XVM,Volt,solana,0.29274720,2.5001,0.73190348,0.43915628,14.63736020,15.07651648,3.5717,300,300
119,2025-09-07,22:12:32,Cph1zxsCUz18v6aa2hiUYwfVkSV7BSFHmCaJLqQspump,ARK,Arken World,solana,0.29274720,0.6000,0.17564832,-0.11709888,15.07651648,14.95941760,1.3638,86325,25
120,2025-09-08,09:39:58,DTu9Q27rgmVPuiA4F73dQydzfvYpyoPgds3GxDo8hREV,VOID,VOID,solana,0.29274720,0.8800,0.25761754,-0.03512966,14.95941760,14.92428793,2.6273,86300,75
121,2025-09-09,02:41:47,4GjbDFgZW6JwDSEAbbJaaeDwFc434GjqkDsNRBixpump,OCTO,Eightco Holdings Inc.,solana,0.29274720,0.6000,0.17564832,-0.11709888,14.92428793,14.80718905,1.2052,86295,0
122,2025-09-09,14:38:55,HfVnabiJCByE8ko6DWZvKKLUKMVRVs2chTKUeyEqpump,RE$ET,Ctrl+Alt+DelCoin,solana,0.29274720,2.5972,0.76033691,0.46758971,14.80718905,15.27477876,3.8030,105,105
123,2025-09-10,23:47:29,BKmYE8w1GEQ6khhLkvMj4ULvV4Gq7zLfJZSgsHE5pump,PEP,PEPECOIN,solana,0.29274720,0.6000,0.17564832,-0.11709888,15.27477876,15.15767988,1.6912,86290,24790
124,2025-09-10,23:55:43,b8mCYh9psBHCw5L5YZZTJgRuVcaDBd1zZD8TK1Cpump,ENOUGH,Enough is enough,solana,0.29274720,2.4873,0.72814256,0.43539536,15.15767988,15.59307524,3.5411,290,290
125,2025-09-11,00:26:36,2LsescRjhcxoUwEQLpcsd3Gh6AHUyqEHANDakkoSpump,IRYNA,Justice for Iryna,solana,0.29274720,0.6000,0.17564832,-0.11709888,15.59307524,15.47597636,1.0521,86310,0
126,2025-09-11,00:48:45,2Zwa3HKmVd1h7T7gUiwdr1ZSCrgfxxXv2tLTWovgpump,ORCL,Oracle Corp,solana,0.29274720,0.6000,0.17564832,-0.11709888,15.47597636,15.35887747,1.8301,86290,25
127,2025-09-11,05:49:53,8ZhE5cAiiRRsTctLAHf7zzjMYahFzikMABMHh5W5pump,miracle,the miracle,solana,0.29274720,0.8800,0.25761754,-0.03512966,15.35887747,15.32374781,2.3553,86290,10
128,2025-09-12,03:03:15,Hwui6yPX8iPWxs1bD95zaiwrEJ3md2tksweVADsmpump,Lumo,Lumo,solana,0.29274720,0.6000,0.17564832,-0.11709888,15.32374781,15.20664893,1.7442,86335,10
129,2025-09-12,07:41:27,UmTt1cGStKwAQFXbQWELJzyjNFrdwV2JrFW6pcEpump,DIVA,Keep Going Diva,solana,0.29274720,0.6000,0.17564832,-0.11709888,15.20664893,15.08955005,1.1828,86295,1035
130,2025-09-12,17:56:39,2oFymDJhPxzjPwLk4RBMpjosVoxaLFM8oj1K8rpepump,YAC,Youths Against Corruption,solana,0.29274720,0.8800,0.25761754,-0.03512966,15.08955005,15.05442038,2.1554,85680,30
131,2025-09-12,23:53:58,CKW8P1A72umtcbC35shqvuDUPf5N9P6LDkGUwkB1pump,MATT,FATHER OF JUSTICE,solana,0.29274720,0.6000,0.17564832,-0.11709888,15.05442038,14.93732150,1.5169,85325,10
132,2025-09-13,05:23:14,AjgSvYmJLhvt3FteiyTqQf8XBj1SVs6T6AmSUfkHpump,Groyper,Groyper,solana,0.29274720,0.6000,0.17564832,-0.11709888,14.93732150,14.82022262,1.5324,84995,25
133,2025-09-13,05:37:41,EhwhYhMJp434kqQeFRRBCwCVPkgdjrYFcBXGozxVpump,GOLD,Digital Gold,solana,0.29274720,0.6000,0.17564832,-0.11709888,14.82022262,14.70312374,1.4610,84980,140
134,2025-09-13,15:49:23,2QsU1pxiCErihgK8bU7dfsgXcRUcFoWp5KcbBVg4pump,CHANCLACAT,CHANCLACAT,solana,0.29274720,0.6000,0.17564832,-0.11709888,14.70312374,14.58602486,1.1781,84370,0
135,2025-09-13,16:48:24,2YMTGyWoGGPpaHt81QFTpfkom99hbT1yPHbAZs6ppump,cuck,cuck,solana,0.29274720,0.6000,0.17564832,-0.11709888,14.58602486,14.46892597,1.4087,84310,5
136,2025-09-13,19:16:11,EXoMAHnw2Gw5fXJTektedLJDVn9vn8tLTEQX7gHccQKR,EXO,Exotic Markets,solana,0.29274720,0.8800,0.25761754,-0.03512966,14.46892597,14.43379631,2.3509,84160,60
137,2025-09-14,05:17:33,7Pnqg1S6MYrL6AP1ZXcToTHfdBbTB77ze6Y33qBBpump,Bagwork,Bagwork,solana,0.28867593,2.3479,0.67778905,0.38911312,14.43379631,14.82290943,3.2093,295,260
138,2025-09-14,18:21:32,Hnm13jN2hNuJ4Za1p2Xd7fdyR6pKKDcJibR9NYiXpump,Crazy,Crazy,solana,0.28867593,3.3701,0.97286870,0.68419278,14.82290943,15.50710221,5.6431,80,80
139,2025-09-14,19:05:09,HQDTzNa4nQVetoG6aCbSLX9kcH7tSv2j2sTV67Etpump,BUN COIN,BunCoin,solana,0.28867593,0.8800,0.25403482,-0.03464111,15.50710221,15.47246110,2.9754,82730,355
140,2025-09-14,19:59:02,9LjLmk78kDbpsR18kYcdbEJe9yWALwkkSWaXA76Epump,CLIP,Clip Coin,solana,0.28867593,0.6000,0.17320556,-0.11547037,15.47246110,15.35699073,1.8090,82680,1140
141,2025-09-14,21:16:37,3PGdDLidBipCWYzzH11SsdMtucjS8M8RfdT5UDALpump,gogojuice,Gogojuice,solana,0.28867593,0.8800,0.25403482,-0.03464111,15.35699073,15.32234962,2.5620,82600,1660
142,2025-09-14,23:51:10,6XfSrY8UP1mUfRimA9QuxgYDdwV3hF75m3ajX7g6YNUS,SLOPPS,SLOPPS,solana,0.28867593,0.6000,0.17320556,-0.11547037,15.32234962,15.20687924,1.9644,82445,10
143,2025-09-15,01:01:17,5UB6vnMU7b6khnUjCoPqWbXCdmJWssWREJDwH147pump,HEARTCOIN,HEARTCOIN,solana,0.28867593,0.8800,0.25403482,-0.03464111,15.20687924,15.17223813,2.1256,82375,30
144,2025-09-15,05:53:33,EUuQTUrnEWkXmYEiChCfSSBM68eAmN5G3WM9iyhHpump,TheHobby,TheHobby,solana,0.28867593,0.6000,0.17320556,-0.11547037,15.17223813,15.05676776,1.9846,82085,0
145,2025-09-15,20:51:29,FyB8VxxYAaVVchAgbB1kvjWdw26ovaD4ipwV1j8epump,$Runner ,live on treadmill till 100mill,solana,0.28867593,2.3354,0.67417030,0.38549437,15.05676776,15.44226214,3.1795,605,605
146,2025-09-16,01:04:41,986j8mhmidrcbx3wf1XJxsQFvWBMXg7gnDi3mejsr8H8,StrSzn,Stream SZN,solana,0.28867593,0.6000,0.17320556,-0.11547037,15.44226214,15.32679177,1.6317,80935,35
147,2025-09-16,17:47:01,8cQynx5ZaJKwdHsuXmSn3Y16RXta7ZTyTS1hW55Gpump,Pedos,Catching Pedophiles,solana,0.28867593,0.8800,0.25403482,-0.03464111,15.32679177,15.29215066,2.5485,79930,670
148,2025-09-16,22:16:03,PRTLSwfLzpVGSAQiUfXEenJkq1cwTsEcsn1hPL9zwwg,PORTALS,Portals,solana,0.28867593,0.6000,0.17320556,-0.11547037,15.29215066,15.17668029,1.2236,79660,0
149,2025-09-17,11:04:11,96hj47MzSpZgVcT1v4nwpbQNEU59f6ys48PArGivpump,Qstay,Qstay,solana,0.28867593,0.6000,0.17320556,-0.11547037,15.17668029,15.06120991,1.2248,78895,2755
150,2025-09-18,01:52:47,5PpWbYsDosMGEre1PThdXhHjN85S1RX7fsLMDRi3pump,NOWORK,Nowork,solana,0.28867593,2.2815,0.65862501,0.36994908,15.06120991,15.43115900,3.0513,365,365
151,2025-09-19,18:26:44,xr6TRFpam3hf28iuMqRMpCXu15G8TYz4Wsj4vTapump,Miriam,Miriam Grok Companion,solana,0.28867593,2.6192,0.75610213,0.46742621,15.43115900,15.89858521,3.8553,47610,47610
152,2025-09-19,23:21:19,t6Z8Qh7eRn6ikRiL4DeoieTkFz3YtmamDwZQK2Spump,one,one play can change everything,solana,0.28867593,0.6000,0.17320556,-0.11547037,15.89858521,15.78311483,1.1183,75275,0
153,2025-09-20,02:12:02,0xbbCe66051dD7682687d86640Bf3720F45Be14444,KORICO,Korico,bsc,0.28867593,2.9415,0.84913666,0.56046074,15.78311483,16.34357557,4.6226,27105,27105
154,2025-09-20,04:34:16,0x80302041F9FBEc9Cc9849de905A43d07D7454444,SDIYBT,SDIYBT,bsc,0.28867593,0.6000,0.17320556,-0.11547037,16.34357557,16.22810520,1.6034,74965,0
155,2025-09-20,20:11:18,He9v4WBhFnDx6roRv4pxPx6nGAYM5EMYFanSVKCwpump,SURVIVE,SURVIVE COIN,solana,0.28867593,0.6000,0.17320556,-0.11547037,16.22810520,16.11263483,1.2257,74025,15
156,2025-09-21,01:38:22,0x932Fb7f52adBC34ff81B4342b8C036b7b8Ac4444,DUST,Dust,bsc,0.32225270,2.3927,0.77105585,0.44880315,16.11263483,16.56143798,3.3160,440,440
157,2025-09-21,03:22:27,0x000Ae314E2A2172a039B26378814C252734f556A,ASTER,Aster,bsc,0.32225270,673.8227,217.14118947,216.81893678,16.56143798,233.38037476,1601.9589,17375,17375
158,2025-09-21,04:48:08,0x78F5d389F5CDCcFc41594aBaB4B0Ed02F31398b3,APX,ApolloX,bsc,0.32225270,0.6000,0.19335162,-0.12890108,233.38037476,233.25147368,1.5673,73510,5290
159,2025-09-22,03:10:41,0x20d6015660b3fe52e6690a889b5c51f69902ce0e,GIGGLE,Giggle Fund,bsc,0.32225270,2.2850,0.73635824,0.41410555,233.25147368,233.66557923,3.0596,20,20
160,2025-09-22,06:36:50,0x48f1d633712f5ee056a410fc43b16bb261ba4444,ASÔªøS,ASÔªøSTER,bsc,0.32225270,0.6000,0.19335162,-0.12890108,233.66557923,233.53667815,1.2267,71960,0
161,2025-09-22,10:29:10,34AeqX5MQGyrey2VnZdkeZCfM4qinp4F3X7pGxtipump,CANCER,HELP ME BEAT CANCER,solana,0.32225270,3.3428,1.07722891,0.75497621,233.53667815,234.29165436,5.5781,1110,1110
162,2025-09-22,17:07:46,0xb8a3c1aa7fd236029f66bf7cd7cea51e8368940b,INTERN,intern,bsc,0.32225270,0.6000,0.19335162,-0.12890108,234.29165436,234.16275328,1.4584,71330,20
163,2025-09-22,23:54:19,0x8bE1Cd9Db9F97aB6972d191B96fDbdA199E06748,ENHENG,EnHeng Fund,bsc,0.32225270,0.6000,0.19335162,-0.12890108,234.16275328,234.03385220,1.6611,70925,5
164,2025-09-23,01:44:56,7RMD2knb2JmFaged8PsZ6rBZoJEVgW3r3hM52A6fmoon,NOBROKE,BrokeNoMore,solana,0.32225270,0.8507,0.27414953,-0.04810316,234.03385220,233.98574903,1.0000,70815,0
165,2025-09-24,23:39:56,0x15D29C42981E2319E01079C81b56603C5f334444,BENJI,Benji,bsc,0.32225270,3.2185,1.03717962,0.71492692,233.98574903,234.70067596,5.2822,20,20
166,2025-09-24,23:53:57,0xDB567DD20F0eD3c33aBdEAaef72b80a1DdD04444,FOBXX,Franklin OnChain,bsc,0.32225270,0.6000,0.19335162,-0.12890108,234.70067596,234.57177488,1.6049,68045,0
167,2025-09-26,06:02:54,0x7d03759E5B41E36899833cb2E008455d69A24444,PRICELESS,priceless,bsc,0.32225270,2.8725,0.92568157,0.60342888,234.57177488,235.17520376,4.4584,125,120
168,2025-09-26,20:38:59,0x8b5f48eb9a81d52dc29c89f81daf7e2997334444,VERI,MIRA Mascot,bsc,0.32225270,0.6000,0.19335162,-0.12890108,235.17520376,235.04630268,1.9692,65360,155
169,2025-09-26,23:12:39,0x7839Fbfd09DaE4d0F15BfB36b8f16f7898FBE684,MIRA,Mira,bsc,0.32225270,0.6000,0.19335162,-0.12890108,235.04630268,234.91740160,1.0971,65205,0
170,2025-09-27,01:00:32,0x3206f7b054eb91be9766acd34aafd6efe7114444,ASÔªøS,asÔªøs,bsc,0.32225270,0.6000,0.19335162,-0.12890108,234.91740160,234.78850052,1.1864,65095,5
171,2025-09-27,05:18:46,0x4BABA6318cbDd731DA9adA934B29Ca530D804444,ASTEROID,ASTEROID,bsc,0.32225270,4.3396,1.39845005,1.07619735,234.78850052,235.86469787,7.9514,1180,1180
172,2025-09-29,16:37:17,0x7ca2865cf319269ea5fe19dc1de16ca43e624444,BUILDERS,Builders,bsc,4.71729396,2.5278,11.92450218,7.20720823,235.86469787,243.07190610,3.6377,5720,5720
173,2025-09-29,18:40:14,E3oEF6TZb5DssCqwyXRt31AUEnGqvcHeVcyGvLiqpump,ROY,ROY,solana,4.71729396,2.7838,13.13215143,8.41485748,243.07190610,251.48676358,4.2472,10,10
174,2025-09-30,06:47:04,623fhWRdnYVxQKe1RcZvVHxTDeAftRGBApUtzrRKpump,CNUT,Carson The Squirrel,solana,4.71729396,0.6000,2.83037637,-1.88691758,251.48676358,249.59984599,1.4574,60430,0
175,2025-10-01,05:54:35,6HFnmGqFqLN3c54ZwgQ43FmE5PpPVD1vR1K5Fhg7pump,Grokipedia,Grokipedia,solana,4.71729396,0.6000,2.83037637,-1.88691758,249.59984599,247.71292841,1.6342,59045,785
176,2025-10-01,19:30:48,0x0A43fC31a73013089DF59194872Ecae4cAe14444,4,4,bsc,4.71729396,3.0607,14.43824963,9.72095568,247.71292841,257.43388409,4.9064,385,385
177,2025-10-03,23:24:09,0x53027683088081f30bc84f983a0007e4db7d4444,Âõõ,Âõõ,bsc,4.71729396,0.6000,2.83037637,-1.88691758,257.43388409,255.54696650,1.1386,55115,0
178,2025-10-04,03:44:25,0x6B4917a11BCb3BDCb545D79F211e81aa5835a3Ba,BSC,BNB SUPER CYCLE,bsc,4.71729396,6.1064,28.80588413,24.08859017,255.54696650,279.63555668,12.1582,5775,5775
179,2025-10-04,09:59:57,0x071b016976c01eb02996cd5edb6d903e52294444,100¬•,just buy 100¬• worth,bsc,4.71729396,3.0723,14.49277103,9.77547707,279.63555668,289.41103375,4.9340,0,0
180,2025-10-05,01:37:01,0x8cde5c1d2489743e83223f6aad48def582664444,SAFUGPT,SAFUGPT,bsc,5.78822067,0.6000,3.47293240,-2.31528827,289.41103375,287.09574548,1.2777,53540,10
181,2025-10-05,07:12:23,0x78998d790D6236cC05929101DE65a361af309f5b,üíõCZ,üíõ CZ,bsc,5.78822067,0.6000,3.47293240,-2.31528827,287.09574548,284.78045721,1.5967,53265,0
182,2025-10-05,15:23:09,0x9515027b94db16ea2a752f15cd856c453ba34444,BOSS,BOSS,bsc,5.78822067,0.8800,5.09363419,-0.69458648,284.78045721,284.08587073,2.4249,52775,215
183,2025-10-06,22:38:05,0x0c5429E9dd1362bfb55c31c01B7f0f38f5f64444,BINA,Binance yellow robot,bsc,5.78822067,2.4187,14.00006140,8.21184072,284.08587073,292.29771145,3.3779,355,335
184,2025-10-07,05:48:25,0x52f1d5d18022Db8d9Abd4EaA143163542C6b4444,1234,1234,bsc,5.78822067,0.6000,3.47293240,-2.31528827,292.29771145,289.98242318,1.5885,50470,0
185,2025-10-07,10:31:32,0x4f0a3bb884ac105d5e9f5ece437b05fc9a374444,SENDIT,Send It,bsc,5.78822067,2.3895,13.83067359,8.04245292,289.98242318,298.02487610,3.3082,685,685
186,2025-10-07,18:23:28,0x7e4DAB87cBD6307E8833Cc5C540ee151C6db4F42,BELG,Belgian Malinois,bsc,5.78822067,0.6000,3.47293240,-2.31528827,298.02487610,295.70958783,1.9349,49715,310
187,2025-10-07,22:13:25,0x77D689c28B9a1661AA75451dCee6D3D3C0264444,HODL,HODL,bsc,5.78822067,0.8800,5.09363419,-0.69458648,295.70958783,295.01500135,2.5131,49485,825
188,2025-10-07,23:11:31,0xa1658064de3ec6bc7ef0934f505676b4fdb44444,WISHDOG,WISHDOG,bsc,5.78822067,0.6000,3.47293240,-2.31528827,295.01500135,292.69971308,1.7996,49425,1365
189,2025-10-08,18:20:42,9NyLK6MHjbaKd1bY3EnFPJQDmkDLvC2WajUCErp9pump,OBEX,OBEX,solana,5.78822067,0.6000,3.47293240,-2.31528827,292.69971308,290.38442481,1.8782,48275,14075
190,2025-10-08,23:49:00,0xb2a9b398ce0ed322abd95e8f0a9748beba5e4444,5,5,bsc,5.78822067,2.4198,14.00633939,8.21811872,290.38442481,298.60254353,3.3805,5,5
191,2025-10-09,00:07:39,0x7819289962b021326574a9342f1cabb0150f4444,Êï∞Â≠óÈªÑÈáë,Êï∞Â≠óÈªÑÈáë,bsc,5.78822067,0.8800,5.09363419,-0.69458648,298.60254353,297.90795705,2.8834,47930,140
192,2025-10-10,01:07:59,0x44444085f53eD1e21d016fFF8341827944AfC5b5,ÂåøÂêçÁöÑ,ÂåøÂêçÁöÑ,bsc,5.78822067,0.8800,5.09363419,-0.69458648,297.90795705,297.21337057,2.3164,46430,0
193,2025-10-10,03:15:43,0x4977665504ee79d6d270890985b1371b265e4444,Â∏ÅÂÆâËÄÅÂ©Ü,Â∏ÅÂÆâËÄÅÂ©Ü,bsc,5.78822067,0.6000,3.47293240,-2.31528827,297.21337057,294.89808230,1.0272,46300,10
194,2025-10-10,09:38:54,0x44443dd87EC4d1bEa3425AcC118Adb023f07F91b,‰øÆ‰ªô,‰øÆ‰ªô,bsc,5.78822067,0.8800,5.09363419,-0.69458648,294.89808230,294.20349581,2.0979,45920,15
195,2025-10-10,23:24:41,0x4444f20947325dc5d37643BCAaA537C85CfCb524,BOA,BULL FROG,bsc,5.78822067,0.6000,3.47293240,-2.31528827,294.20349581,291.88820754,1.5073,45095,5
196,2025-10-12,07:08:06,0x45E57907058c707a068100De358BA4535b18E2F3,MEFAI,META FINANCIAL AI,bsc,5.83776415,0.6000,3.50265849,-2.33510566,291.88820754,289.55310188,1.8655,43190,350
197,2025-10-12,14:50:59,0xb616C0d64DcE1C1e9Cf4724Fca70DB3C5B7D4444,Â§öÁ¶è,Â∏¶ÁùÄÂ∏ΩÂ≠êÁöÑÁãó,bsc,5.83776415,0.6000,3.50265849,-2.33510566,289.55310188,287.21799622,1.1285,42725,75
198,2025-10-12,23:36:52,0x3c7Dc3f4A8445d74D71Bb608D5D9Eeaf8E9D4444,PND,ÁÜäÁå´Â∏Å,bsc,5.83776415,0.6000,3.50265849,-2.33510566,287.21799622,284.88289056,1.5228,42200,30
199,2025-10-12,23:37:31,0x9C27c4072738CF4b7B0B7071af0ad5666BdDC096,NIANNIAN,NianNian,bsc,5.83776415,0.6000,3.50265849,-2.33510566,284.88289056,282.54778490,1.7611,42200,0
200,2025-10-13,09:45:49,0xE5736fc2cB7B48Ecb213852B35B8ddae20754444,È∫ªÁ≥¨Ë≤ì,Ê°ÉÂ≠êÂíåÊààÈ©¨,bsc,5.83776415,0.6000,3.50265849,-2.33510566,282.54778490,280.21267924,1.4932,41590,35
201,2025-10-13,22:59:16,0xa890F8BA60051ec8a5B528F056DA362Ba208a96F,GAIN,Griffin AI,bsc,5.83776415,0.6000,3.50265849,-2.33510566,280.21267924,277.87757358,1.3961,40800,5
202,2025-10-14,08:28:52,0x9462bB84993C606a9D70758d655F30F96d304444,ÁÑ°ÁÇ∫,Wu Wei,bsc,5.83776415,0.8800,5.13723245,-0.70053170,277.87757358,277.17704188,2.3831,40230,160
203,2025-10-14,09:32:55,0xd4f46c60D95e9d37507CE94db9a7703E72a24444,Âí∏È±º,Âí∏È±º,bsc,5.83776415,0.6000,3.50265849,-2.33510566,277.17704188,274.84193622,1.5294,40165,5
204,2025-10-15,04:39:22,C64cB3Ji5RgyeLz3YQmbYTzWRQ2w8X3jxW1B9V7MpxjC,Âî¢Âëê,Âî¢Âëê,solana,5.83776415,0.6000,3.50265849,-2.33510566,274.84193622,272.50683056,1.1039,39020,0
205,2025-10-15,04:53:59,0xcA8A47A05E974EB5E00D2e38E868178e1AE24444,WORTHLESS,WORTHLESS COIN,bsc,5.83776415,0.6000,3.50265849,-2.33510566,272.50683056,270.17172490,1.3105,39005,0
206,2025-10-15,11:15:18,0x0F0df6cB17ee5E883eddFEf9153fC6036BDB4e37,BAS,BNB Attestation,bsc,5.83776415,0.6000,3.50265849,-2.33510566,270.17172490,267.83661924,1.6401,38620,5560
207,2025-10-16,06:51:36,6YSkUcPs6jSoTmPFkbYkhz46GviokE5ZCVKQKifdpump,300T,300 Trillion Coin,solana,5.83776415,0.8800,5.13723245,-0.70053170,267.83661924,267.13608754,2.0675,37445,0
208,2025-10-16,06:56:03,0x3dde9c5acc5e314efaec02baea3c01a16baa867e,BINANCECAT,BinanceUSissuperawesomeandhaszerotradingfeesregisternow,bsc,5.83776415,0.6000,3.50265849,-2.33510566,267.13608754,264.80098188,1.2642,37440,10
209,2025-10-16,07:09:05,0xaf8141AA44A1EDD6E31911835a1745ee75e84444,KJGDFJ,lijdsfghjdgfsnk,bsc,5.83776415,0.6000,3.50265849,-2.33510566,264.80098188,262.46587622,1.2098,37430,0
210,2025-10-18,01:25:39,0x524b4CD1B5fa1063984F54Aee1415c59989A4444,Â∏ÅÂÆâ,Safe Coin Â∏ÅÂÆâ,bsc,5.83776415,0.6000,3.50265849,-2.33510566,262.46587622,260.13077056,1.3742,34890,15
211,2025-10-18,18:59:44,0xd6C9383d1030c3ca802632E139880d6f99604444,È´òÊâã,È´òÊâã,bsc,5.83776415,2.6399,15.41091019,9.57314604,260.13077056,269.70391660,3.9044,480,480
212,2025-10-18,22:21:23,0xc160598f2f5b216b48fa36007b4538114a234444,SAFE,SAFE,bsc,5.83776415,0.8800,5.13723245,-0.70053170,269.70391660,269.00338490,2.0965,33635,60
213,2025-10-20,00:12:33,0x4444e5a8Eb98c7f772D0c9BdE23a3a5f23aEFB83,50501,50501 movement,bsc,5.38006770,0.6000,3.22804062,-2.15202708,269.00338490,266.85135782,1.2126,32085,0
214,2025-10-21,09:21:19,7qmWe2vUhhV1PJyN5aYUK3D5gBPkyFiwc4x5FrDcnTHZ,UPONLY,UPONLY,solana,5.38006770,0.7906,4.25364387,-1.12642383,266.85135782,265.72493399,1.1451,30095,15
215,2025-10-22,02:44:31,AGJTeQiU81S6N5yAx3hbCWF69GB4TfhN3564sS8Ppump,COBIE,Cobie,solana,5.38006770,2.2743,12.23579391,6.85572621,265.72493399,272.58066020,3.0340,260,240
216,2025-10-22,03:57:17,63bpnCja1pGB2HSazkS8FAPAUkYgcXoDwYHfvZZveBot,BOT,MasterBOT,solana,5.38006770,0.8800,4.73445957,-0.64560812,272.58066020,271.93505208,2.2179,28980,8460
217,2025-10-22,05:50:53,0x4444d14d522386647c29fd9cd9723f7339ac0f3c,TORA,Tensora,bsc,5.38006770,2.4057,12.94291440,7.56284670,271.93505208,279.49789878,3.3469,1625,1565
218,2025-10-22,17:30:57,0xf4bf4a6c074c3bda5b991cf271b68e046bdf4444,SHARKS,Money Sharks,bsc,5.38006770,0.6000,3.22804062,-2.15202708,279.49789878,277.34587170,1.5911,28165,95
219,2025-10-22,21:28:54,0xAbebED1684a789b3cf178Db810f3CBb30cC14444,SORA,Sora Oracle,bsc,5.38006770,3.2634,17.55716559,12.17709790,277.34587170,289.52296960,5.3890,8970,8970
220,2025-10-22,23:21:59,0x4444c37e9e91f95d89c8f462eebee8fa510ecb86,Êó©‰∏äÂ•Ω,Êó©‰∏äÂ•Ω,bsc,5.38006770,0.6000,3.22804062,-2.15202708,289.52296960,287.37094252,1.0280,27815,0
221,2025-10-23,03:34:47,0xf2f831382d1246464a566287fabaead04e854444,DEF,Default Token,bsc,5.38006770,3.8180,20.54127874,15.16121105,287.37094252,302.53215357,6.7096,160,160
222,2025-10-24,02:11:28,0xB05d9DB7f3Dd2827BA1789007A347F17a0fE4444,PARDON,Pardon CZ,bsc,5.38006770,2.6783,14.40957295,9.02950525,302.53215357,311.56165882,3.9960,35,35
223,2025-10-24,04:14:29,0x948d7a6f18511df422184360d1cd5d56f5be4444,TRUTH,Truth Farm,bsc,5.38006770,0.6000,3.22804062,-2.15202708,311.56165882,309.40963174,1.2374,26085,20
224,2025-10-24,13:27:39,7fuvJKyenbx72U32qWG4sJ53vo7PyfbhK2jk22nRpump,jiggle,jiggle butt,solana,5.38006770,0.8800,4.73445957,-0.64560812,309.40963174,308.76402361,2.1793,25530,80
225,2025-10-24,22:15:00,0x9be61A38725b265BC3eb7Bfdf17AfDFc9d26C130,AT,Apro,bsc,5.38006770,0.7815,4.20461163,-1.17545607,308.76402361,307.58856754,1.4141,25005,50
226,2025-10-27,06:35:04,3wPQhXYqy861Nhoc4bahtpf7G3e89XCLfZ67ptEfZUSA,VALOR,VALOR,solana,6.15177135,0.7873,4.84311520,-1.30865615,307.58856754,306.27991139,1.7456,21620,6800
227,2025-10-27,20:04:46,BBKPiLM9KjdJW7oQSKt99RVWcZdhF6sEHRKnwqeBGHST,GHOST,GhostwareOS,solana,6.15177135,0.9083,5.58771612,-0.56405523,306.27991139,305.71585616,2.5001,20815,8635
228,2025-10-28,00:39:12,0x085e90d9d5c9e3540ee91f7e28c48fc8cb314444,KORICO,Korico,bsc,6.15177135,0.6000,3.69106281,-2.46070854,305.71585616,303.25514762,1.3159,20540,0
229,2025-10-28,08:17:46,3oyK5vTvzAMUEicnGQBbTmNZ3veKftxCC17BLorxpump,POLYDEX,Polydex Perpetuals,solana,6.15177135,0.6000,3.69106281,-2.46070854,303.25514762,300.79443908,1.6670,20080,5
230,2025-10-28,08:20:01,CgwW9y8aLVJKGSLbjRr23mY1iGSDpwgbQetLAph15fRk,UP,UPCoin,solana,6.15177135,0.6000,3.69106281,-2.46070854,300.79443908,298.33373054,1.3796,20075,0
231,2025-10-30,19:57:07,EnbYiKqWdzKfuN12QZ33tYm9ysy4Bjhpf7XU2RY3pump,KITKAT,Justice For KitKat,solana,6.15177135,0.6000,3.69106281,-2.46070854,298.33373054,295.87302200,1.1242,16500,45
232,2025-10-31,03:43:50,Cz5oaw1XxGsPVPsEMu3SZEJ9A6vpcrVqaBAwP3ePpump,WILCO,Wilco,solana,6.15177135,0.6000,3.69106281,-2.46070854,295.87302200,293.41231345,1.4136,16035,5